cell,family,scen,delta,M,R,method,own_target,T2,T3,T_DL,mean_est,mcse_est,emp_var,emp_sd,mean_width,rej0,rej0_mcse,rejT3,rejT3_mcse,cov_T2,cov_T2_mcse,cov_T3,cov_T3_mcse,cov_T_DL,cov_T_DL_mcse,own_cov,own_cov_mcse,own_class,own_dist_to_boundary
core_S1_d1_M3,core,1,0.0,3,100000,C1,T_DL,0.0,0.0,0.0,-0.0004820787133922292,0.0008477831649387684,0.07187362947535954,0.2680925763152712,1.119499322678443,0.04842,0.0006787893900172572,0.04842,0.0006787893900172572,0.95158,0.0006787893900172573,0.95158,0.0006787893900172573,0.95158,0.0006787893900172573,0.95158,0.0006787893900172573,WITHIN,0.02842
core_S1_d1_M3,core,1,0.0,3,100000,C2,T_DL,0.0,0.0,0.0,-0.0004820787133922292,0.0008477831649387684,0.07187362947535954,0.2680925763152712,1.954070948158393,0.05312,0.0007092127015219059,0.05312,0.0007092127015219059,0.94688,0.0007092127015219055,0.94688,0.0007092127015219055,0.94688,0.0007092127015219055,0.94688,0.0007092127015219055,WITHIN,0.026880000000000126
core_S1_d1_M3,core,1,0.0,3,100000,C3,T3,0.0,0.0,0.0,-0.0005598711175751489,0.000900443994587625,0.0810799387388919,0.2847453928317224,2.12835849328685,0.04333,0.0006438362454848283,0.04333,0.0006438362454848283,0.95667,0.0006438362454848281,0.95667,0.0006438362454848281,0.95667,0.0006438362454848281,0.95667,0.0006438362454848281,WITHIN,0.023329999999999962
core_S1_d1_M5,core,1,0.0,5,100000,C1,T_DL,0.0,0.0,0.0,0.001008428626225909,0.0006383130129505721,0.04074435025020373,0.20185229810483638,0.8278115526422074,0.0486,0.0006799855880825711,0.0486,0.0006799855880825711,0.9514,0.000679985588082571,0.9514,0.000679985588082571,0.9514,0.000679985588082571,0.9514,0.000679985588082571,WITHIN,0.02859999999999996
core_S1_d1_M5,core,1,0.0,5,100000,C2,T_DL,0.0,0.0,0.0,0.001008428626225909,0.0006383130129505721,0.04074435025020373,0.20185229810483638,1.0171399839766528,0.05506,0.0007213071218281433,0.05506,0.0007213071218281433,0.94494,0.0007213071218281433,0.94494,0.0007213071218281433,0.94494,0.0007213071218281433,0.94494,0.0007213071218281433,WITHIN,0.024940000000000073
core_S1_d1_M5,core,1,0.0,5,100000,C3,T3,0.0,0.0,0.0,0.0009919042343437669,0.0006943828336969507,0.04821675197330071,0.21958313226042822,1.1334896143429503,0.04326,0.0006433395091240705,0.04326,0.0006433395091240705,0.95674,0.0006433395091240703,0.95674,0.0006433395091240703,0.95674,0.0006433395091240703,0.95674,0.0006433395091240703,WITHIN,0.023259999999999947
core_S1_d1_M10,core,1,0.0,10,100000,C1,T_DL,0.0,0.0,0.0,-0.00019360459526556538,0.0004425549230293768,0.01958548598975376,0.1399481546493335,0.560700665519986,0.05011,0.000689920197559109,0.05011,0.000689920197559109,0.94989,0.0006899201975591088,0.94989,0.0006899201975591088,0.94989,0.0006899201975591088,0.94989,0.0006899201975591088,WITHIN,0.029890000000000083
core_S1_d1_M10,core,1,0.0,10,100000,C2,T_DL,0.0,0.0,0.0,-0.00019360459526556538,0.0004425549230293768,0.01958548598975376,0.1399481546493335,0.5981223498765214,0.05573,0.0007254251656787211,0.05573,0.0007254251656787211,0.94427,0.0007254251656787208,0.94427,0.0007254251656787208,0.94427,0.0007254251656787208,0.94427,0.0007254251656787208,WITHIN,0.024270000000000125
core_S1_d1_M10,core,1,0.0,10,100000,C3,T3,0.0,0.0,0.0,0.0001795873553372288,0.0004931879845073518,0.02432343880624239,0.15595973456710674,0.6798625570344742,0.04743,0.000672163634095151,0.04743,0.000672163634095151,0.95257,0.0006721636340951508,0.95257,0.0006721636340951508,0.95257,0.0006721636340951508,0.95257,0.0006721636340951508,WITHIN,0.027429999999999954
core_S1_d1_M30,core,1,0.0,30,100000,C1,T_DL,0.0,0.0,0.0,-0.0002244822810191114,0.0002504355769319978,0.0062717978193262604,0.07919468302434363,0.310829801152616,0.05253,0.0007054828070194199,0.05253,0.0007054828070194199,0.94747,0.0007054828070194196,0.94747,0.0007054828070194196,0.94747,0.0007054828070194196,0.94747,0.0007054828070194196,WITHIN,0.027470000000000105
core_S1_d1_M30,core,1,0.0,30,100000,C2,T_DL,0.0,0.0,0.0,-0.0002244822810191114,0.0002504355769319978,0.0062717978193262604,0.07919468302434363,0.31462295098067816,0.0555,0.0007240148479140466,0.0555,0.0007240148479140466,0.9445,0.0007240148479140465,0.9445,0.0007240148479140465,0.9445,0.0007240148479140465,0.9445,0.0007240148479140465,WITHIN,0.024500000000000077
core_S1_d1_M30,core,1,0.0,30,100000,C3,T3,0.0,0.0,0.0,-9.374805229109921e-05,0.0002845486870685508,0.008096795531243605,0.08998219563471212,0.3636285115174366,0.04972,0.0006873712359416852,0.04972,0.0006873712359416852,0.95028,0.0006873712359416852,0.95028,0.0006873712359416852,0.95028,0.0006873712359416852,0.95028,0.0006873712359416852,WITHIN,0.02971999999999997
core_S1_d1_M100,core,1,0.0,100,100000,C1,T_DL,0.0,0.0,0.0,0.0001611920100254048,0.00013662487380983277,0.0018666356143552728,0.04320457862721581,0.16696874528447447,0.05391,0.0007141688308796457,0.05391,0.0007141688308796457,0.94609,0.0007141688308796458,0.94609,0.0007141688308796458,0.94609,0.0007141688308796458,0.94609,0.0007141688308796458,WITHIN,0.026090000000000058
core_S1_d1_M100,core,1,0.0,100,100000,C2,T_DL,0.0,0.0,0.0,0.0001611920100254048,0.00013662487380983277,0.0018666356143552728,0.04320457862721581,0.16768030872004303,0.05378,0.000713356233588801,0.05378,0.000713356233588801,0.94622,0.0007133562335888012,0.94622,0.0007133562335888012,0.94622,0.0007133562335888012,0.94622,0.0007133562335888012,WITHIN,0.02622000000000002
core_S1_d1_M100,core,1,0.0,100,100000,C3,T3,0.0,0.0,0.0,0.00016525895576602182,0.00015628875828940653,0.0024426175967644545,0.049422844887404595,0.19492623568027223,0.04883,0.0006815103161361536,0.04883,0.0006815103161361536,0.95117,0.0006815103161361538,0.95117,0.0006815103161361538,0.95117,0.0006815103161361538,0.95117,0.0006815103161361538,WITHIN,0.028830000000000022
core_S1_d1_M300,core,1,0.0,300,100000,C1,T_DL,0.0,0.0,0.0,2.6069375215620826e-06,7.82989422554851e-05,0.0006130724358327793,0.02476029959093345,0.09591179031175927,0.0539,0.0007141063646264469,0.0539,0.0007141063646264469,0.9461,0.0007141063646264466,0.9461,0.0007141063646264466,0.9461,0.0007141063646264466,0.9461,0.0007141063646264466,WITHIN,0.026100000000000123
core_S1_d1_M300,core,1,0.0,300,100000,C2,T_DL,0.0,0.0,0.0,2.6069375215620826e-06,7.82989422554851e-05,0.0006130724358327793,0.02476029959093345,0.0961645936790245,0.05333,0.0007105343841081866,0.05333,0.0007105343841081866,0.94667,0.0007105343841081865,0.94667,0.0007105343841081865,0.94667,0.0007105343841081865,0.94667,0.0007105343841081865,WITHIN,0.026670000000000083
core_S1_d1_M300,core,1,0.0,300,100000,C3,T3,0.0,0.0,0.0,5.275365411397572e-06,8.991227701016779e-05,0.0008084217557153148,0.02843275849641246,0.11188818614563571,0.04913,0.0006834928170800334,0.04913,0.0006834928170800334,0.95087,0.0006834928170800335,0.95087,0.0006834928170800335,0.95087,0.0006834928170800335,0.95087,0.0006834928170800335,WITHIN,0.02912999999999999
core_S1_d2_M3,core,1,0.5,3,100000,C1,T_DL,0.5,0.5,0.5,0.5008224588403097,0.0008439515030738297,0.07122541395405763,0.2668808984435897,1.1204509492497048,0.47168,0.0015786005751931044,0.04785,0.0006749842775946711,0.95215,0.0006749842775946707,0.95215,0.0006749842775946707,0.95215,0.0006749842775946707,0.95215,0.0006749842775946707,WITHIN,0.02784999999999993
core_S1_d2_M3,core,1,0.5,3,100000,C2,T_DL,0.5,0.5,0.5,0.5008224588403097,0.0008439515030738297,0.07122541395405763,0.2668808984435897,1.9594241290404049,0.24675,0.001363321082870796,0.05218,0.0007032584702653783,0.94782,0.0007032584702653783,0.94782,0.0007032584702653783,0.94782,0.0007032584702653783,0.94782,0.0007032584702653783,WITHIN,0.027820000000000067
core_S1_d2_M3,core,1,0.5,3,100000,C3,T3,0.5,0.5,0.5,0.500782552507311,0.0008974814061433659,0.08054728743730732,0.283808540106367,2.1336672115475346,0.20335,0.0012727874036931699,0.04246,0.0006376295821242926,0.95754,0.000637629582124293,0.95754,0.000637629582124293,0.95754,0.000637629582124293,0.95754,0.000637629582124293,WITHIN,0.022460000000000035
core_S1_d2_M5,core,1,0.5,5,100000,C1,T_DL,0.5,0.5,0.5,0.5000295425141583,0.0006401335760490172,0.04097709951853029,0.20242801070635036,0.8286132184198169,0.6753,0.001480776519262782,0.04764,0.0006735757596588524,0.95236,0.0006735757596588525,0.95236,0.0006735757596588525,0.95236,0.0006735757596588525,0.95236,0.0006735757596588525,WITHIN,0.027639999999999998
core_S1_d2_M5,core,1,0.5,5,100000,C2,T_DL,0.5,0.5,0.5,0.5000295425141583,0.0006401335760490172,0.04097709951853029,0.20242801070635036,1.0180040657900793,0.52972,0.0015783431870160557,0.05302,0.0007085822436386619,0.94698,0.0007085822436386616,0.94698,0.0007085822436386616,0.94698,0.0007085822436386616,0.94698,0.0007085822436386616,WITHIN,0.026980000000000115
core_S1_d2_M5,core,1,0.5,5,100000,C3,T3,0.5,0.5,0.5,0.5000876850183688,0.0006988095081541238,0.048833472868660854,0.22098296963490388,1.1335417353045905,0.45122,0.0015735962366503042,0.04278,0.0006399208669827856,0.95722,0.0006399208669827859,0.95722,0.0006399208669827859,0.95722,0.0006399208669827859,0.95722,0.0006399208669827859,WITHIN,0.022780000000000022
core_S1_d2_M10,core,1,0.5,10,100000,C1,T_DL,0.5,0.5,0.5,0.4989053550049068,0.00044046932303188946,0.0194013224532171,0.13928863002132336,0.5603139331148546,0.92059,0.000855009075390431,0.04938,0.0006851395157192439,0.95062,0.0006851395157192438,0.95062,0.0006851395157192438,0.95062,0.0006851395157192438,0.95062,0.0006851395157192438,WITHIN,0.02937999999999996
core_S1_d2_M10,core,1,0.5,10,100000,C2,T_DL,0.5,0.5,0.5,0.4989053550049068,0.00044046932303188946,0.0194013224532171,0.13928863002132336,0.5975343862114373,0.88351,0.0010144953420297205,0.05512,0.0007216771133962889,0.94488,0.0007216771133962886,0.94488,0.0007216771133962886,0.94488,0.0007216771133962886,0.94488,0.0007216771133962886,WITHIN,0.024880000000000124
core_S1_d2_M10,core,1,0.5,10,100000,C3,T3,0.5,0.5,0.5,0.4988560236695936,0.0004914990645886881,0.024157133049155538,0.15542565119424637,0.6795359412791572,0.81332,0.0012321955104609007,0.04566,0.0006601148718215641,0.95434,0.0006601148718215643,0.95434,0.0006601148718215643,0.95434,0.0006601148718215643,0.95434,0.0006601148718215643,WITHIN,0.025660000000000016
core_S1_d2_M30,core,1,0.5,30,100000,C1,T_DL,0.5,0.5,0.5,0.4999219137598685,0.0002499337000704844,0.006246685443092287,0.0790359756256117,0.3107993401678928,0.99988,3.463893762805219e-05,0.05201,0.0007021749062733586,0.94799,0.0007021749062733586,0.94799,0.0007021749062733586,0.94799,0.0007021749062733586,0.94799,0.0007021749062733586,WITHIN,0.02799000000000007
core_S1_d2_M30,core,1,0.5,30,100000,C2,T_DL,0.5,0.5,0.5,0.4999219137598685,0.0002499337000704844,0.006246685443092287,0.0790359756256117,0.31454340106126655,0.99987,3.605316907013356e-05,0.05504,0.0007211837380307462,0.94496,0.0007211837380307461,0.94496,0.0007211837380307461,0.94496,0.0007211837380307461,0.94496,0.0007211837380307461,WITHIN,0.024960000000000093
core_S1_d2_M30,core,1,0.5,30,100000,C3,T3,0.5,0.5,0.5,0.4998502541832735,0.00028341994529891914,0.008032686539324235,0.08962525614649162,0.36347610635191413,0.99921,8.884682886856219e-05,0.04901,0.000682700665738653,0.95099,0.000682700665738653,0.95099,0.000682700665738653,0.95099,0.000682700665738653,0.95099,0.000682700665738653,WITHIN,0.02900999999999998
core_S1_d2_M100,core,1,0.5,100,100000,C1,T_DL,0.5,0.5,0.5,0.5000509883451558,0.00013661525966718845,0.001866372917393333,0.04320153836836523,0.1669772666240049,1.0,3.162277660168379e-153,0.05514,0.0007218003906898361,0.94486,0.0007218003906898358,0.94486,0.0007218003906898358,0.94486,0.0007218003906898358,0.94486,0.0007218003906898358,WITHIN,0.024860000000000104
core_S1_d2_M100,core,1,0.5,100,100000,C2,T_DL,0.5,0.5,0.5,0.5000509883451558,0.00013661525966718845,0.001866372917393333,0.04320153836836523,0.16772497134106867,1.0,3.162277660168379e-153,0.05479,0.000719639186676212,0.94521,0.0007196391866762121,0.94521,0.0007196391866762121,0.94521,0.0007196391866762121,0.94521,0.0007196391866762121,WITHIN,0.025210000000000066
core_S1_d2_M100,core,1,0.5,100,100000,C3,T3,0.5,0.5,0.5,0.5000229697991758,0.0001561510354785661,0.002438314588102841,0.04937929311060296,0.19500450846389433,1.0,3.162277660168379e-153,0.04956,0.0006863221284498992,0.95044,0.0006863221284498995,0.95044,0.0006863221284498995,0.95044,0.0006863221284498995,0.95044,0.0006863221284498995,WITHIN,0.02956000000000003
core_S1_d2_M300,core,1,0.5,300,100000,C1,T_DL,0.5,0.5,0.5,0.5000063931965356,7.82713940335382e-05,0.0006126411123953401,0.024751588078249447,0.09591831663032872,1.0,3.162277660168379e-153,0.05336,0.0007107229446134407,0.94664,0.0007107229446134405,0.94664,0.0007107229446134405,0.94664,0.0007107229446134405,0.94664,0.0007107229446134405,WITHIN,0.026640000000000108
core_S1_d2_M300,core,1,0.5,300,100000,C2,T_DL,0.5,0.5,0.5,0.5000063931965356,7.82713940335382e-05,0.0006126411123953401,0.024751588078249447,0.0961712255698944,1.0,3.162277660168379e-153,0.05294,0.0007080773714785695,0.94706,0.0007080773714785694,0.94706,0.0007080773714785694,0.94706,0.0007080773714785694,0.94706,0.0007080773714785694,WITHIN,0.027060000000000084
core_S1_d2_M300,core,1,0.5,300,100000,C3,T3,0.5,0.5,0.5,0.500029233654212,8.99110759257762e-05,0.0008084001574130695,0.02843237868017851,0.11191090054055693,1.0,3.162277660168379e-153,0.04951,0.0006859938767948298,0.95049,0.00068599387679483,0.95049,0.00068599387679483,0.95049,0.00068599387679483,0.95049,0.00068599387679483,WITHIN,0.029510000000000036
core_S2_d1_M3,core,2,0.0,3,100000,C1,T_DL,0.0,0.0,0.0,0.0009404490455414528,0.0012792032867710587,0.163636104888588,0.40451959765700846,1.4699942677972377,0.13229,0.0010713979461432618,0.13229,0.0010713979461432618,0.86771,0.001071397946143262,0.86771,0.001071397946143262,0.86771,0.001071397946143262,0.86771,0.001071397946143262,OUTSIDE_BELOW,0.05228999999999995
core_S2_d1_M3,core,2,0.0,3,100000,C2,T_DL,0.0,0.0,0.0,0.0009404490455414528,0.0012792032867710587,0.163636104888588,0.40451959765700846,2.9343873190971266,0.06212,0.0007632896278608796,0.06212,0.0007632896278608796,0.93788,0.0007632896278608793,0.93788,0.0007632896278608793,0.93788,0.0007632896278608793,0.93788,0.0007632896278608793,WITHIN,0.017880000000000118
core_S2_d1_M3,core,2,0.0,3,100000,C3,T3,0.0,0.0,0.0,0.0003761567005179272,0.0012861760266798191,0.16542487716058868,0.40672457162137216,3.0701838105774146,0.04815,0.0006769902325735579,0.04815,0.0006769902325735579,0.95185,0.0006769902325735581,0.95185,0.0006769902325735581,0.95185,0.0006769902325735581,0.95185,0.0006769902325735581,WITHIN,0.02815000000000001
core_S2_d1_M5,core,2,0.0,5,159755,C1,T_DL,0.0,0.0,0.0,0.0008972528716238567,0.0007792636065184202,0.09701150626778644,0.31146670169985496,1.1464730087638695,0.11164595787299302,0.0007879294146305743,0.11164595787299302,0.0007879294146305743,0.888354042127007,0.0007879294146305743,0.888354042127007,0.0007879294146305743,0.888354042127007,0.0007879294146305743,0.888354042127007,0.0007879294146305743,OUTSIDE_BELOW,0.03164595787299296
core_S2_d1_M5,core,2,0.0,5,159755,C2,T_DL,0.0,0.0,0.0,0.0008972528716238567,0.0007792636065184202,0.09701150626778644,0.31146670169985496,1.5616018474629976,0.06506838596601046,0.0006170888650921094,0.06506838596601046,0.0006170888650921094,0.9349316140339895,0.0006170888650921096,0.9349316140339895,0.0006170888650921096,0.9349316140339895,0.0006170888650921096,0.9349316140339895,0.0006170888650921096,WITHIN,0.014931614033989571
core_S2_d1_M5,core,2,0.0,5,159755,C3,T3,0.0,0.0,0.0,0.0006118206777314636,0.0007860620655415515,0.09871158741648561,0.31418400248339445,1.6357133971380344,0.04878720540828143,0.0005389699882388282,0.04878720540828143,0.0005389699882388282,0.9512127945917186,0.000538969988238828,0.9512127945917186,0.000538969988238828,0.9512127945917186,0.000538969988238828,0.9512127945917186,0.000538969988238828,WITHIN,0.02878720540828139
core_S2_d1_M10,core,2,0.0,10,100000,C1,T_DL,0.0,0.0,0.0,0.00017804073308240665,0.0006929566161394534,0.048018887185144174,0.21913212266836685,0.821562133079613,0.08688,0.0008906843750734601,0.08688,0.0008906843750734601,0.91312,0.0008906843750734598,0.91312,0.0008906843750734598,0.91312,0.0008906843750734598,0.91312,0.0008906843750734598,OUTSIDE_BELOW,0.006879999999999886
core_S2_d1_M10,core,2,0.0,10,100000,C2,T_DL,0.0,0.0,0.0,0.00017804073308240665,0.0006929566161394534,0.048018887185144174,0.21913212266836685,0.93492070325214,0.05947,0.0007478858141454483,0.05947,0.0007478858141454483,0.94053,0.0007478858141454484,0.94053,0.0007478858141454484,0.94053,0.0007478858141454484,0.94053,0.0007478858141454484,WITHIN,0.020530000000000048
core_S2_d1_M10,core,2,0.0,10,100000,C3,T3,0.0,0.0,0.0,0.0003644553145957309,0.0007021111231340976,0.0492960029228624,0.2220270319642687,0.9750640039231862,0.04926,0.0006843497088477498,0.04926,0.0006843497088477498,0.95074,0.0006843497088477497,0.95074,0.0006843497088477497,0.95074,0.0006843497088477497,0.95074,0.0006843497088477497,WITHIN,0.029259999999999953
core_S2_d1_M30,core,2,0.0,30,100000,C1,T_DL,0.0,0.0,0.0,0.0006129700296742142,0.0003986926842269664,0.01589558564561036,0.1260776968603502,0.4846722513141809,0.06415,0.0007748211245184271,0.06415,0.0007748211245184271,0.93585,0.0007748211245184273,0.93585,0.0007748211245184273,0.93585,0.0007748211245184273,0.93585,0.0007748211245184273,WITHIN,0.01585000000000003
core_S2_d1_M30,core,2,0.0,30,100000,C2,T_DL,0.0,0.0,0.0,0.0006129700296742142,0.0003986926842269664,0.01589558564561036,0.1260776968603502,0.501510457480909,0.05573,0.0007254251656787211,0.05573,0.0007254251656787211,0.94427,0.0007254251656787208,0.94427,0.0007254251656787208,0.94427,0.0007254251656787208,0.94427,0.0007254251656787208,WITHIN,0.024270000000000125
core_S2_d1_M30,core,2,0.0,30,100000,C3,T3,0.0,0.0,0.0,0.0005672991997668508,0.00040614822401428596,0.01649563798699586,0.1284353455517439,0.519392449193544,0.05081,0.0006944662979583674,0.05081,0.0006944662979583674,0.94919,0.0006944662979583676,0.94919,0.0006944662979583676,0.94919,0.0006944662979583676,0.94919,0.0006944662979583676,WITHIN,0.02919000000000005
core_S2_d1_M100,core,2,0.0,100,100000,C1,T_DL,0.0,0.0,0.0,-0.00022774544122037933,0.0002168313968411097,0.004701585465606682,0.06856810822537458,0.26791679036778904,0.05306,0.0007088345110108564,0.05306,0.0007088345110108564,0.94694,0.0007088345110108564,0.94694,0.0007088345110108564,0.94694,0.0007088345110108564,0.94694,0.0007088345110108564,WITHIN,0.026940000000000075
core_S2_d1_M100,core,2,0.0,100,100000,C2,T_DL,0.0,0.0,0.0,-0.00022774544122037933,0.0002168313968411097,0.004701585465606682,0.06856810822537458,0.2692301696579758,0.0519,0.0007014726651837546,0.0519,0.0007014726651837546,0.9481,0.0007014726651837543,0.9481,0.0007014726651837543,0.9481,0.0007014726651837543,0.9481,0.0007014726651837543,WITHIN,0.028100000000000125
core_S2_d1_M100,core,2,0.0,100,100000,C3,T3,0.0,0.0,0.0,-0.00013878543192302666,0.00022154022173734837,0.004908006984743349,0.0700571694028766,0.27805675341957875,0.04881,0.0006813778973521228,0.04881,0.0006813778973521228,0.95119,0.0006813778973521229,0.95119,0.0006813778973521229,0.95119,0.0006813778973521229,0.95119,0.0006813778973521229,WITHIN,0.028810000000000002
core_S2_d1_M300,core,2,0.0,300,100000,C1,T_DL,0.0,0.0,0.0,1.4317806217655036e-05,0.0001254050740651082,0.0015726432601275275,0.03965656641878527,0.15493118307267198,0.05128,0.0006974981118254013,0.05128,0.0006974981118254013,0.94872,0.0006974981118254012,0.94872,0.0006974981118254012,0.94872,0.0006974981118254012,0.94872,0.0006974981118254012,WITHIN,0.02872000000000008
core_S2_d1_M300,core,2,0.0,300,100000,C2,T_DL,0.0,0.0,0.0,1.4317806217655036e-05,0.0001254050740651082,0.0015726432601275275,0.03965656641878527,0.15444913408269814,0.05187,0.0007012809928979967,0.05187,0.0007012809928979967,0.94813,0.0007012809928979964,0.94813,0.0007012809928979964,0.94813,0.0007012809928979964,0.94813,0.0007012809928979964,WITHIN,0.0281300000000001
core_S2_d1_M300,core,2,0.0,300,100000,C3,T3,0.0,0.0,0.0,2.749274348992439e-05,0.0001280120149059399,0.0016387075960278578,0.04048095349701953,0.15940010480756703,0.04911,0.0006833608702581675,0.04911,0.0006833608702581675,0.95089,0.0006833608702581674,0.95089,0.0006833608702581674,0.95089,0.0006833608702581674,0.95089,0.0006833608702581674,WITHIN,0.02910999999999997
core_S2_d2_M3,core,2,0.5,3,100000,C1,T_DL,0.5,0.5,0.5,0.5004673046245397,0.0012731345066107676,0.16208714719230427,0.40260048086447225,1.469851315014819,0.34184,0.0014999513805453828,0.13031,0.0010645623697087927,0.86969,0.0010645623697087927,0.86969,0.0010645623697087927,0.86969,0.0010645623697087927,0.86969,0.0010645623697087927,OUTSIDE_BELOW,0.050309999999999966
core_S2_d2_M3,core,2,0.5,3,100000,C2,T_DL,0.5,0.5,0.5,0.5004673046245397,0.0012731345066107676,0.16208714719230427,0.40260048086447225,2.9400190441093677,0.1438,0.0011096015501070643,0.06017,0.0007519944886766126,0.93983,0.0007519944886766123,0.93983,0.0007519944886766123,0.93983,0.0007519944886766123,0.93983,0.0007519944886766123,WITHIN,0.019830000000000125
core_S2_d2_M3,core,2,0.5,3,100000,C3,T3,0.5,0.5,0.5,0.5006893755548432,0.0012793029673516675,0.16366160822747816,0.4045511194243296,3.076099048921828,0.11804,0.0010203262145020093,0.04709,0.0006698696283606236,0.95291,0.0006698696283606234,0.95291,0.0006698696283606234,0.95291,0.0006698696283606234,0.95291,0.0006698696283606234,WITHIN,0.027089999999999947
core_S2_d2_M5,core,2,0.5,5,619687,C1,T_DL,0.5,0.5,0.5,0.5006740959214092,0.00039524483212762033,0.096806559557224,0.3111375251512167,1.1450794572374725,0.43408043092722615,0.0006296167408335645,0.11219535023326292,0.0004009220517256815,0.8878046497667371,0.0004009220517256815,0.8878046497667371,0.0004009220517256815,0.8878046497667371,0.0004009220517256815,0.8878046497667371,0.0004009220517256815,OUTSIDE_BELOW,0.03219535023326281
core_S2_d2_M5,core,2,0.5,5,619687,C2,T_DL,0.5,0.5,0.5,0.5006740959214092,0.00039524483212762033,0.096806559557224,0.3111375251512167,1.5591658694924093,0.26952638993556427,0.000563659355603664,0.06454710200472173,0.00031214985952239126,0.9354528979952783,0.00031214985952239115,0.9354528979952783,0.00031214985952239115,0.9354528979952783,0.00031214985952239115,0.9354528979952783,0.00031214985952239115,WITHIN,0.01545289799527838
core_S2_d2_M5,core,2,0.5,5,619687,C3,T3,0.5,0.5,0.5,0.5005766099106123,0.0003984803961263585,0.09839800796618375,0.3136845676251603,1.6329921611233889,0.23965969917071037,0.0005422696737414981,0.04885208177676795,0.0002738289592781854,0.9511479182232321,0.0002738289592781853,0.9511479182232321,0.0002738289592781853,0.9511479182232321,0.0002738289592781853,0.9511479182232321,0.0002738289592781853,WITHIN,0.0288520817767679
core_S2_d2_M10,core,2,0.5,10,416633,C1,T_DL,0.5,0.5,0.5,0.500012201534268,0.00033947522433179093,0.048014215110892766,0.21912146200427918,0.8217843029973496,0.6471162869959892,0.000740338167305909,0.0882935341175567,0.00043955693336980193,0.9117064658824433,0.00043955693336980193,0.9117064658824433,0.00043955693336980193,0.9117064658824433,0.00043955693336980193,0.9117064658824433,0.00043955693336980193,OUTSIDE_BELOW,0.008293534117556622
core_S2_d2_M10,core,2,0.5,10,416633,C2,T_DL,0.5,0.5,0.5,0.500012201534268,0.00033947522433179093,0.048014215110892766,0.21912146200427918,0.9349080512315002,0.5544111964246711,0.0007700276110922848,0.06160577774684194,0.0003725002357949733,0.938394222253158,0.00037250023579497334,0.938394222253158,0.00037250023579497334,0.938394222253158,0.00037250023579497334,0.938394222253158,0.00037250023579497334,WITHIN,0.01839422225315812
core_S2_d2_M10,core,2,0.5,10,416633,C3,T3,0.5,0.5,0.5,0.5001362674708354,0.00034374503463349373,0.0492296256061483,0.22187750135186826,0.975065227579218,0.5252320387487309,0.0007736409933403435,0.04934798731737525,0.0003355588329554936,0.9506520126826248,0.0003355588329554935,0.9506520126826248,0.0003355588329554935,0.9506520126826248,0.0003355588329554935,0.9506520126826248,0.0003355588329554935,WITHIN,0.0293479873173752
core_S2_d2_M30,core,2,0.5,30,100000,C1,T_DL,0.5,0.5,0.5,0.5001208149567697,0.00039823181955738444,0.01585885821079852,0.1259319586554522,0.48467943543119973,0.97494,0.0004942873293945533,0.06382,0.0007729618852181523,0.93618,0.0007729618852181522,0.93618,0.0007729618852181522,0.93618,0.0007729618852181522,0.93618,0.0007729618852181522,WITHIN,0.016180000000000083
core_S2_d2_M30,core,2,0.5,30,100000,C2,T_DL,0.5,0.5,0.5,0.5001208149567697,0.00039823181955738444,0.01585885821079852,0.1259319586554522,0.5016094193776718,0.9707,0.0005333058222071084,0.0554,0.0007234005805914175,0.9446,0.0007234005805914175,0.9446,0.0007234005805914175,0.9446,0.0007234005805914175,0.9446,0.0007234005805914175,WITHIN,0.024600000000000066
core_S2_d2_M30,core,2,0.5,30,100000,C3,T3,0.5,0.5,0.5,0.5001532265190625,0.0004059368291652088,0.016478470927270394,0.12836849663087277,0.5195380098766629,0.96405,0.0005887070366489604,0.05021,0.0006905719071899753,0.94979,0.0006905719071899753,0.94979,0.0006905719071899753,0.94979,0.0006905719071899753,0.94979,0.0006905719071899753,WITHIN,0.029790000000000094
core_S2_d2_M100,core,2,0.5,100,100000,C1,T_DL,0.5,0.5,0.5,0.5000394544162907,0.00021687139720679777,0.004703320292642865,0.06858075745165597,0.2678742605174575,1.0,3.162277660168379e-153,0.05376,0.0007132311154177164,0.94624,0.0007132311154177167,0.94624,0.0007132311154177167,0.94624,0.0007132311154177167,0.94624,0.0007132311154177167,WITHIN,0.02624000000000004
core_S2_d2_M100,core,2,0.5,100,100000,C2,T_DL,0.5,0.5,0.5,0.5000394544162907,0.00021687139720679777,0.004703320292642865,0.06858075745165597,0.26921301162898614,1.0,3.162277660168379e-153,0.05256,0.0007056730574423258,0.94744,0.0007056730574423262,0.94744,0.0007056730574423262,0.94744,0.0007056730574423262,0.94744,0.0007056730574423262,WITHIN,0.02744000000000002
core_S2_d2_M100,core,2,0.5,100,100000,C3,T3,0.5,0.5,0.5,0.4999747113637872,0.00022147701831596328,0.004905206964212955,0.07003718272612737,0.2780618087851024,1.0,3.162277660168379e-153,0.04909,0.0006832288920998585,0.95091,0.0006832288920998582,0.95091,0.0006832288920998582,0.95091,0.0006832288920998582,0.95091,0.0006832288920998582,WITHIN,0.02908999999999995
core_S2_d2_M300,core,2,0.5,300,100000,C1,T_DL,0.5,0.5,0.5,0.49987543129729733,0.00012549862281405604,0.0015749904328224706,0.039686149130678715,0.15493984678237074,1.0,3.162277660168379e-153,0.05182,0.0007009613940867214,0.94818,0.0007009613940867212,0.94818,0.0007009613940867212,0.94818,0.0007009613940867212,0.94818,0.0007009613940867212,WITHIN,0.028180000000000094
core_S2_d2_M300,core,2,0.5,300,100000,C2,T_DL,0.5,0.5,0.5,0.49987543129729733,0.00012549862281405604,0.0015749904328224706,0.039686149130678715,0.15447237802665012,1.0,3.162277660168379e-153,0.05254,0.0007055462309445073,0.94746,0.0007055462309445075,0.94746,0.0007055462309445075,0.94746,0.0007055462309445075,0.94746,0.0007055462309445075,WITHIN,0.02746000000000004
core_S2_d2_M300,core,2,0.5,300,100000,C3,T3,0.5,0.5,0.5,0.4999189618429738,0.00012802778128123094,0.0016391112779794714,0.04048593926265601,0.15943077504616532,1.0,3.162277660168379e-153,0.04958,0.000686453374964389,0.95042,0.0006864533749643887,0.95042,0.0006864533749643887,0.95042,0.0006864533749643887,0.95042,0.0006864533749643887,WITHIN,0.02957999999999994
core_S3_d1_M3,core,3,0.0,3,100000,C1,T_DL,0.08361854460463167,0.0,0.018306227057702698,0.011500400921773235,0.0012932990520458283,0.16726224380226384,0.40897707002014655,1.4857206502435525,0.13469,0.001079576786986456,0.13469,0.001079576786986456,0.86135,0.00109282284703423,0.86531,0.0010795767869864559,0.86587,0.0010776787234607536,0.86587,0.0010776787234607536,OUTSIDE_BELOW,0.0541299999999999
core_S3_d1_M3,core,3,0.0,3,100000,C2,T_DL,0.08361854460463167,0.0,0.018306227057702698,0.011500400921773235,0.0012932990520458283,0.16726224380226384,0.40897707002014655,2.9754489119117924,0.06291,0.0007678042191861151,0.06291,0.0007678042191861151,0.93647,0.0007713231430470629,0.93709,0.0007678042191861153,0.93731,0.0007665504803990407,0.93731,0.0007665504803990407,WITHIN,0.017310000000000048
core_S3_d1_M3,core,3,0.0,3,100000,C3,T3,0.08361854460463167,0.0,0.018306227057702698,0.0003302000230774723,0.0012941037225851694,0.16747044448087936,0.409231529187182,3.1084421651902114,0.04866,0.0006803837476013077,0.04866,0.0006803837476013077,0.95051,0.0006858625219386173,0.95134,0.0006803837476013079,0.95155,0.0006789889358450548,0.95134,0.0006803837476013079,WITHIN,0.02866000000000002
core_S3_d1_M5,core,3,0.0,5,100000,C1,T_DL,0.08361854460463167,0.0,0.018306227057702698,0.014199653166097006,0.0009993914310017626,0.09987832323597508,0.3160353196020582,1.1618235363458909,0.11361,0.0010035076875639767,0.11361,0.0010035076875639767,0.88106,0.0010236858717399594,0.88639,0.0010035076875639767,0.88658,0.0010027756658395734,0.88658,0.0010027756658395734,OUTSIDE_BELOW,0.033419999999999894
core_S3_d1_M5,core,3,0.0,5,100000,C2,T_DL,0.08361854460463167,0.0,0.018306227057702698,0.014199653166097006,0.0009993914310017626,0.09987832323597508,0.3160353196020582,1.5781619725306664,0.06576,0.0007838087930101319,0.06576,0.0007838087930101319,0.93163,0.0007980948759389452,0.93424,0.0007838087930101323,0.93447,0.000782533188433564,0.93447,0.000782533188433564,WITHIN,0.014470000000000094
core_S3_d1_M5,core,3,0.0,5,100000,C3,T3,0.08361854460463167,0.0,0.018306227057702698,-2.0767522144119076e-05,0.0010028864055703069,0.10057811424777302,0.31714052760215466,1.6488852766279718,0.04948,0.000685796832888575,0.04948,0.000685796832888575,0.94652,0.0007114765604009732,0.95052,0.0006857968328885748,0.95007,0.000688745200346253,0.95052,0.0006857968328885748,WITHIN,0.02947999999999995
core_S3_d1_M10,core,3,0.0,10,100000,C1,T_DL,0.08361854460463167,0.0,0.018306227057702698,0.018021357026912068,0.000705630640470049,0.04979146007701718,0.2231400010688742,0.8376751168036098,0.0902,0.0009058916049947697,0.0902,0.0009058916049947697,0.90203,0.0009400631845785687,0.9098,0.0009058916049947695,0.91165,0.0008974646371863353,0.91165,0.0008974646371863353,OUTSIDE_BELOW,0.008349999999999969
core_S3_d1_M10,core,3,0.0,10,100000,C2,T_DL,0.08361854460463167,0.0,0.018306227057702698,0.018021357026912068,0.000705630640470049,0.04979146007701718,0.2231400010688742,0.94726672274891,0.06376,0.0007726232095918424,0.06376,0.0007726232095918424,0.9317,0.00079771617759702,0.93624,0.0007726232095918425,0.93742,0.0007659226044451226,0.93742,0.0007659226044451226,WITHIN,0.017420000000000102
core_S3_d1_M10,core,3,0.0,10,100000,C3,T3,0.08361854460463167,0.0,0.018306227057702698,0.0009171395143180638,0.0007103879623291606,0.050465105702217704,0.2246443983326041,0.9840780740686612,0.04998,0.0006890718366034125,0.04998,0.0006890718366034125,0.9393,0.0007550861540248237,0.95002,0.0006890718366034126,0.9502,0.0006878950501348294,0.95002,0.0006890718366034126,WITHIN,0.029980000000000007
core_S3_d1_M30,core,3,0.0,30,100000,C1,T_DL,0.08361854460463167,0.0,0.018306227057702698,0.01763910819736023,0.0004047657570114021,0.016383531804901343,0.12799817109982994,0.4971836657349406,0.06619,0.0007861862622814012,0.06619,0.0007861862622814012,0.90783,0.0009147387118735054,0.93381,0.0007861862622814009,0.93724,0.0007669496880500053,0.93724,0.0007669496880500053,WITHIN,0.017240000000000033
core_S3_d1_M30,core,3,0.0,30,100000,C2,T_DL,0.08361854460463167,0.0,0.018306227057702698,0.01763910819736023,0.0004047657570114021,0.016383531804901343,0.12799817109982994,0.5088475891964374,0.05895,0.0007448147252840803,0.05895,0.0007448147252840803,0.91601,0.0008771298643872526,0.94105,0.00074481472528408,0.94368,0.0007290271435275921,0.94368,0.0007290271435275921,WITHIN,0.023680000000000034
core_S3_d1_M30,core,3,0.0,30,100000,C3,T3,0.08361854460463167,0.0,0.018306227057702698,-0.00026054766589854515,0.00040943915155987684,0.016764041883007185,0.1294760282176094,0.5247721419091438,0.05039,0.0006917430729685696,0.05039,0.0006917430729685696,0.90555,0.0009248199689669337,0.94961,0.0006917430729685701,0.94822,0.0007007055843933316,0.94961,0.0006917430729685701,WITHIN,0.029610000000000025
core_S3_d1_M100,core,3,0.0,100,100000,C1,T_DL,0.08361854460463167,0.0,0.018306227057702698,0.01807656095433514,0.0002224591927770724,0.004948809245102667,0.0703477735618027,0.2757254679754181,0.06216,0.0007635190528074594,0.06216,0.0007635190528074594,0.84425,0.001146699339408548,0.93784,0.0007635190528074594,0.94638,0.0007123545156732004,0.94638,0.0007123545156732004,WITHIN,0.02638000000000007
core_S3_d1_M100,core,3,0.0,100,100000,C2,T_DL,0.08361854460463167,0.0,0.018306227057702698,0.01807656095433514,0.0002224591927770724,0.004948809245102667,0.0703477735618027,0.2730087989382048,0.0638,0.0007728490150087532,0.0638,0.0007728490150087532,0.84063,0.0011574592999323995,0.9362,0.000772849015008753,0.94522,0.0007195773175969352,0.94522,0.0007195773175969352,WITHIN,0.02522000000000002
core_S3_d1_M100,core,3,0.0,100,100000,C3,T3,0.08361854460463167,0.0,0.018306227057702698,-0.00014439357157241593,0.00022536955340373704,0.005079143560139989,0.07126811040107622,0.28066768557346417,0.05185,0.0007011531751336508,0.05185,0.0007011531751336508,0.78507,0.0012989807354229698,0.94815,0.0007011531751336506,0.94167,0.0007411316421527285,0.94815,0.0007011531751336506,WITHIN,0.02815000000000012
core_S3_d1_M300,core,3,0.0,300,100000,C1,T_DL,0.08361854460463167,0.0,0.018306227057702698,0.018356880356782963,0.00012812689239538187,0.001641650055489777,0.040517280948871394,0.16002322940700353,0.07422,0.0008289233474815388,0.07422,0.0008289233474815388,0.64128,0.0015167068325816957,0.92578,0.0008289233474815386,0.9516,0.0006786563195019994,0.9516,0.0006786563195019994,WITHIN,0.02839999999999998
core_S3_d1_M300,core,3,0.0,300,100000,C2,T_DL,0.08361854460463167,0.0,0.018306227057702698,0.018356880356782963,0.00012812689239538187,0.001641650055489777,0.040517280948871394,0.15681695610208118,0.07991,0.0008574636546233315,0.07991,0.0008574636546233315,0.627,0.0015292841462592882,0.92009,0.0008574636546233317,0.94698,0.0007085822436386616,0.94698,0.0007085822436386616,WITHIN,0.026980000000000115
core_S3_d1_M300,core,3,0.0,300,100000,C3,T3,0.08361854460463167,0.0,0.018306227057702698,5.0887857205386327e-05,0.00012992906751420943,0.0016881562585111993,0.04108717876066936,0.16102404596690353,0.05054,0.0006927171746102446,0.05054,0.0006927171746102446,0.46957,0.0015782078921992501,0.94946,0.0006927171746102447,0.92766,0.0008191881615355533,0.94946,0.0006927171746102447,WITHIN,0.02946000000000004
core_S3_d2_M3,core,3,0.5,3,100000,C1,T_DL,0.5836185446046317,0.5,0.5183062270577027,0.5146511003757324,0.0012935158488244752,0.1673183251160103,0.4090456271811377,1.4878648244847208,0.3525,0.0015107738083512037,0.13472,0.001079678292826155,0.86255,0.0010888411155903323,0.86528,0.0010796782928261545,0.86596,0.0010773730941507683,0.86596,0.0010773730941507683,OUTSIDE_BELOW,0.05403999999999998
core_S3_d2_M3,core,3,0.5,3,100000,C2,T_DL,0.5836185446046317,0.5,0.5183062270577027,0.5146511003757324,0.0012935158488244752,0.1673183251160103,0.4090456271811377,2.9755575406358954,0.15142,0.0011335430454993758,0.06369,0.0007722278413784367,0.93673,0.0007698500314996424,0.93631,0.0007722278413784369,0.93689,0.0007689416616363038,0.93689,0.0007689416616363038,WITHIN,0.01689000000000007
core_S3_d2_M3,core,3,0.5,3,100000,C3,T3,0.5836185446046317,0.5,0.5183062270577027,0.5038689650714941,0.0012964370512270156,0.16807490277941994,0.409969392490976,3.107844181357469,0.1231,0.0010389725212920696,0.04963,0.0006867813560369851,0.94999,0.0006892677266490866,0.95037,0.0006867813560369847,0.95041,0.0006865189866274641,0.95037,0.0006867813560369847,WITHIN,0.029629999999999934
core_S3_d2_M5,core,3,0.5,5,100000,C1,T_DL,0.5836185446046317,0.5,0.5183062270577027,0.5145875383440983,0.0010017502334483406,0.10035035302138051,0.31678123843021466,1.1625478110146046,0.44386,0.0015711406697046578,0.11365,0.001003661683536838,0.88109,0.0010235741883224683,0.88635,0.0010036616835368381,0.88607,0.0010047385485786836,0.88607,0.0010047385485786836,OUTSIDE_BELOW,0.033929999999999905
core_S3_d2_M5,core,3,0.5,5,100000,C2,T_DL,0.5836185446046317,0.5,0.5183062270577027,0.5145875383440983,0.0010017502334483406,0.10035035302138051,0.31678123843021466,1.5804821710821855,0.27939,0.0014189123577585756,0.06648,0.000787784295349939,0.9318,0.0007971747612663113,0.93352,0.000787784295349939,0.93402,0.0007850263664361856,0.93402,0.0007850263664361856,WITHIN,0.014020000000000032
core_S3_d2_M5,core,3,0.5,5,100000,C3,T3,0.5836185446046317,0.5,0.5183062270577027,0.5003872151176565,0.0010043185295680733,0.10086557088337772,0.31759340497462746,1.6508511658322813,0.24152,0.001353469946470922,0.0493,0.0006846131024162479,0.94765,0.0007043399569810023,0.9507,0.000684613102416248,0.95065,0.0006849421690916687,0.9507,0.000684613102416248,WITHIN,0.029299999999999993
core_S3_d2_M10,core,3,0.5,10,1000000,C1,T_DL,0.5836185446046317,0.5,0.5183062270577027,0.5169417534644382,0.00022284555495202194,0.04966014136187463,0.22284555495202193,0.8382796408689152,0.655547,0.0004751895735293442,0.089429,0.00028536197006433776,0.90208,0.00029720644945895774,0.910571,0.0002853619700643377,0.911945,0.0002833748700484925,0.911945,0.0002833748700484925,OUTSIDE_BELOW,0.008054999999999923
core_S3_d2_M10,core,3,0.5,10,1000000,C2,T_DL,0.5836185446046317,0.5,0.5183062270577027,0.5169417534644382,0.00022284555495202194,0.04966014136187463,0.22284555495202193,0.9478479285616269,0.569959,0.0004950815471404685,0.062624,0.00024228544038798534,0.931105,0.00025327550014756666,0.937376,0.00024228544038798537,0.938536,0.00024017946769863566,0.938536,0.00024017946769863566,WITHIN,0.018536000000000108
core_S3_d2_M10,core,3,0.5,10,1000000,C3,T3,0.5836185446046317,0.5,0.5183062270577027,0.5000397694015587,0.00022439638759209768,0.05035373876438293,0.22439638759209768,0.9847068566042314,0.517936,0.0004996781963464086,0.049832,0.0002175977292528578,0.939165,0.00023902741009139511,0.950168,0.00021759772925285776,0.950048,0.00021784581174766706,0.950168,0.00021759772925285776,WITHIN,0.02983199999999997
core_S3_d2_M30,core,3,0.5,30,100000,C1,T_DL,0.5836185446046317,0.5,0.5183062270577027,0.5181689319951276,0.00040534041858612796,0.016430085493957747,0.12817989504582122,0.4974325677529242,0.97589,0.00048506399474708455,0.06613,0.0007858550954215413,0.90771,0.000915273488636047,0.93387,0.0007858550954215416,0.93723,0.0007670066955379203,0.93723,0.0007670066955379203,WITHIN,0.01723000000000008
core_S3_d2_M30,core,3,0.5,30,100000,C2,T_DL,0.5836185446046317,0.5,0.5183062270577027,0.5181689319951276,0.00040534041858612796,0.016430085493957747,0.12817989504582122,0.5089716611237131,0.97386,0.0005045463348395274,0.05939,0.0007474143957671674,0.91637,0.0008754200311850306,0.94061,0.0007474143957671678,0.94434,0.000724996306197487,0.94434,0.000724996306197487,WITHIN,0.02434000000000003
core_S3_d2_M30,core,3,0.5,30,100000,C3,T3,0.5836185446046317,0.5,0.5183062270577027,0.5003179041948919,0.00041071113500141805,0.016868363641415307,0.12987826469973837,0.5248804426348597,0.95858,0.0006301141452149762,0.05078,0.0006942722203862114,0.90596,0.0009230193844118335,0.94922,0.0006942722203862117,0.94791,0.0007026850781110979,0.94922,0.0006942722203862117,WITHIN,0.029220000000000024
core_S3_d2_M100,core,3,0.5,100,100000,C1,T_DL,0.5836185446046317,0.5,0.5183062270577027,0.5183764611586664,0.00022077140998336695,0.0048740015466043896,0.06981404977942757,0.27586059977844035,1.0,3.162277660168379e-153,0.05996,0.0007507649325854265,0.84723,0.0011376788962620338,0.94004,0.0007507649325854265,0.94797,0.0007023024925201392,0.94797,0.0007023024925201392,WITHIN,0.02797000000000005
core_S3_d2_M100,core,3,0.5,100,100000,C2,T_DL,0.5836185446046317,0.5,0.5183062270577027,0.5183764611586664,0.00022077140998336695,0.0048740015466043896,0.06981404977942757,0.2730517923773673,1.0,3.162277660168379e-153,0.0618,0.00076145098332066,0.84346,0.0011490658310123053,0.9382,0.0007614509833206598,0.94647,0.0007117902717795458,0.94647,0.0007117902717795458,WITHIN,0.026470000000000105
core_S3_d2_M100,core,3,0.5,100,100000,C3,T3,0.5836185446046317,0.5,0.5183062270577027,0.5000970243139067,0.00022354188928335524,0.004997097626437186,0.07069015225925876,0.28072617221737667,1.0,3.162277660168379e-153,0.04913,0.0006834928170800334,0.78737,0.001293902944969212,0.95087,0.0006834928170800335,0.94429,0.0007253026671673008,0.95087,0.0006834928170800335,WITHIN,0.02912999999999999
core_S3_d2_M300,core,3,0.5,300,100000,C1,T_DL,0.5836185446046317,0.5,0.5183062270577027,0.5183322482208049,0.0001273751264109368,0.0016224422828202134,0.040279551671042885,0.15998113495359037,1.0,3.162277660168379e-153,0.07206,0.0008177246260202758,0.64195,0.0015160811241487046,0.92794,0.0008177246260202759,0.95284,0.0006703427063823398,0.95284,0.0006703427063823398,WITHIN,0.027159999999999962
core_S3_d2_M300,core,3,0.5,300,100000,C2,T_DL,0.5836185446046317,0.5,0.5183062270577027,0.5183322482208049,0.0001273751264109368,0.0016224422828202134,0.040279551671042885,0.15680484916475468,1.0,3.162277660168379e-153,0.07748,0.0008454398239969536,0.62788,0.0015285506390041515,0.92252,0.0008454398239969536,0.94821,0.0007007695477116568,0.94821,0.0007007695477116568,WITHIN,0.02821000000000007
core_S3_d2_M300,core,3,0.5,300,100000,C3,T3,0.5836185446046317,0.5,0.5183062270577027,0.4999618239623516,0.00012916587039841793,0.0016683822075780896,0.04084583464171212,0.16102840057489545,1.0,3.162277660168379e-153,0.04854,0.000679587142315097,0.46904,0.0015781048076727983,0.95146,0.0006795871423150973,0.92772,0.000818874847580508,0.95146,0.0006795871423150973,WITHIN,0.02854000000000001
core_S4_d1_M3,core,4,0.0,3,100000,C1,T_DL,0.0,0.0,0.0,-0.001808970838011079,0.0020395646001836547,0.4159823758322311,0.6449669571631024,2.251514700728736,0.17485,0.001201155599828765,0.17485,0.001201155599828765,0.82515,0.0012011555998287648,0.82515,0.0012011555998287648,0.82515,0.0012011555998287648,0.82515,0.0012011555998287648,OUTSIDE_BELOW,0.09484999999999988
core_S4_d1_M3,core,4,0.0,3,100000,C2,T_DL,0.0,0.0,0.0,-0.001808970838011079,0.0020395646001836547,0.4159823758322311,0.6449669571631024,4.805174945002726,0.06045,0.0007536298660483141,0.06045,0.0007536298660483141,0.93955,0.0007536298660483142,0.93955,0.0007536298660483142,0.93955,0.0007536298660483142,0.93955,0.0007536298660483142,WITHIN,0.019550000000000067
core_S4_d1_M3,core,4,0.0,3,100000,C3,T3,0.0,0.0,0.0,-0.0019775659077128057,0.0020344597460328837,0.41390264582281855,0.6433526605391623,4.900853933420816,0.04993,0.0006887452003462529,0.04993,0.0006887452003462529,0.95007,0.000688745200346253,0.95007,0.000688745200346253,0.95007,0.000688745200346253,0.95007,0.000688745200346253,WITHIN,0.029930000000000012
core_S4_d1_M5,core,4,0.0,5,100000,C1,T_DL,0.0,0.0,0.0,-0.0003402501384432176,0.0015798984376563048,0.24960790733088334,0.4996077534735458,1.8233515955444262,0.12647,0.0010510724955967595,0.12647,0.0010510724955967595,0.87353,0.0010510724955967595,0.87353,0.0010510724955967595,0.87353,0.0010510724955967595,0.87353,0.0010510724955967595,OUTSIDE_BELOW,0.0464699999999999
core_S4_d1_M5,core,4,0.0,5,100000,C2,T_DL,0.0,0.0,0.0,-0.0003402501384432176,0.0015798984376563048,0.24960790733088334,0.4996077534735458,2.5598648780438933,0.05663,0.0007309106860622575,0.05663,0.0007309106860622575,0.94337,0.0007309106860622573,0.94337,0.0007309106860622573,0.94337,0.0007309106860622573,0.94337,0.0007309106860622573,WITHIN,0.023370000000000113
core_S4_d1_M5,core,4,0.0,5,100000,C3,T3,0.0,0.0,0.0,-0.0005042073452159732,0.001576536922837237,0.2485468669069105,0.4985447491518795,2.602473051635817,0.04928,0.0006844814212233959,0.04928,0.0006844814212233959,0.95072,0.0006844814212233959,0.95072,0.0006844814212233959,0.95072,0.0006844814212233959,0.95072,0.0006844814212233959,WITHIN,0.029279999999999973
core_S4_d1_M10,core,4,0.0,10,100000,C1,T_DL,0.0,0.0,0.0,-0.0008323018965075013,0.0011187938929273769,0.1251699774851595,0.3537936933937058,1.338928803590463,0.08807,0.0008961789726388362,0.08807,0.0008961789726388362,0.91193,0.0008961789726388361,0.91193,0.0008961789726388361,0.91193,0.0008961789726388361,0.91193,0.0008961789726388361,OUTSIDE_BELOW,0.00806999999999991
core_S4_d1_M10,core,4,0.0,10,100000,C2,T_DL,0.0,0.0,0.0,-0.0008323018965075013,0.0011187938929273769,0.1251699774851595,0.3537936933937058,1.5359512062512748,0.0547,0.0007190821232654863,0.0547,0.0007190821232654863,0.9453,0.0007190821232654862,0.9453,0.0007190821232654862,0.9453,0.0007190821232654862,0.9453,0.0007190821232654862,WITHIN,0.0253000000000001
core_S4_d1_M10,core,4,0.0,10,100000,C3,T3,0.0,0.0,0.0,-0.0008658504012602314,0.0011185737663311607,0.12512072707242786,0.3537240832519435,1.553020883409077,0.05067,0.0006935600269623387,0.05067,0.0006935600269623387,0.94933,0.0006935600269623387,0.94933,0.0006935600269623387,0.94933,0.0006935600269623387,0.94933,0.0006935600269623387,WITHIN,0.029330000000000078
core_S4_d1_M30,core,4,0.0,30,100000,C1,T_DL,0.0,0.0,0.0,-0.000632622103521248,0.0006458249924877254,0.04170899209217706,0.20422779461223456,0.7887908915553635,0.06264,0.0007662651655921728,0.06264,0.0007662651655921728,0.93736,0.0007662651655921729,0.93736,0.0007662651655921729,0.93736,0.0007662651655921729,0.93736,0.0007662651655921729,WITHIN,0.017360000000000042
core_S4_d1_M30,core,4,0.0,30,100000,C2,T_DL,0.0,0.0,0.0,-0.000632622103521248,0.0006458249924877254,0.04170899209217706,0.20422779461223456,0.8193351408224772,0.05259,0.0007058632438369347,0.05259,0.0007058632438369347,0.94741,0.0007058632438369348,0.94741,0.0007058632438369348,0.94741,0.0007058632438369348,0.94741,0.0007058632438369348,WITHIN,0.027410000000000045
core_S4_d1_M30,core,4,0.0,30,100000,C3,T3,0.0,0.0,0.0,-0.0005956420773342912,0.0006472669871746924,0.04189545526862036,0.2046837933707023,0.825388303135059,0.05127,0.0006974337753507498,0.05127,0.0006974337753507498,0.94873,0.00069743377535075,0.94873,0.00069743377535075,0.94873,0.00069743377535075,0.94873,0.00069743377535075,WITHIN,0.028730000000000033
core_S4_d1_M100,core,4,0.0,100,100000,C1,T_DL,0.0,0.0,0.0,-1.679980168224002e-05,0.0003508216023750371,0.012307579669298867,0.1109395315895054,0.43570449574898334,0.052,0.0007021111023192839,0.052,0.0007021111023192839,0.948,0.0007021111023192842,0.948,0.0007021111023192842,0.948,0.0007021111023192842,0.948,0.0007021111023192842,WITHIN,0.028000000000000025
core_S4_d1_M100,core,4,0.0,100,100000,C2,T_DL,0.0,0.0,0.0,-1.679980168224002e-05,0.0003508216023750371,0.012307579669298867,0.1109395315895054,0.4386788831159794,0.04992,0.0006886798501480932,0.04992,0.0006886798501480932,0.95008,0.0006886798501480929,0.95008,0.0006886798501480929,0.95008,0.0006886798501480929,0.95008,0.0006886798501480929,WITHIN,0.029919999999999947
core_S4_d1_M100,core,4,0.0,100,100000,C3,T3,0.0,0.0,0.0,-4.934932771495468e-06,0.00035154274340743835,0.012358230044242807,0.11116757640716472,0.4412610710265659,0.04907,0.0006830968825869432,0.04907,0.0006830968825869432,0.95093,0.0006830968825869428,0.95093,0.0006830968825869428,0.95093,0.0006830968825869428,0.95093,0.0006830968825869428,WITHIN,0.02906999999999993
core_S4_d1_M300,core,4,0.0,300,100000,C1,T_DL,0.0,0.0,0.0,0.00010086410883655553,0.00020318256465140115,0.004128315457832082,0.06425196851328434,0.2521361272000944,0.05141,0.0006983338163085044,0.05141,0.0006983338163085044,0.94859,0.0006983338163085042,0.94859,0.0006983338163085042,0.94859,0.0006983338163085042,0.94859,0.0006983338163085042,WITHIN,0.028590000000000115
core_S4_d1_M300,core,4,0.0,300,100000,C2,T_DL,0.0,0.0,0.0,0.00010086410883655553,0.00020318256465140115,0.004128315457832082,0.06425196851328434,0.2517299362206008,0.05144,0.0006985264948446838,0.05144,0.0006985264948446838,0.94856,0.000698526494844684,0.94856,0.000698526494844684,0.94856,0.000698526494844684,0.94856,0.000698526494844684,WITHIN,0.02856000000000003
core_S4_d1_M300,core,4,0.0,300,100000,C3,T3,0.0,0.0,0.0,7.286729813370856e-05,0.00020373979640514404,0.004150990463920956,0.0644281806659241,0.25309440956104806,0.05099,0.0006956293546135039,0.05099,0.0006956293546135039,0.94901,0.0006956293546135038,0.94901,0.0006956293546135038,0.94901,0.0006956293546135038,0.94901,0.0006956293546135038,WITHIN,0.02901000000000009
core_S4_d2_M3,core,4,0.5,3,100000,C1,T_DL,0.5,0.5,0.5,0.5037988466097136,0.002034164346490642,0.41378245885337006,0.6432592470018368,2.2501916469262984,0.26051,0.0013879644804533004,0.17648,0.0012055488774827838,0.82352,0.0012055488774827836,0.82352,0.0012055488774827836,0.82352,0.0012055488774827836,0.82352,0.0012055488774827836,OUTSIDE_BELOW,0.0964799999999999
core_S4_d2_M3,core,4,0.5,3,100000,C2,T_DL,0.5,0.5,0.5,0.5037988466097136,0.002034164346490642,0.41378245885337006,0.6432592470018368,4.80050619198075,0.09171,0.0009126843698672614,0.06046,0.000753688187515235,0.93954,0.0007536881875152346,0.93954,0.0007536881875152346,0.93954,0.0007536881875152346,0.93954,0.0007536881875152346,WITHIN,0.019540000000000113
core_S4_d2_M3,core,4,0.5,3,100000,C3,T3,0.5,0.5,0.5,0.5037119807898066,0.0020277573383462562,0.4111799823217094,0.641233173129486,4.897036295195324,0.07778,0.0008469372562356671,0.04947,0.0006857311360876069,0.95053,0.000685731136087607,0.95053,0.000685731136087607,0.95053,0.000685731136087607,0.95053,0.000685731136087607,WITHIN,0.029469999999999996
core_S4_d2_M5,core,4,0.5,5,100000,C1,T_DL,0.5,0.5,0.5,0.49785054121538885,0.0015741826971716203,0.24780511640745173,0.497800277628942,1.8249478850456533,0.25765,0.0013829912418377782,0.12601,0.0010494354668106087,0.87399,0.0010494354668106084,0.87399,0.0010494354668106084,0.87399,0.0010494354668106084,0.87399,0.0010494354668106084,OUTSIDE_BELOW,0.046009999999999884
core_S4_d2_M5,core,4,0.5,5,100000,C2,T_DL,0.5,0.5,0.5,0.49785054121538885,0.0015741826971716203,0.24780511640745173,0.497800277628942,2.5629354229653996,0.13096,0.0010668152529843206,0.05815,0.0007400579538117269,0.94185,0.0007400579538117271,0.94185,0.0007400579538117271,0.94185,0.0007400579538117271,0.94185,0.0007400579538117271,WITHIN,0.021850000000000036
core_S4_d2_M5,core,4,0.5,5,100000,C3,T3,0.5,0.5,0.5,0.49773673080494146,0.0015700180497204592,0.24649566764480343,0.49648330046921363,2.605548525151733,0.1207,0.0010302014851474445,0.05031,0.0006912228576949695,0.94969,0.0006912228576949692,0.94969,0.0006912228576949692,0.94969,0.0006912228576949692,0.94969,0.0006912228576949692,WITHIN,0.029690000000000105
core_S4_d2_M10,core,4,0.5,10,100000,C1,T_DL,0.5,0.5,0.5,0.4999504469547041,0.0011160873686553493,0.12456510144720218,0.35293781526949214,1.3364375482521742,0.33613,0.0014938093020864477,0.08819,0.0008967303044951698,0.91181,0.0008967303044951697,0.91181,0.0008967303044951697,0.91181,0.0008967303044951697,0.91181,0.0008967303044951697,OUTSIDE_BELOW,0.00818999999999992
core_S4_d2_M10,core,4,0.5,10,100000,C2,T_DL,0.5,0.5,0.5,0.4999504469547041,0.0011160873686553493,0.12456510144720218,0.35293781526949214,1.5343862683764558,0.25317,0.0013750452759818492,0.05441,0.0007172834300330659,0.94559,0.0007172834300330656,0.94559,0.0007172834300330656,0.94559,0.0007172834300330656,0.94559,0.0007172834300330656,WITHIN,0.025590000000000113
core_S4_d2_M10,core,4,0.5,10,100000,C3,T3,0.5,0.5,0.5,0.4998494483630477,0.0011160053038966852,0.12454678383255327,0.35291186411419107,1.5518238807821743,0.246,0.0013619251080731274,0.05032,0.0006912879110761304,0.94968,0.0006912879110761306,0.94968,0.0006912879110761306,0.94968,0.0006912879110761306,0.94968,0.0006912879110761306,WITHIN,0.02968000000000004
core_S4_d2_M30,core,4,0.5,30,100000,C1,T_DL,0.5,0.5,0.5,0.5001653012290325,0.0006407884959410468,0.04106098965303889,0.20263511456072686,0.7894361265459057,0.69049,0.0014618945238969875,0.06121,0.0007580457499386169,0.93879,0.0007580457499386167,0.93879,0.0007580457499386167,0.93879,0.0007580457499386167,0.93879,0.0007580457499386167,WITHIN,0.018790000000000084
core_S4_d2_M30,core,4,0.5,30,100000,C2,T_DL,0.5,0.5,0.5,0.5001653012290325,0.0006407884959410468,0.04106098965303889,0.20263511456072686,0.8195345596463881,0.66501,0.0014925538512897951,0.05137,0.0006980768088111794,0.94863,0.0006980768088111797,0.94863,0.0006980768088111797,0.94863,0.0006980768088111797,0.94863,0.0006980768088111797,WITHIN,0.028630000000000044
core_S4_d2_M30,core,4,0.5,30,100000,C3,T3,0.5,0.5,0.5,0.5001461696153857,0.0006418035058416956,0.04119117401106914,0.202956088874094,0.8254995720763639,0.65981,0.001498201468094328,0.04971,0.0006873057245505817,0.95029,0.0006873057245505819,0.95029,0.0006873057245505819,0.95029,0.0006873057245505819,0.95029,0.0006873057245505819,WITHIN,0.029710000000000014
core_S4_d2_M100,core,4,0.5,100,100000,C1,T_DL,0.5,0.5,0.5,0.49985982710341903,0.0003508718781832889,0.012311107489986872,0.11095543019603354,0.4356943078571609,0.99383,0.0002476273631891276,0.0533,0.000710345760879869,0.9467,0.000710345760879869,0.9467,0.000710345760879869,0.9467,0.000710345760879869,0.9467,0.000710345760879869,WITHIN,0.026700000000000057
core_S4_d2_M100,core,4,0.5,100,100000,C2,T_DL,0.5,0.5,0.5,0.49985982710341903,0.0003508718781832889,0.012311107489986872,0.11095543019603354,0.4387269327293907,0.99376,0.0002490193245513292,0.05075,0.0006940780755793977,0.94925,0.0006940780755793974,0.94925,0.0006940780755793974,0.94925,0.0006940780755793974,0.94925,0.0006940780755793974,WITHIN,0.02925000000000011
core_S4_d2_M100,core,4,0.5,100,100000,C3,T3,0.5,0.5,0.5,0.49994601519274845,0.000351516418483191,0.012356379246324989,0.11115925173517942,0.44130372378943866,0.99356,0.0002529530865595437,0.04983,0.0006880913536733331,0.95017,0.0006880913536733334,0.95017,0.0006880913536733334,0.95017,0.0006880913536733334,0.95017,0.0006880913536733334,WITHIN,0.029830000000000023
core_S4_d2_M300,core,4,0.5,300,100000,C1,T_DL,0.5,0.5,0.5,0.5002535184136258,0.00020233439776067496,0.004093920851717503,0.06398375459222054,0.2521164267252457,1.0,3.162277660168379e-153,0.05064,0.000693365635144979,0.94936,0.000693365635144979,0.94936,0.000693365635144979,0.94936,0.000693365635144979,0.94936,0.000693365635144979,WITHIN,0.029360000000000053
core_S4_d2_M300,core,4,0.5,300,100000,C2,T_DL,0.5,0.5,0.5,0.5002535184136258,0.00020233439776067496,0.004093920851717503,0.06398375459222054,0.2517387987799942,1.0,3.162277660168379e-153,0.05041,0.0006918730512167677,0.94959,0.0006918730512167673,0.94959,0.0006918730512167673,0.94959,0.0006918730512167673,0.94959,0.0006918730512167673,WITHIN,0.029590000000000116
core_S4_d2_M300,core,4,0.5,300,100000,C3,T3,0.5,0.5,0.5,0.5002850333784316,0.00020294354206394633,0.004118608126546075,0.06417638293442593,0.2531109523896074,1.0,3.162277660168379e-153,0.04989,0.0006884837536209551,0.95011,0.000688483753620955,0.95011,0.000688483753620955,0.95011,0.000688483753620955,0.95011,0.000688483753620955,WITHIN,0.029889999999999972
core_S5_d1_M3,core,5,0.0,3,100000,C1,T_DL,0.08361854460463167,0.0,0.0073860233323441915,0.003016855845278001,0.0020518885836238385,0.42102467596058435,0.6488641429148203,2.2638926085369273,0.17615,0.0012046625149808555,0.17615,0.0012046625149808555,0.82165,0.0012105423474624917,0.82385,0.0012046625149808557,0.82392,0.0012044742986049971,0.82392,0.0012044742986049971,OUTSIDE_BELOW,0.09607999999999994
core_S5_d1_M3,core,5,0.0,3,100000,C2,T_DL,0.08361854460463167,0.0,0.0073860233323441915,0.003016855845278001,0.0020518885836238385,0.42102467596058435,0.6488641429148203,4.834330949082673,0.06072,0.000755202499995862,0.06072,0.000755202499995862,0.93834,0.0007606447554542136,0.93928,0.0007552024999958619,0.93929,0.0007551443299131632,0.93929,0.0007551443299131632,WITHIN,0.01929000000000003
core_S5_d1_M3,core,5,0.0,3,100000,C3,T3,0.08361854460463167,0.0,0.0073860233323441915,-0.0019745139161085057,0.002044333898599191,0.4179301088961768,0.6464751417465151,4.9297795721244375,0.04995,0.0006888758777893156,0.04995,0.0006888758777893156,0.94924,0.0006941427979890018,0.95005,0.0006888758777893159,0.95012,0.0006884183727937542,0.95005,0.0006888758777893159,WITHIN,0.029950000000000032
core_S5_d1_M5,core,5,0.0,5,100000,C1,T_DL,0.08361854460463167,0.0,0.0073860233323441915,0.006190529626889043,0.0015881970890226974,0.25223699935801697,0.5022320174560927,1.833269335011922,0.12822,0.001057258868962564,0.12822,0.001057258868962564,0.87013,0.0010630323753301216,0.87178,0.001057258868962564,0.87206,0.0010562734324028038,0.87206,0.0010562734324028038,OUTSIDE_BELOW,0.04793999999999998
core_S5_d1_M5,core,5,0.0,5,100000,C2,T_DL,0.08361854460463167,0.0,0.0073860233323441915,0.006190529626889043,0.0015881970890226974,0.25223699935801697,0.5022320174560927,2.570215491635141,0.05902,0.000745229089609363,0.05902,0.000745229089609363,0.94007,0.0007505890693315486,0.94098,0.0007452290896093628,0.94095,0.0007454065836843678,0.94095,0.0007454065836843678,WITHIN,0.020950000000000024
core_S5_d1_M5,core,5,0.0,5,100000,C3,T3,0.08361854460463167,0.0,0.0073860233323441915,-0.00011128950458337347,0.00158395517613373,0.25089140000008364,0.5008906068195765,2.611356713497005,0.05071,0.0006938191111521792,0.05071,0.0006938191111521792,0.94827,0.000700385658762371,0.94929,0.0006938191111521794,0.94933,0.0006935600269623387,0.94929,0.0006938191111521794,WITHIN,0.029290000000000038
core_S5_d1_M10,core,5,0.0,10,1000000,C1,T_DL,0.08361854460463167,0.0,0.0073860233323441915,0.006783947119695914,0.0003541972153876547,0.12545566738836866,0.3541972153876547,1.3454538391299238,0.08694,0.00028174711427093624,0.08694,0.00028174711427093624,0.907418,0.0002898457749838697,0.91306,0.00028174711427093624,0.913322,0.00028136262068014656,0.913322,0.00028136262068014656,OUTSIDE_BELOW,0.006677999999999962
core_S5_d1_M10,core,5,0.0,10,1000000,C2,T_DL,0.08361854460463167,0.0,0.0073860233323441915,0.006783947119695914,0.0003541972153876547,0.12545566738836866,0.3541972153876547,1.5403225241475025,0.053863,0.0002257471533176,0.053863,0.0002257471533176,0.942015,0.0002337150824722272,0.946137,0.00022574715331759998,0.946246,0.00022553161083094312,0.946246,0.00022553161083094312,WITHIN,0.026246000000000103
core_S5_d1_M10,core,5,0.0,10,1000000,C3,T3,0.08361854460463167,0.0,0.0073860233323441915,-0.00013464689657506274,0.0003538409720039458,0.12520343346869717,0.3538409720039458,1.5569704025677773,0.049774,0.00021747769753241366,0.049774,0.00021747769753241366,0.945344,0.00022730754862960455,0.950226,0.00021747769753241363,0.950244,0.0002174404296905247,0.950226,0.00021747769753241363,WITHIN,0.029773999999999967
core_S5_d1_M30,core,5,0.0,30,100000,C1,T_DL,0.08361854460463167,0.0,0.0073860233323441915,0.006566252989074315,0.0006446076718491825,0.041551905060682334,0.20384284402618194,0.7963380304537762,0.06098,0.0007567128887497555,0.06098,0.0007567128887497555,0.92298,0.0008431365227529879,0.93902,0.0007567128887497559,0.93909,0.0007563066302763716,0.93909,0.0007563066302763716,WITHIN,0.01909000000000005
core_S5_d1_M30,core,5,0.0,30,100000,C2,T_DL,0.08361854460463167,0.0,0.0073860233323441915,0.006566252989074315,0.0006446076718491825,0.041551905060682334,0.20384284402618194,0.8228432815555318,0.05161,0.0006996170945595884,0.05161,0.0006996170945595884,0.93344,0.0007882243741473614,0.94839,0.0006996170945595886,0.94844,0.0006992965493980365,0.94844,0.0006992965493980365,WITHIN,0.02844000000000002
core_S5_d1_M30,core,5,0.0,30,100000,C3,T3,0.08361854460463167,0.0,0.0073860233323441915,-0.0007188857907894693,0.0006452219127712559,0.041631131672019824,0.20403708406076534,0.8284929308332414,0.04974,0.0006875022356327287,0.04974,0.0006875022356327287,0.9323,0.0007944602570298905,0.95026,0.0006875022356327287,0.95034,0.0006869780520511557,0.95026,0.0006875022356327287,WITHIN,0.02973999999999999
core_S5_d1_M100,core,5,0.0,100,100000,C1,T_DL,0.08361854460463167,0.0,0.0073860233323441915,0.007048446731887757,0.0003541667902660003,0.012543411532732108,0.11199737288317127,0.44045679689362355,0.05275,0.0007068764920408657,0.05275,0.0007068764920408657,0.89346,0.0009756496727821928,0.94725,0.0007068764920408654,0.94749,0.0007053559378072886,0.94749,0.0007053559378072886,WITHIN,0.027490000000000125
core_S5_d1_M100,core,5,0.0,100,100000,C2,T_DL,0.08361854460463167,0.0,0.0073860233323441915,0.007048446731887757,0.0003541667902660003,0.012543411532732108,0.11199737288317127,0.4407034182276901,0.05151,0.0006989758214702423,0.05151,0.0006989758214702423,0.89523,0.0009684691378665612,0.94849,0.0006989758214702419,0.94838,0.0006996811816820573,0.94838,0.0006996811816820573,WITHIN,0.028380000000000072
core_S5_d1_M100,core,5,0.0,100,100000,C3,T3,0.08361854460463167,0.0,0.0073860233323441915,-0.0003276828712482306,0.0003549110723026569,0.012596186924302175,0.11223273552890964,0.4430423990412835,0.05083,0.0006945956456817161,0.05083,0.0006945956456817161,0.88504,0.001008683292218127,0.94917,0.0006945956456817163,0.94845,0.0006992324184418225,0.94917,0.0006945956456817163,WITHIN,0.02917000000000003
core_S5_d1_M300,core,5,0.0,300,100000,C1,T_DL,0.08361854460463167,0.0,0.0073860233323441915,0.007728149455877483,0.0002032906326124153,0.0041327081307956015,0.06428614260317383,0.2552457008284816,0.05013,0.0006900506003185564,0.05013,0.0006900506003185564,0.7884,0.001291609228830454,0.94987,0.0006900506003185564,0.9519,0.0006766564120733655,0.9519,0.0006766564120733655,WITHIN,0.028100000000000014
core_S5_d1_M300,core,5,0.0,300,100000,C2,T_DL,0.08361854460463167,0.0,0.0073860233323441915,0.007728149455877483,0.0002032906326124153,0.0041327081307956015,0.06428614260317383,0.2530362077061234,0.05133,0.0006978196837292568,0.05133,0.0006978196837292568,0.78411,0.001301082272187274,0.94867,0.0006978196837292567,0.95011,0.000688483753620955,0.95011,0.000688483753620955,WITHIN,0.029889999999999972
core_S5_d1_M300,core,5,0.0,300,100000,C3,T3,0.08361854460463167,0.0,0.0073860233323441915,0.00034495805631577786,0.0002035857027223266,0.004144713835294355,0.06437945196484943,0.25426346064582167,0.04946,0.0006856654315334849,0.04946,0.0006856654315334849,0.75193,0.001365764529851321,0.95054,0.0006856654315334845,0.94953,0.00069226280486532,0.95054,0.0006856654315334845,WITHIN,0.02945999999999993
core_S5_d2_M3,core,5,0.5,3,100000,C1,T_DL,0.5836185446046317,0.5,0.5073860233323442,0.5078019991523836,0.002057110725682596,0.4231704537718377,0.6505155292318837,2.263259187416975,0.26327,0.001392691304991885,0.17746,0.001208171959615021,0.82072,0.0012130073437535323,0.82254,0.001208171959615021,0.82275,0.0012076110197410425,0.82275,0.0012076110197410425,OUTSIDE_BELOW,0.09724999999999995
core_S5_d2_M3,core,5,0.5,3,100000,C2,T_DL,0.5836185446046317,0.5,0.5073860233323442,0.5078019991523836,0.002057110725682596,0.4231704537718377,0.6505155292318837,4.8291744792998585,0.0913,0.0009108474625314603,0.06148,0.0007596065402562039,0.93763,0.0007647220612745524,0.93852,0.0007596065402562038,0.93862,0.0007590289559694018,0.93862,0.0007590289559694018,WITHIN,0.01862000000000008
core_S5_d2_M3,core,5,0.5,3,100000,C3,T3,0.5836185446046317,0.5,0.5073860233323442,0.5024615207746791,0.0020495624109145454,0.4200706076233844,0.6481285425155912,4.923743375323854,0.07757,0.000845889443721814,0.05136,0.0006980125385693298,0.94792,0.0007026213318708735,0.94864,0.0006980125385693295,0.94872,0.0006974981118254012,0.94864,0.0006980125385693295,WITHIN,0.02864000000000011
core_S5_d2_M5,core,5,0.5,5,100000,C1,T_DL,0.5836185446046317,0.5,0.5073860233323442,0.5043631487421742,0.0015926070313033876,0.25363971561569904,0.5036265636517786,1.83368192518821,0.26332,0.0013927762835430535,0.12785,0.001055956331956961,0.86895,0.00106712650374733,0.87215,0.0010559563319569613,0.8722,0.001055780090738597,0.8722,0.001055780090738597,OUTSIDE_BELOW,0.047799999999999954
core_S5_d2_M5,core,5,0.5,5,100000,C2,T_DL,0.5836185446046317,0.5,0.5073860233323442,0.5043631487421742,0.0015926070313033876,0.25363971561569904,0.5036265636517786,2.5692321558529017,0.13609,0.0010842947565122686,0.05817,0.0007401773510450045,0.9404,0.0007486510535623388,0.94183,0.000740177351045005,0.94187,0.0007399385319065362,0.94187,0.0007399385319065362,WITHIN,0.021870000000000056
core_S5_d2_M5,core,5,0.5,5,100000,C3,T3,0.5836185446046317,0.5,0.5073860233323442,0.49817876774413605,0.0015885397679654676,0.25234585944077825,0.502340382052626,2.6109589575083185,0.1243,0.0010433096855680004,0.04977,0.0006876986774743718,0.9482,0.0007008335037653377,0.95023,0.0006876986774743717,0.95002,0.0006890718366034126,0.95023,0.0006876986774743717,WITHIN,0.029769999999999963
core_S5_d2_M10,core,5,0.5,10,1000000,C1,T_DL,0.5836185446046317,0.5,0.5073860233323442,0.5070974869363858,0.0003540163878682222,0.12532760287926353,0.3540163878682222,1.3455340918886807,0.341818,0.00047431893792679205,0.087136,0.00028203424881386303,0.907179,0.00029018142938341183,0.912864,0.00028203424881386303,0.913027,0.00028179548837942733,0.913027,0.00028179548837942733,OUTSIDE_BELOW,0.006972999999999896
core_S5_d2_M10,core,5,0.5,10,1000000,C2,T_DL,0.5836185446046317,0.5,0.5073860233323442,0.5070974869363858,0.0003540163878682222,0.12532760287926353,0.3540163878682222,1.540572523679936,0.258493,0.000437806314425683,0.053983,0.00022598414924724256,0.941724,0.00023426461069482943,0.946017,0.00022598414924724256,0.946021,0.00022597625441404237,0.946021,0.00022597625441404237,WITHIN,0.026021000000000072
core_S5_d2_M10,core,5,0.5,10,1000000,C3,T3,0.5836185446046317,0.5,0.5073860233323442,0.5001955207687974,0.0003538151657844587,0.12518517153908398,0.3538151657844587,1.5573189049272385,0.246164,0.0004307752141244897,0.049832,0.0002175977292528578,0.945119,0.0002277478338843203,0.950168,0.00021759772925285776,0.950108,0.00021772181410230817,0.950168,0.00021759772925285776,WITHIN,0.02983199999999997
core_S5_d2_M30,core,5,0.5,30,100000,C1,T_DL,0.5836185446046317,0.5,0.5073860233323442,0.5072374221843281,0.0006456341677003799,0.04168434785021624,0.20416745051603166,0.7967042186711388,0.69442,0.0014567115829840853,0.06057,0.0007543293385518026,0.92288,0.0008436379887131682,0.93943,0.0007543293385518027,0.93991,0.0007515263927501147,0.93991,0.0007515263927501147,WITHIN,0.019910000000000094
core_S5_d2_M30,core,5,0.5,30,100000,C2,T_DL,0.5836185446046317,0.5,0.5073860233323442,0.5072374221843281,0.0006456341677003799,0.04168434785021624,0.20416745051603166,0.8229702588752027,0.67406,0.0014822385651439515,0.05147,0.000698719107367188,0.93401,0.0007850816511675711,0.94853,0.000698719107367188,0.94877,0.0006971763557379151,0.94877,0.0006971763557379151,WITHIN,0.028770000000000073
core_S5_d2_M30,core,5,0.5,30,100000,C3,T3,0.5836185446046317,0.5,0.5073860233323442,0.4999739730443437,0.00064622898655578,0.04176119030649106,0.20435554875385953,0.828570134399941,0.65605,0.0015021597701309938,0.04928,0.0006844814212233959,0.93207,0.00079571046932914,0.95072,0.0006844814212233959,0.95018,0.0006880259268370631,0.95072,0.0006844814212233959,WITHIN,0.029279999999999973
core_S5_d2_M100,core,5,0.5,100,100000,C1,T_DL,0.5836185446046317,0.5,0.5073860233323442,0.5076561232031085,0.0003533090297583609,0.012482727050879439,0.111726125194063,0.4405051499035162,0.99424,0.00023930780179509374,0.05251,0.0007053559378072889,0.89374,0.000974519432335754,0.94749,0.0007053559378072886,0.94784,0.0007031311001513159,0.94784,0.0007031311001513159,WITHIN,0.027840000000000087
core_S5_d2_M100,core,5,0.5,100,100000,C2,T_DL,0.5836185446046317,0.5,0.5073860233323442,0.5076561232031085,0.0003533090297583609,0.012482727050879439,0.111726125194063,0.44072497034335645,0.99456,0.0002326028030785528,0.05217,0.0007031947888032163,0.8948,0.0009702214180278642,0.94783,0.0007031947888032166,0.94811,0.0007014087816672956,0.94811,0.0007014087816672956,WITHIN,0.02811000000000008
core_S5_d2_M100,core,5,0.5,100,100000,C3,T3,0.5836185446046317,0.5,0.5073860233323442,0.5002930954549707,0.000353789449952747,0.012516697489786732,0.11187804739888309,0.4430624825872604,0.99321,0.00025969012110590506,0.05089,0.0006949835098763135,0.88577,0.001005890188340656,0.94911,0.0006949835098763134,0.94889,0.0006964033881307585,0.94911,0.0006949835098763134,WITHIN,0.02911000000000008
core_S5_d2_M300,core,5,0.5,300,100000,C1,T_DL,0.5836185446046317,0.5,0.5073860233323442,0.5075430602141157,0.00020400876915906908,0.004161957789379833,0.0645132373190172,0.2551235049885023,1.0,3.162277660168379e-153,0.0517,0.000700193616080581,0.78681,0.0012951448718193652,0.9483,0.0007001936160805808,0.95082,0.0006838225471567898,0.95082,0.0006838225471567898,WITHIN,0.029179999999999984
core_S5_d2_M300,core,5,0.5,300,100000,C2,T_DL,0.5836185446046317,0.5,0.5073860233323442,0.5075430602141157,0.00020400876915906908,0.004161957789379833,0.0645132373190172,0.25291732457939,1.0,3.162277660168379e-153,0.05335,0.0007106600980778363,0.78217,0.0013052972500545612,0.94665,0.0007106600980778364,0.94943,0.0006929117916445065,0.94943,0.0006929117916445065,WITHIN,0.029430000000000067
core_S5_d2_M300,core,5,0.5,300,100000,C3,T3,0.5836185446046317,0.5,0.5073860233323442,0.5001642858494864,0.00020443034964317953,0.004179176785523264,0.06464655277370375,0.25415585064558505,1.0,3.162277660168379e-153,0.05041,0.0006918730512167677,0.7496,0.0013700359119380775,0.94959,0.0006918730512167673,0.94933,0.0006935600269623387,0.94959,0.0006918730512167673,WITHIN,0.029590000000000116
D1_S1_d1_M3,D1,1,0.0,3,20000,C1,T_DL,0.0,0.0,0.0,0.00047996831779007474,0.0017665162697892906,0.0624115946286054,0.2498231266888744,1.0925454704687712,0.03635,0.001323417498373057,0.03635,0.001323417498373057,0.96365,0.0013234174983730567,0.96365,0.0013234174983730567,0.96365,0.0013234174983730567,0.96365,0.0013234174983730567,WITHIN,0.016349999999999976
D1_S1_d1_M3,D1,1,0.0,3,20000,C2,T_DL,0.0,0.0,0.0,0.00047996831779007474,0.0017665162697892906,0.0624115946286054,0.2498231266888744,1.9056399895524079,0.0497,0.0015367158162783385,0.0497,0.0015367158162783385,0.9503,0.001536715816278338,0.9503,0.001536715816278338,0.9503,0.001536715816278338,0.9503,0.001536715816278338,WITHIN,0.02969999999999995
D1_S1_d1_M3,D1,1,0.0,3,20000,C3,T3,0.0,0.0,0.0,0.0018701314523680164,0.0020038944899923336,0.0803118625404327,0.28339347653118746,2.111467246464084,0.04195,0.0014175718235772041,0.04195,0.0014175718235772041,0.95805,0.0014175718235772048,0.95805,0.0014175718235772048,0.95805,0.0014175718235772048,0.95805,0.0014175718235772048,WITHIN,0.021950000000000025
D1_S1_d1_M5,D1,1,0.0,5,20000,C1,T_DL,0.0,0.0,0.0,0.00040561824479968926,0.00130849148057674,0.03424299909483819,0.18504863980812772,0.7984405148853759,0.0368,0.001331273074917389,0.0368,0.001331273074917389,0.9632,0.0013312730749173898,0.9632,0.0013312730749173898,0.9632,0.0013312730749173898,0.9632,0.0013312730749173898,WITHIN,0.016800000000000037
D1_S1_d1_M5,D1,1,0.0,5,20000,C2,T_DL,0.0,0.0,0.0,0.00040561824479968926,0.00130849148057674,0.03424299909483819,0.18504863980812772,0.9690879844632978,0.0506,0.0015498328942179541,0.0506,0.0015498328942179541,0.9494,0.0015498328942179537,0.9494,0.0015498328942179537,0.9494,0.0015498328942179537,0.9494,0.0015498328942179537,WITHIN,0.029400000000000093
D1_S1_d1_M5,D1,1,0.0,5,20000,C3,T3,0.0,0.0,0.0,0.0004516319132264826,0.0015551678495611448,0.04837094080617271,0.21993394646159722,1.1200243464961515,0.0418,0.0014151459288709416,0.0418,0.0014151459288709416,0.9582,0.0014151459288709407,0.9582,0.0014151459288709407,0.9582,0.0014151459288709407,0.9582,0.0014151459288709407,WITHIN,0.02179999999999993
D1_S1_d1_M10,D1,1,0.0,10,20000,C1,T_DL,0.0,0.0,0.0,2.2719508319639003e-05,0.0008914915951359413,0.015895145283960507,0.12607595045828726,0.5354702317758548,0.03575,0.0013128582844313397,0.03575,0.0013128582844313397,0.96425,0.0013128582844313386,0.96425,0.0013128582844313386,0.96425,0.0013128582844313386,0.96425,0.0013128582844313386,WITHIN,0.01574999999999993
D1_S1_d1_M10,D1,1,0.0,10,20000,C2,T_DL,0.0,0.0,0.0,2.2719508319639003e-05,0.0008914915951359413,0.015895145283960507,0.12607595045828726,0.5629908593881031,0.0482,0.0015145421750482882,0.0482,0.0015145421750482882,0.9518,0.0015145421750482886,0.9518,0.0015145421750482886,0.9518,0.0015145421750482886,0.9518,0.0015145421750482886,WITHIN,0.028200000000000003
D1_S1_d1_M10,D1,1,0.0,10,20000,C3,T3,0.0,0.0,0.0,-0.0005706059988795581,0.0010961931760736542,0.02403278958540891,0.15502512565842,0.6758374955765255,0.04505,0.0014666372676977767,0.04505,0.0014666372676977767,0.95495,0.0014666372676977774,0.95495,0.0014666372676977774,0.95495,0.0014666372676977774,0.95495,0.0014666372676977774,WITHIN,0.025050000000000017
D1_S1_d1_M30,D1,1,0.0,30,20000,C1,T_DL,0.0,0.0,0.0,0.0003023440638227276,0.0005042498077598322,0.0050853573725165545,0.07131169169579807,0.293767472241745,0.0424,0.0014248199886301427,0.0424,0.0014248199886301427,0.9576,0.0014248199886301427,0.9576,0.0014248199886301427,0.9576,0.0014248199886301427,0.9576,0.0014248199886301427,WITHIN,0.022399999999999975
D1_S1_d1_M30,D1,1,0.0,30,20000,C2,T_DL,0.0,0.0,0.0,0.0003023440638227276,0.0005042498077598322,0.0050853573725165545,0.07131169169579807,0.2916128535608129,0.0501,0.0015425626405433266,0.0501,0.0015425626405433266,0.9499,0.001542562640543327,0.9499,0.001542562640543327,0.9499,0.001542562640543327,0.9499,0.001542562640543327,WITHIN,0.029900000000000038
D1_S1_d1_M30,D1,1,0.0,30,20000,C3,T3,0.0,0.0,0.0,0.0003902865500012803,0.0006407286918650921,0.008210665131583044,0.09061272058371851,0.3626958146517515,0.04955,0.001534516169676944,0.04955,0.001534516169676944,0.95045,0.0015345161696769438,0.95045,0.0015345161696769438,0.95045,0.0015345161696769438,0.95045,0.0015345161696769438,WITHIN,0.029549999999999965
D1_S1_d1_M100,D1,1,0.0,100,20000,C1,T_DL,0.0,0.0,0.0,-6.305116265909609e-05,0.00027248692570263337,0.0014849824935774488,0.038535470589801404,0.1559555323693667,0.04245,0.001425622627135246,0.04245,0.001425622627135246,0.95755,0.0014256226271352455,0.95755,0.0014256226271352455,0.95755,0.0014256226271352455,0.95755,0.0014256226271352455,WITHIN,0.02244999999999997
D1_S1_d1_M100,D1,1,0.0,100,20000,C2,T_DL,0.0,0.0,0.0,-6.305116265909609e-05,0.00027248692570263337,0.0014849824935774488,0.038535470589801404,0.1536644921062315,0.04745,0.0015033046514263168,0.04745,0.0015033046514263168,0.95255,0.0015033046514263168,0.95255,0.0015033046514263168,0.95255,0.0015033046514263168,0.95255,0.0015033046514263168,WITHIN,0.027449999999999974
D1_S1_d1_M100,D1,1,0.0,100,20000,C3,T3,0.0,0.0,0.0,7.626169613979972e-06,0.0003502140031053238,0.0024529969594211153,0.049527739292452216,0.1947156739384981,0.0519,0.0015685405637088255,0.0519,0.0015685405637088255,0.9481,0.0015685405637088248,0.9481,0.0015685405637088248,0.9481,0.0015685405637088248,0.9481,0.0015685405637088248,WITHIN,0.028100000000000125
D1_S1_d2_M3,D1,1,0.5,3,20000,C1,T_DL,0.5,0.5,0.5,0.5001273742818928,0.0017837614453573845,0.06363609787886931,0.2522619628062648,1.0901971415900957,0.4895,0.0035347542347382507,0.03705,0.0013356140441759363,0.96295,0.0013356140441759367,0.96295,0.0013356140441759367,0.96295,0.0013356140441759367,0.96295,0.0013356140441759367,WITHIN,0.01705000000000001
D1_S1_d2_M3,D1,1,0.5,3,20000,C2,T_DL,0.5,0.5,0.5,0.5001273742818928,0.0017837614453573845,0.06363609787886931,0.2522619628062648,1.8946262808841399,0.25695,0.003089714367866389,0.05095,0.0015548970625092837,0.94905,0.0015548970625092846,0.94905,0.0015548970625092846,0.94905,0.0015548970625092846,0.94905,0.0015548970625092846,WITHIN,0.02905000000000002
D1_S1_d2_M3,D1,1,0.5,3,20000,C3,T3,0.5,0.5,0.5,0.5007700116454751,0.002015892675257939,0.0812764655631722,0.28509027616383587,2.094286280662841,0.21665,0.0029130119936244684,0.0426,0.00142802731066321,0.9574,0.0014280273106632095,0.9574,0.0014280273106632095,0.9574,0.0014280273106632095,0.9574,0.0014280273106632095,WITHIN,0.022599999999999953
D1_S1_d2_M5,D1,1,0.5,5,20000,C1,T_DL,0.5,0.5,0.5,0.4991565129559577,0.0013157361906015537,0.03462323446517376,0.1860731965253829,0.8013521161024456,0.7079,0.003215412803980229,0.0373,0.001339938617997108,0.9627,0.001339938617997108,0.9627,0.001339938617997108,0.9627,0.001339938617997108,0.9627,0.001339938617997108,WITHIN,0.017299999999999982
D1_S1_d2_M5,D1,1,0.5,5,20000,C2,T_DL,0.5,0.5,0.5,0.4991565129559577,0.0013157361906015537,0.03462323446517376,0.1860731965253829,0.9781875540847472,0.5564,0.003512969114580998,0.0487,0.001521977496548487,0.9513,0.0015219774965484867,0.9513,0.0015219774965484867,0.9513,0.0015219774965484867,0.9513,0.0015219774965484867,WITHIN,0.028699999999999948
D1_S1_d2_M5,D1,1,0.5,5,20000,C3,T3,0.5,0.5,0.5,0.5004896792542846,0.0015576557823917079,0.04852583072836647,0.22028579329672276,1.1257924548050455,0.46475,0.0035267367175620015,0.04155,0.0014110917316035834,0.95845,0.0014110917316035832,0.95845,0.0014110917316035832,0.95845,0.0014110917316035832,0.95845,0.0014110917316035832,WITHIN,0.021549999999999958
D1_S1_d2_M10,D1,1,0.5,10,20000,C1,T_DL,0.5,0.5,0.5,0.49941722272176287,0.0008949163124447044,0.016017504125592552,0.12656027862482191,0.5364444461654154,0.9496,0.0015469298626634629,0.03885,0.001366394480009342,0.96115,0.0013663944800093428,0.96115,0.0013663944800093428,0.96115,0.0013663944800093428,0.96115,0.0013663944800093428,WITHIN,0.018850000000000033
D1_S1_d2_M10,D1,1,0.5,10,20000,C2,T_DL,0.5,0.5,0.5,0.49941722272176287,0.0008949163124447044,0.016017504125592552,0.12656027862482191,0.5644227290931628,0.91805,0.0019395127932034886,0.05215,0.0015721065087963982,0.94785,0.0015721065087963987,0.94785,0.0015721065087963987,0.94785,0.0015721065087963987,0.94785,0.0015721065087963987,WITHIN,0.02785000000000004
D1_S1_d2_M10,D1,1,0.5,10,20000,C3,T3,0.5,0.5,0.5,0.49949019912603926,0.0011067963503271672,0.02449996322195075,0.15652464094177232,0.6766332230325722,0.8143,0.002749686436668734,0.0481,0.0015130497348071542,0.9519,0.0015130497348071548,0.9519,0.0015130497348071548,0.9519,0.0015130497348071548,0.9519,0.0015130497348071548,WITHIN,0.028100000000000014
D1_S1_d2_M30,D1,1,0.5,30,20000,C1,T_DL,0.5,0.5,0.5,0.49915845076888693,0.0004973495516506776,0.004947131530542603,0.07033584811845665,0.29401883797358513,1.0,7.071067811865475e-153,0.04015,0.001388127830929126,0.95985,0.0013881278309291261,0.95985,0.0013881278309291261,0.95985,0.0013881278309291261,0.95985,0.0013881278309291261,WITHIN,0.02015
D1_S1_d2_M30,D1,1,0.5,30,20000,C2,T_DL,0.5,0.5,0.5,0.49915845076888693,0.0004973495516506776,0.004947131530542603,0.07033584811845665,0.29210637902060466,1.0,7.071067811865475e-153,0.0474,0.0015025518293889232,0.9526,0.0015025518293889232,0.9526,0.0015025518293889232,0.9526,0.0015025518293889232,0.9526,0.0015025518293889232,WITHIN,0.02739999999999998
D1_S1_d2_M30,D1,1,0.5,30,20000,C3,T3,0.5,0.5,0.5,0.4994337318822865,0.0006337419546079263,0.008032577300605498,0.08962464672513637,0.3633648335945967,0.99895,0.00022900846054239955,0.04635,0.0014866350846794918,0.95365,0.0014866350846794918,0.95365,0.0014866350846794918,0.95365,0.0014866350846794918,0.95365,0.0014866350846794918,WITHIN,0.026349999999999985
D1_S1_d2_M100,D1,1,0.5,100,20000,C1,T_DL,0.5,0.5,0.5,0.4997541766478598,0.0002719865497086515,0.0014795336644483348,0.03846470673810389,0.1558302769917545,1.0,7.071067811865475e-153,0.04385,0.001447880822098283,0.95615,0.0014478808220982822,0.95615,0.0014478808220982822,0.95615,0.0014478808220982822,0.95615,0.0014478808220982822,WITHIN,0.023849999999999927
D1_S1_d2_M100,D1,1,0.5,100,20000,C2,T_DL,0.5,0.5,0.5,0.4997541766478598,0.0002719865497086515,0.0014795336644483348,0.03846470673810389,0.15354016084384015,1.0,7.071067811865475e-153,0.0492,0.0015293684971255292,0.9508,0.0015293684971255297,0.9508,0.0015293684971255297,0.9508,0.0015293684971255297,0.9508,0.0015293684971255297,WITHIN,0.029200000000000004
D1_S1_d2_M100,D1,1,0.5,100,20000,C3,T3,0.5,0.5,0.5,0.49944064519876585,0.00034856594289297486,0.0024299643308973717,0.04929466838206108,0.1945938746007417,1.0,7.071067811865475e-153,0.0491,0.0015278938117552542,0.9509,0.0015278938117552546,0.9509,0.0015278938117552546,0.9509,0.0015278938117552546,0.9509,0.0015278938117552546,WITHIN,0.029100000000000015
D1_S2_d1_M3,D1,2,0.0,3,20000,C1,T_DL,0.0,0.0,0.0,-0.0008875548546124438,0.0027939030202068513,0.15611788172641933,0.3951175543131681,1.4475063902569585,0.1283,0.0023647315915342275,0.1283,0.0023647315915342275,0.8717,0.002364731591534227,0.8717,0.002364731591534227,0.8717,0.002364731591534227,0.8717,0.002364731591534227,OUTSIDE_BELOW,0.0482999999999999
D1_S2_d1_M3,D1,2,0.0,3,20000,C2,T_DL,0.0,0.0,0.0,-0.0008875548546124438,0.0027939030202068513,0.15611788172641933,0.3951175543131681,2.9120931742584193,0.0592,0.0016687624156841501,0.0592,0.0016687624156841501,0.9408,0.0016687624156841504,0.9408,0.0016687624156841504,0.9408,0.0016687624156841504,0.9408,0.0016687624156841504,WITHIN,0.02080000000000004
D1_S2_d1_M3,D1,2,0.0,3,20000,C3,T3,0.0,0.0,0.0,-0.002731111893690347,0.0028696445222673142,0.16469719368357605,0.4058290202580097,3.0638405004486753,0.04645,0.0014881598956429378,0.04645,0.0014881598956429378,0.95355,0.0014881598956429378,0.95355,0.0014881598956429378,0.95355,0.0014881598956429378,0.95355,0.0014881598956429378,WITHIN,0.026449999999999974
D1_S2_d1_M5,D1,2,0.0,5,20000,C1,T_DL,0.0,0.0,0.0,0.0027034697189553952,0.00215522080210349,0.09289953411639224,0.30479424882433764,1.1195001540264293,0.113,0.0022386491462486925,0.113,0.0022386491462486925,0.887,0.0022386491462486925,0.887,0.0022386491462486925,0.887,0.0022386491462486925,0.887,0.0022386491462486925,OUTSIDE_BELOW,0.03299999999999992
D1_S2_d1_M5,D1,2,0.0,5,20000,C2,T_DL,0.0,0.0,0.0,0.0027034697189553952,0.00215522080210349,0.09289953411639224,0.30479424882433764,1.5323219097018124,0.06485,0.001741328192788482,0.06485,0.001741328192788482,0.93515,0.0017413281927884812,0.93515,0.0017413281927884812,0.93515,0.0017413281927884812,0.93515,0.0017413281927884812,WITHIN,0.015150000000000108
D1_S2_d1_M5,D1,2,0.0,5,20000,C3,T3,0.0,0.0,0.0,0.002610562480133837,0.0022271038226309796,0.09919982873555046,0.31496004307776954,1.6240809024683867,0.05,0.0015411035007422442,0.05,0.0015411035007422442,0.95,0.0015411035007422448,0.95,0.0015411035007422448,0.95,0.0015411035007422448,0.95,0.0015411035007422448,WITHIN,0.030000000000000027
D1_S2_d1_M10,D1,2,0.0,10,78670,C1,T_DL,0.0,0.0,0.0,-0.0004503217324623449,0.0007634373601475588,0.04585175554770999,0.2141302303452504,0.8033421708375492,0.0867547985254862,0.0010035427486067958,0.0867547985254862,0.0010035427486067958,0.9132452014745138,0.0010035427486067958,0.9132452014745138,0.0010035427486067958,0.9132452014745138,0.0010035427486067958,0.9132452014745138,0.0010035427486067958,OUTSIDE_BELOW,0.006754798525486105
D1_S2_d1_M10,D1,2,0.0,10,78670,C2,T_DL,0.0,0.0,0.0,-0.0004503217324623449,0.0007634373601475588,0.04585175554770999,0.2141302303452504,0.9209404230059965,0.0594508707258167,0.0008430731877152776,0.0594508707258167,0.0008430731877152776,0.9405491292741833,0.0008430731877152775,0.9405491292741833,0.0008430731877152775,0.9405491292741833,0.0008430731877152775,0.9405491292741833,0.0008430731877152775,WITHIN,0.020549129274183398
D1_S2_d1_M10,D1,2,0.0,10,78670,C3,T3,0.0,0.0,0.0,-0.00024312088058342076,0.0007938996093539104,0.049583859314239365,0.2226743346554321,0.9750334198544661,0.048519130545315876,0.0007660409041238791,0.048519130545315876,0.0007660409041238791,0.9514808694546841,0.000766040904123879,0.9514808694546841,0.000766040904123879,0.9514808694546841,0.000766040904123879,0.9514808694546841,0.000766040904123879,WITHIN,0.02851913054531585
D1_S2_d1_M30,D1,2,0.0,30,20000,C1,T_DL,0.0,0.0,0.0,-4.6248477146057374e-05,0.0008689696601945962,0.015102165406774238,0.12289086787379377,0.47206355861561705,0.06245,0.00171099382669839,0.06245,0.00171099382669839,0.93755,0.0017109938266983901,0.93755,0.0017109938266983901,0.93755,0.0017109938266983901,0.93755,0.0017109938266983901,WITHIN,0.017550000000000066
D1_S2_d1_M30,D1,2,0.0,30,20000,C2,T_DL,0.0,0.0,0.0,-4.6248477146057374e-05,0.0008689696601945962,0.015102165406774238,0.12289086787379377,0.49223664553562774,0.05265,0.0015792083063991273,0.05265,0.0015792083063991273,0.94735,0.001579208306399127,0.94735,0.001579208306399127,0.94735,0.001579208306399127,0.94735,0.001579208306399127,WITHIN,0.027350000000000096
D1_S2_d1_M30,D1,2,0.0,30,20000,C3,T3,0.0,0.0,0.0,-5.824340350694657e-06,0.0009111856966429626,0.016605187475334425,0.12886111700328545,0.5197516377323913,0.05045,0.0015476562522084806,0.05045,0.0015476562522084806,0.94955,0.0015476562522084806,0.94955,0.0015476562522084806,0.94955,0.0015476562522084806,0.94955,0.0015476562522084806,WITHIN,0.029550000000000076
D1_S2_d1_M100,D1,2,0.0,100,20000,C1,T_DL,0.0,0.0,0.0,-0.0001768471575227462,0.00046707581771515054,0.004363196389885531,0.06605449560692694,0.26060595390060887,0.0507,0.0015512818892773807,0.0507,0.0015512818892773807,0.9493,0.0015512818892773803,0.9493,0.0015512818892773803,0.9493,0.0015512818892773803,0.9493,0.0015512818892773803,WITHIN,0.029300000000000104
D1_S2_d1_M100,D1,2,0.0,100,20000,C2,T_DL,0.0,0.0,0.0,-0.0001768471575227462,0.00046707581771515054,0.004363196389885531,0.06605449560692694,0.26364435390106994,0.0472,0.0014995359282124587,0.0472,0.0014995359282124587,0.9528,0.001499535928212459,0.9528,0.001499535928212459,0.9528,0.001499535928212459,0.9528,0.001499535928212459,WITHIN,0.027200000000000002
D1_S2_d1_M100,D1,2,0.0,100,20000,C3,T3,0.0,0.0,0.0,-0.00031755612283434386,0.0004916287081762194,0.004833975734060365,0.0695267986754774,0.2776438245564582,0.04845,0.0015182654165197863,0.04845,0.0015182654165197863,0.95155,0.001518265416519786,0.95155,0.001518265416519786,0.95155,0.001518265416519786,0.95155,0.001518265416519786,WITHIN,0.028449999999999975
D1_S2_d2_M3,D1,2,0.5,3,20000,C1,T_DL,0.5,0.5,0.5,0.5011444621967638,0.0027888639780395148,0.15555524576012775,0.39440492613572636,1.453666189660702,0.3469,0.0033657123317360326,0.12805,0.002362765302563926,0.87195,0.002362765302563926,0.87195,0.002362765302563926,0.87195,0.002362765302563926,0.87195,0.002362765302563926,OUTSIDE_BELOW,0.048049999999999926
D1_S2_d2_M3,D1,2,0.5,3,20000,C2,T_DL,0.5,0.5,0.5,0.5011444621967638,0.0027888639780395148,0.15555524576012775,0.39440492613572636,2.9242944319877875,0.1466,0.002501084164917286,0.06035,0.0016838627838989732,0.93965,0.0016838627838989732,0.93965,0.0016838627838989732,0.93965,0.0016838627838989732,0.93965,0.0016838627838989732,WITHIN,0.019650000000000056
D1_S2_d2_M3,D1,2,0.5,3,20000,C3,T3,0.5,0.5,0.5,0.49958449153625817,0.0028739516095745835,0.16519195708352677,0.4064381343864362,3.075488385261849,0.1212,0.002307710553774021,0.04705,0.001497269139132975,0.95295,0.0014972691391329754,0.95295,0.0014972691391329754,0.95295,0.0014972691391329754,0.95295,0.0014972691391329754,WITHIN,0.02705000000000002
D1_S2_d2_M5,D1,2,0.5,5,320259,C1,T_DL,0.5,0.5,0.5,0.5002346438917861,0.0005370509561587599,0.09237029518947559,0.3039248183177471,1.122503743331506,0.44353476405034675,0.0008778739863310357,0.10851217296001049,0.0005495994219163269,0.8914878270399895,0.0005495994219163269,0.8914878270399895,0.0005495994219163269,0.8914878270399895,0.0005495994219163269,0.8914878270399895,0.0005495994219163269,OUTSIDE_BELOW,0.028512172960010407
D1_S2_d2_M5,D1,2,0.5,5,320259,C2,T_DL,0.5,0.5,0.5,0.5002346438917861,0.0005370509561587599,0.09237029518947559,0.3039248183177471,1.5391543441161608,0.27355671503376955,0.0007877236329024044,0.06231206617144249,0.00042713441836904223,0.9376879338285575,0.0004271344183690422,0.9376879338285575,0.0004271344183690422,0.9376879338285575,0.0004271344183690422,0.9376879338285575,0.0004271344183690422,WITHIN,0.0176879338285576
D1_S2_d2_M5,D1,2,0.5,5,320259,C3,T3,0.5,0.5,0.5,0.5004801646900506,0.0005555130193529781,0.09883023472571156,0.31437276396932284,1.6285511319590167,0.24300019671578316,0.0007578801358396328,0.04778320047211788,0.00037692493231398166,0.9522167995278821,0.0003769249323139819,0.9522167995278821,0.0003769249323139819,0.9522167995278821,0.0003769249323139819,0.9522167995278821,0.0003769249323139819,WITHIN,0.027783200472117908
D1_S2_d2_M10,D1,2,0.5,10,87181,C1,T_DL,0.5,0.5,0.5,0.5002548357198336,0.0007224053977030971,0.04549710999097173,0.2133005156837923,0.8029587877113682,0.6646287608538558,0.0015989745451412685,0.08675055344627844,0.0009532787516400111,0.9132494465537215,0.0009532787516400113,0.9132494465537215,0.0009532787516400113,0.9132494465537215,0.0009532787516400113,0.9132494465537215,0.0009532787516400113,OUTSIDE_BELOW,0.006750553446278396
D1_S2_d2_M10,D1,2,0.5,10,87181,C2,T_DL,0.5,0.5,0.5,0.5002548357198336,0.0007224053977030971,0.04549710999097173,0.2133005156837923,0.9201247584653233,0.5674516236335899,0.0016779184190271093,0.059875431573393284,0.0008035374202922371,0.9401245684266067,0.000803537420292237,0.9401245684266067,0.000803537420292237,0.9401245684266067,0.000803537420292237,0.9401245684266067,0.000803537420292237,WITHIN,0.020124568426606815
D1_S2_d2_M10,D1,2,0.5,10,87181,C3,T3,0.5,0.5,0.5,0.5002256221382435,0.0007525748875093384,0.04937661241594038,0.2222084886226005,0.9736842564215411,0.5303219738245719,0.0016902813873133466,0.04963237402645072,0.0007355588383234537,0.9503676259735493,0.0007355588383234537,0.9503676259735493,0.0007355588383234537,0.9503676259735493,0.0007355588383234537,0.9503676259735493,0.0007355588383234537,WITHIN,0.029632374026450692
D1_S2_d2_M30,D1,2,0.5,30,20000,C1,T_DL,0.5,0.5,0.5,0.501078386468938,0.0008611451013121912,0.014831417710279682,0.12178430814468538,0.471580228076118,0.98315,0.0009101120123369439,0.0611,0.0016936172826232023,0.9389,0.001693617282623203,0.9389,0.001693617282623203,0.9389,0.001693617282623203,0.9389,0.001693617282623203,WITHIN,0.018900000000000028
D1_S2_d2_M30,D1,2,0.5,30,20000,C2,T_DL,0.5,0.5,0.5,0.501078386468938,0.0008611451013121912,0.014831417710279682,0.12178430814468538,0.49167718756533524,0.9793,0.0010067648682785878,0.05165,0.0015649644964023945,0.94835,0.001564964496402394,0.94835,0.001564964496402394,0.94835,0.001564964496402394,0.94835,0.001564964496402394,WITHIN,0.028350000000000097
D1_S2_d2_M30,D1,2,0.5,30,20000,C3,T3,0.5,0.5,0.5,0.5006038416945219,0.0009035232372031912,0.016327084803322678,0.1277774815971996,0.5190499476193707,0.9653,0.001294138902900302,0.0474,0.0015025518293889232,0.9526,0.0015025518293889232,0.9526,0.0015025518293889232,0.9526,0.0015025518293889232,0.9526,0.0015025518293889232,WITHIN,0.02739999999999998
D1_S2_d2_M100,D1,2,0.5,100,20000,C1,T_DL,0.5,0.5,0.5,0.500094921984733,0.00047060801183924016,0.004429438016145648,0.06655402329044915,0.2606948845594262,1.0,7.071067811865475e-153,0.051,0.001555618847918731,0.949,0.0015556188479187317,0.949,0.0015556188479187317,0.949,0.0015556188479187317,0.949,0.0015556188479187317,WITHIN,0.029000000000000026
D1_S2_d2_M100,D1,2,0.5,100,20000,C2,T_DL,0.5,0.5,0.5,0.500094921984733,0.00047060801183924016,0.004429438016145648,0.06655402329044915,0.2638865894461377,1.0,7.071067811865475e-153,0.0483,0.0015160328162675109,0.9517,0.0015160328162675109,0.9517,0.0015160328162675109,0.9517,0.0015160328162675109,0.9517,0.0015160328162675109,WITHIN,0.028299999999999992
D1_S2_d2_M100,D1,2,0.5,100,20000,C3,T3,0.5,0.5,0.5,0.5004072815094421,0.0004956042191469358,0.004912470840724881,0.07008902082869242,0.27790256716366296,1.0,7.071067811865475e-153,0.0496,0.0015352498168050698,0.9504,0.0015352498168050694,0.9504,0.0015352498168050694,0.9504,0.0015352498168050694,0.9504,0.0015352498168050694,WITHIN,0.02959999999999996
D1_S3_d1_M3,D1,3,0.0,3,20000,C1,T_DL,0.08361854460463167,0.0,0.01923982029783763,0.008975557488223849,0.0028260711660320318,0.15973356470955297,0.3996668171234046,1.4680108458843624,0.13185,0.0023923375336686917,0.13185,0.0023923375336686917,0.8657,0.0024110527783522285,0.86815,0.002392337533668692,0.8687,0.0023880987207399946,0.8687,0.0023880987207399946,OUTSIDE_BELOW,0.0512999999999999
D1_S3_d1_M3,D1,3,0.0,3,20000,C2,T_DL,0.08361854460463167,0.0,0.01923982029783763,0.008975557488223849,0.0028260711660320318,0.15973356470955297,0.3996668171234046,2.9487606051073687,0.0613,0.0016962062079829798,0.0613,0.0016962062079829798,0.9387,0.0016962062079829802,0.9387,0.0016962062079829802,0.9395,0.0016858195336393513,0.9395,0.0016858195336393513,WITHIN,0.019500000000000073
D1_S3_d1_M3,D1,3,0.0,3,20000,C3,T3,0.08361854460463167,0.0,0.01923982029783763,-0.0009981831089956267,0.0028811227533648777,0.1660173663991363,0.4074522872670324,3.0923331218318193,0.04805,0.0015123028383891898,0.04805,0.0015123028383891898,0.94985,0.0015432915716092023,0.95195,0.0015123028383891904,0.95235,0.0015063113472984259,0.95195,0.0015123028383891904,WITHIN,0.02805000000000002
D1_S3_d1_M5,D1,3,0.0,5,20000,C1,T_DL,0.08361854460463167,0.0,0.01923982029783763,0.020456202443121223,0.002198665995789879,0.09668264322085404,0.3109383270374594,1.1377097820859512,0.1154,0.002259234826218824,0.1154,0.002259234826218824,0.8813,0.0022870320286344924,0.8846,0.0022592348262188235,0.88565,0.0022502675118749767,0.88565,0.0022502675118749767,OUTSIDE_BELOW,0.03434999999999988
D1_S3_d1_M5,D1,3,0.0,5,20000,C2,T_DL,0.08361854460463167,0.0,0.01923982029783763,0.020456202443121223,0.002198665995789879,0.09668264322085404,0.3109383270374594,1.5581422368435642,0.0652,0.0017456941312841718,0.0652,0.0017456941312841718,0.9324,0.0017752498415716023,0.9348,0.0017456941312841724,0.9346,0.0017481824847538087,0.9346,0.0017481824847538087,WITHIN,0.014600000000000057
D1_S3_d1_M5,D1,3,0.0,5,20000,C3,T3,0.08361854460463167,0.0,0.01923982029783763,0.006598464199048142,0.0022614978239603226,0.10228744815554547,0.31982408939219303,1.6466867908618799,0.0517,0.001565680522967569,0.0517,0.001565680522967569,0.947,0.0015841559266688372,0.9483,0.0015656805229675684,0.9491,0.0015541748614618619,0.9483,0.0015656805229675684,WITHIN,0.028300000000000103
D1_S3_d1_M10,D1,3,0.0,10,43282,C1,T_DL,0.08361854460463167,0.0,0.01923982029783763,0.01691576967000577,0.001042856967330633,0.047071367419847354,0.21695936813110273,0.8177363189741627,0.08839702416709025,0.0013644826860207404,0.08839702416709025,0.0013644826860207404,0.9024074673074257,0.0014264480979767878,0.9116029758329097,0.0013644826860207406,0.9129892333995656,0.0013547702935597533,0.9129892333995656,0.0013547702935597533,OUTSIDE_BELOW,0.007010766600434315
D1_S3_d1_M10,D1,3,0.0,10,43282,C2,T_DL,0.08361854460463167,0.0,0.01923982029783763,0.01691576967000577,0.001042856967330633,0.047071367419847354,0.21695936813110273,0.9314659663346097,0.060972228640081325,0.0011501423435164037,0.060972228640081325,0.0011501423435164037,0.9318192320133081,0.0012115549572096905,0.9390277713599187,0.001150142343516404,0.9398826301926898,0.0011425708429693819,0.9398826301926898,0.0011425708429693819,WITHIN,0.019882630192689876
D1_S3_d1_M10,D1,3,0.0,10,43282,C3,T3,0.08361854460463167,0.0,0.01923982029783763,-0.0002533551552569415,0.001079880286915187,0.05047293354933231,0.22466182040865848,0.9817436454348181,0.04868074488239915,0.0010343989968096684,0.04868074488239915,0.0010343989968096684,0.9389584584815859,0.0011507534225356918,0.9513192551176008,0.0010343989968096684,0.9511806293609353,0.0010357952772713764,0.9513192551176008,0.0010343989968096684,WITHIN,0.028680744882399134
D1_S3_d1_M30,D1,3,0.0,30,20000,C1,T_DL,0.08361854460463167,0.0,0.01923982029783763,0.019281505987847253,0.0008759414505295166,0.01534546849511507,0.12387682791836038,0.484936884221156,0.0632,0.0017205487496726153,0.0632,0.0017205487496726153,0.909,0.0020337035182149826,0.9368,0.0017205487496726158,0.9401,0.0016779748210268227,0.9401,0.0016779748210268227,WITHIN,0.020100000000000118
D1_S3_d1_M30,D1,3,0.0,30,20000,C2,T_DL,0.08361854460463167,0.0,0.01923982029783763,0.019281505987847253,0.0008759414505295166,0.01534546849511507,0.12387682791836038,0.49943824558461963,0.056,0.001625792114632126,0.056,0.001625792114632126,0.9176,0.001944353877255887,0.944,0.0016257921146321267,0.9479,0.0015713941262458639,0.9479,0.0015713941262458639,WITHIN,0.027900000000000036
D1_S3_d1_M30,D1,3,0.0,30,20000,C3,T3,0.08361854460463167,0.0,0.01923982029783763,0.0010027362112539043,0.0009107388154128136,0.016588903797990696,0.12879791845364078,0.5238216666389981,0.04835,0.001516777463901676,0.04835,0.001516777463901676,0.9061,0.0020625565446794423,0.95165,0.001516777463901676,0.95075,0.0015301051842928973,0.95165,0.001516777463901676,WITHIN,0.028349999999999986
D1_S3_d1_M100,D1,3,0.0,100,20000,C1,T_DL,0.08361854460463167,0.0,0.01923982029783763,0.019396478693693812,0.00048198324309024494,0.004646156932395803,0.06816272392147928,0.26879960230916883,0.06205,0.001705869243230559,0.06205,0.001705869243230559,0.84465,0.0025614095484713098,0.93795,0.0017058692432305597,0.9471,0.0015827442939401165,0.9471,0.0015827442939401165,WITHIN,0.027100000000000124
D1_S3_d1_M100,D1,3,0.0,100,20000,C2,T_DL,0.08361854460463167,0.0,0.01923982029783763,0.019396478693693812,0.00048198324309024494,0.004646156932395803,0.06816272392147928,0.26784666000648527,0.0624,0.0017103543492504702,0.0624,0.0017103543492504702,0.8449,0.002559726450228618,0.9376,0.0017103543492504704,0.94825,0.0015663961424237478,0.94825,0.0015663961424237478,WITHIN,0.02825000000000011
D1_S3_d1_M100,D1,3,0.0,100,20000,C3,T3,0.08361854460463167,0.0,0.01923982029783763,0.00048406223970728164,0.0005035103874844875,0.005070454206095575,0.07120712187762945,0.28044253527508056,0.0515,0.0015628139684556188,0.0515,0.0015628139684556188,0.78735,0.0028933542601969776,0.9485,0.0015628139684556186,0.94185,0.0016548198920124213,0.9485,0.0015628139684556186,WITHIN,0.02850000000000008
D1_S3_d2_M3,D1,3,0.5,3,20000,C1,T_DL,0.5836185446046317,0.5,0.5192398202978377,0.5116633750601317,0.0028170629529222827,0.15871687361454423,0.3983928634081492,1.4713723261620821,0.35365,0.003380692809913376,0.12475,0.002336529878901616,0.87185,0.002363552173107249,0.87525,0.0023365298789016164,0.87595,0.002330896796299656,0.87595,0.002330896796299656,OUTSIDE_BELOW,0.04404999999999992
D1_S3_d2_M3,D1,3,0.5,3,20000,C2,T_DL,0.5836185446046317,0.5,0.5192398202978377,0.5116633750601317,0.0028170629529222827,0.15871687361454423,0.3983928634081492,2.959953466650949,0.14975,0.002523142262140603,0.06055,0.0016864711307935276,0.9377,0.0017090744571258449,0.93945,0.0016864711307935276,0.93935,0.0016877733482313314,0.93935,0.0016877733482313314,WITHIN,0.01935000000000009
D1_S3_d2_M3,D1,3,0.5,3,20000,C3,T3,0.5836185446046317,0.5,0.5192398202978377,0.5008285409807628,0.002881353112250896,0.16604391514955852,0.4074848649331144,3.1035240141566804,0.12535,0.0023413391200336614,0.0478,0.001508561566526206,0.9511,0.0015249391791150237,0.9522,0.0015085615665262051,0.9526,0.0015025518293889232,0.9522,0.0015085615665262051,WITHIN,0.027799999999999936
D1_S3_d2_M5,D1,3,0.5,5,46644,C1,T_DL,0.5836185446046317,0.5,0.5192398202978377,0.5135277891614082,0.0014320244157372153,0.0956525675434659,0.30927749278514577,1.1406950262453404,0.4514835777377583,0.0023041879596866007,0.10983191836034645,0.0014477794244159318,0.8841437269530915,0.0014819150834674303,0.8901680816396536,0.0014477794244159318,0.8902323985936026,0.001447407743241996,0.8902323985936026,0.001447407743241996,OUTSIDE_BELOW,0.029767601406397337
D1_S3_d2_M5,D1,3,0.5,5,46644,C2,T_DL,0.5836185446046317,0.5,0.5192398202978377,0.5135277891614082,0.0014320244157372153,0.0956525675434659,0.30927749278514577,1.5614870120249773,0.281643941342938,0.002082678303581993,0.06290198096218164,0.0011241565052242666,0.9348040476803019,0.0011430697070689963,0.9370980190378184,0.0011241565052242661,0.9380413343624046,0.0011162568130028765,0.9380413343624046,0.0011162568130028765,WITHIN,0.018041334362404626
D1_S3_d2_M5,D1,3,0.5,5,46644,C3,T3,0.5836185446046317,0.5,0.5192398202978377,0.49828388234287935,0.0014706687708744691,0.10088475125882418,0.3176235999714508,1.646734169128792,0.24022382299974274,0.001978121575071853,0.04834491038504416,0.0009931555496606134,0.9468741960380757,0.0010384868583077369,0.9516550896149558,0.0009931555496606136,0.9512048709373124,0.0009975332370450562,0.9516550896149558,0.0009931555496606136,WITHIN,0.028344910385044164
D1_S3_d2_M10,D1,3,0.5,10,22464,C1,T_DL,0.5836185446046317,0.5,0.5192398202978377,0.5161714093216471,0.0014488455403661466,0.04715538197398039,0.21715289998980072,0.8191156098139726,0.6706285612535613,0.003135742888334525,0.08747329059829059,0.001885024414150267,0.9019764957264957,0.001983897257905637,0.9125267094017094,0.0018850244141502667,0.9143073361823362,0.0018675592053250308,0.9143073361823362,0.0018675592053250308,OUTSIDE_BELOW,0.005692663817663757
D1_S3_d2_M10,D1,3,0.5,10,22464,C2,T_DL,0.5836185446046317,0.5,0.5192398202978377,0.5161714093216471,0.0014488455403661466,0.04715538197398039,0.21715289998980072,0.93289303642445,0.5805288461538461,0.003292451660002751,0.059161324786324784,0.0015741023992800875,0.9330039173789174,0.0016681031140854258,0.9408386752136753,0.0015741023992800868,0.9415509259259259,0.001565190416124102,0.9415509259259259,0.001565190416124102,WITHIN,0.021550925925926
D1_S3_d2_M10,D1,3,0.5,10,22464,C3,T3,0.5836185446046317,0.5,0.5192398202978377,0.4996715637557758,0.0014930062619258216,0.0500737767712352,0.22377170681575273,0.981994693074825,0.5201210826210826,0.0033333008948351873,0.04874465811965812,0.0014367080443325702,0.9403935185185185,0.001579639596758741,0.9512553418803419,0.00143670804433257,0.9508992165242165,0.001441676802892948,0.9512553418803419,0.00143670804433257,WITHIN,0.028744658119658095
D1_S3_d2_M30,D1,3,0.5,30,20000,C1,T_DL,0.5836185446046317,0.5,0.5192398202978377,0.5189848097816897,0.0008811456984996785,0.015528354839689729,0.12461281972449596,0.4848818631267038,0.9819,0.0009426661657235823,0.06735,0.001772201702685109,0.9059,0.0020645240371572325,0.93265,0.0017722017026851095,0.93755,0.0017109938266983901,0.93755,0.0017109938266983901,WITHIN,0.017550000000000066
D1_S3_d2_M30,D1,3,0.5,30,20000,C2,T_DL,0.5836185446046317,0.5,0.5192398202978377,0.5189848097816897,0.0008811456984996785,0.015528354839689729,0.12461281972449596,0.49947595638963305,0.97995,0.0009911608724117395,0.05925,0.001669422617254241,0.9169,0.001951850276020166,0.94075,0.0016694226172542413,0.94425,0.0016223738394710383,0.94425,0.0016223738394710383,WITHIN,0.024250000000000105
D1_S3_d2_M30,D1,3,0.5,30,20000,C3,T3,0.5836185446046317,0.5,0.5192398202978377,0.5005442115701262,0.0009160484777420958,0.016782896271472225,0.12954881810141003,0.5239707691019134,0.95815,0.00141595511051728,0.05175,0.0015663961424237486,0.9044,0.0020791902269874205,0.94825,0.0015663961424237478,0.9475,0.001577081957286938,0.94825,0.0015663961424237478,WITHIN,0.02825000000000011
D1_S3_d2_M100,D1,3,0.5,100,20000,C1,T_DL,0.5836185446046317,0.5,0.5192398202978377,0.5188521463851995,0.0004858343861433825,0.004720701015186346,0.06870735779511788,0.26884382741783713,1.0,7.071067811865475e-153,0.06235,0.0017097145595098616,0.8395,0.0025955707464833237,0.93765,0.0017097145595098618,0.94575,0.001601670026878196,0.94575,0.001601670026878196,WITHIN,0.02575000000000005
D1_S3_d2_M100,D1,3,0.5,100,20000,C2,T_DL,0.5836185446046317,0.5,0.5192398202978377,0.5188521463851995,0.0004858343861433825,0.004720701015186346,0.06870735779511788,0.26800371352569585,1.0,7.071067811865475e-153,0.0626,0.0017129103887827874,0.83945,0.002595897701181616,0.9374,0.0017129103887827872,0.94655,0.0015904888792443663,0.94655,0.0015904888792443663,WITHIN,0.026550000000000074
D1_S3_d2_M100,D1,3,0.5,100,20000,C3,T3,0.5836185446046317,0.5,0.5192398202978377,0.4995979654993044,0.0005056712366541902,0.005114067991587562,0.07151271209783308,0.2806894819695791,1.0,7.071067811865475e-153,0.051,0.001555618847918731,0.7796,0.002931073523472245,0.949,0.0015556188479187317,0.9397,0.0016832098799614982,0.949,0.0015556188479187317,WITHIN,0.029000000000000026
D1_S4_d1_M3,D1,4,0.0,3,20000,C1,T_DL,0.0,0.0,0.0,0.0029765982575405384,0.004544618784848714,0.4130711979919961,0.6427061521348587,2.240223919423957,0.17455,0.002684048225162879,0.17455,0.002684048225162879,0.82545,0.002684048225162879,0.82545,0.002684048225162879,0.82545,0.002684048225162879,0.82545,0.002684048225162879,OUTSIDE_BELOW,0.09454999999999991
D1_S4_d1_M3,D1,4,0.0,3,20000,C2,T_DL,0.0,0.0,0.0,0.0029765982575405384,0.004544618784848714,0.4130711979919961,0.6427061521348587,4.796449181059462,0.0564,0.0016312424712469939,0.0564,0.0016312424712469939,0.9436,0.0016312424712469939,0.9436,0.0016312424712469939,0.9436,0.0016312424712469939,0.9436,0.0016312424712469939,WITHIN,0.023600000000000065
D1_S4_d1_M3,D1,4,0.0,3,20000,C3,T3,0.0,0.0,0.0,0.0029670356114421983,0.004553086548061696,0.4146119422828075,0.643903674692735,4.896572714558283,0.04615,0.0014835797501314178,0.04615,0.0014835797501314178,0.95385,0.0014835797501314182,0.95385,0.0014835797501314182,0.95385,0.0014835797501314182,0.95385,0.0014835797501314182,WITHIN,0.026150000000000007
D1_S4_d1_M5,D1,4,0.0,5,20000,C1,T_DL,0.0,0.0,0.0,-0.0028812203647477657,0.0035137405409964998,0.24692745178884748,0.4969179527737426,1.8148895971785408,0.12635,0.0023493156184301845,0.12635,0.0023493156184301845,0.87365,0.002349315618430184,0.87365,0.002349315618430184,0.87365,0.002349315618430184,0.87365,0.002349315618430184,OUTSIDE_BELOW,0.04634999999999989
D1_S4_d1_M5,D1,4,0.0,5,20000,C2,T_DL,0.0,0.0,0.0,-0.0028812203647477657,0.0035137405409964998,0.24692745178884748,0.4969179527737426,2.561867590970129,0.05835,0.0016574872171452786,0.05835,0.0016574872171452786,0.94165,0.0016574872171452788,0.94165,0.0016574872171452788,0.94165,0.0016574872171452788,0.94165,0.0016574872171452788,WITHIN,0.021650000000000058
D1_S4_d1_M5,D1,4,0.0,5,20000,C3,T3,0.0,0.0,0.0,-0.0027965722866358815,0.003533917588545111,0.2497714704525698,0.49977141820293186,2.6096265000345573,0.05035,0.0015462030510253173,0.05035,0.0015462030510253173,0.94965,0.0015462030510253173,0.94965,0.0015462030510253173,0.94965,0.0015462030510253173,0.94965,0.0015462030510253173,WITHIN,0.029650000000000065
D1_S4_d1_M10,D1,4,0.0,10,59516,C1,T_DL,0.0,0.0,0.0,0.00045581714314095863,0.0014364966879138155,0.12281261905979823,0.35044631409075805,1.3265518300768842,0.08669937495799449,0.0011534479277871769,0.08669937495799449,0.0011534479277871769,0.9133006250420055,0.0011534479277871773,0.9133006250420055,0.0011534479277871773,0.9133006250420055,0.0011534479277871773,0.9133006250420055,0.0011534479277871773,OUTSIDE_BELOW,0.006699374957994442
D1_S4_d1_M10,D1,4,0.0,10,59516,C2,T_DL,0.0,0.0,0.0,0.00045581714314095863,0.0014364966879138155,0.12281261905979823,0.35044631409075805,1.5313882220647883,0.05213724040594126,0.0009112339312814001,0.05213724040594126,0.0009112339312814001,0.9478627595940587,0.0009112339312814001,0.9478627595940587,0.0009112339312814001,0.9478627595940587,0.0009112339312814001,0.9478627595940587,0.0009112339312814001,WITHIN,0.027862759594058817
D1_S4_d1_M10,D1,4,0.0,10,59516,C3,T3,0.0,0.0,0.0,0.00022927232206224656,0.0014460711812255133,0.12445520868945034,0.3527820980285853,1.5533193211797578,0.04931447005847167,0.0008875416848295242,0.04931447005847167,0.0008875416848295242,0.9506855299415283,0.0008875416848295242,0.9506855299415283,0.0008875416848295242,0.9506855299415283,0.0008875416848295242,0.9506855299415283,0.0008875416848295242,WITHIN,0.029314470058471653
D1_S4_d1_M30,D1,4,0.0,30,20000,C1,T_DL,0.0,0.0,0.0,-0.002231485768208131,0.0014200872973894067,0.040332958644134984,0.20083067157218537,0.7815581761141167,0.059,0.0016661182431028118,0.059,0.0016661182431028118,0.941,0.0016661182431028125,0.941,0.0016661182431028125,0.941,0.0016661182431028125,0.941,0.0016661182431028125,WITHIN,0.02100000000000002
D1_S4_d1_M30,D1,4,0.0,30,20000,C2,T_DL,0.0,0.0,0.0,-0.002231485768208131,0.0014200872973894067,0.040332958644134984,0.20083067157218537,0.8156408309409972,0.0489,0.0015249391791150228,0.0489,0.0015249391791150228,0.9511,0.0015249391791150237,0.9511,0.0015249391791150237,0.9511,0.0015249391791150237,0.9511,0.0015249391791150237,WITHIN,0.028900000000000037
D1_S4_d1_M30,D1,4,0.0,30,20000,C3,T3,0.0,0.0,0.0,-0.002448218320925235,0.0014338603207781561,0.04111910839004074,0.2027784712193105,0.8243226749209392,0.04845,0.0015182654165197863,0.04845,0.0015182654165197863,0.95155,0.001518265416519786,0.95155,0.001518265416519786,0.95155,0.001518265416519786,0.95155,0.001518265416519786,WITHIN,0.028449999999999975
D1_S4_d1_M100,D1,4,0.0,100,20000,C1,T_DL,0.0,0.0,0.0,-0.0001723665334805201,0.0007764239488321315,0.012056682966401607,0.10980292785896743,0.4315786744779568,0.0524,0.001575662400389119,0.0524,0.001575662400389119,0.9476,0.001575662400389119,0.9476,0.001575662400389119,0.9476,0.001575662400389119,0.9476,0.001575662400389119,WITHIN,0.02760000000000007
D1_S4_d1_M100,D1,4,0.0,100,20000,C2,T_DL,0.0,0.0,0.0,-0.0001723665334805201,0.0007764239488321315,0.012056682966401607,0.10980292785896743,0.4370609549174385,0.0487,0.001521977496548487,0.0487,0.001521977496548487,0.9513,0.0015219774965484867,0.9513,0.0015219774965484867,0.9513,0.0015219774965484867,0.9513,0.0015219774965484867,WITHIN,0.028699999999999948
D1_S4_d1_M100,D1,4,0.0,100,20000,C3,T3,0.0,0.0,0.0,-0.0002612211004553731,0.0007839865319740618,0.012292697646334335,0.11087243862355664,0.4412675422285458,0.0486,0.0015204939986727998,0.0486,0.0015204939986727998,0.9514,0.0015204939986727996,0.9514,0.0015204939986727996,0.9514,0.0015204939986727996,0.9514,0.0015204939986727996,WITHIN,0.02859999999999996
D1_S4_d2_M3,D1,4,0.5,3,1000000,C1,T_DL,0.5,0.5,0.5,0.5007400430166692,0.0006419796843933954,0.41213791517384346,0.6419796843933954,2.244382328203321,0.259343,0.00043827412466514604,0.174488,0.0003795285731746689,0.825512,0.0003795285731746689,0.825512,0.0003795285731746689,0.825512,0.0003795285731746689,0.825512,0.0003795285731746689,OUTSIDE_BELOW,0.0944879999999999
D1_S4_d2_M3,D1,4,0.5,3,1000000,C2,T_DL,0.5,0.5,0.5,0.5007400430166692,0.0006419796843933954,0.41213791517384346,0.6419796843933954,4.807765205547942,0.090073,0.0002862863158989616,0.059909,0.0002373181655899944,0.940091,0.0002373181655899944,0.940091,0.0002373181655899944,0.940091,0.0002373181655899944,0.940091,0.0002373181655899944,WITHIN,0.02009100000000008
D1_S4_d2_M3,D1,4,0.5,3,1000000,C3,T3,0.5,0.5,0.5,0.5008663628628915,0.0006432571200287055,0.41377972246762446,0.6432571200287055,4.906792234718614,0.077441,0.0002672899016405221,0.049423,0.00021674954918292217,0.950577,0.00021674954918292217,0.950577,0.00021674954918292217,0.950577,0.00021674954918292217,0.950577,0.00021674954918292217,WITHIN,0.029422999999999977
D1_S4_d2_M5,D1,4,0.5,5,27016,C1,T_DL,0.5,0.5,0.5,0.5009882585788632,0.0030232242018260838,0.24692312166488006,0.49691359577383276,1.8017307122840045,0.2639176784127924,0.0026815562475123447,0.12714687592537754,0.002026809393427472,0.8728531240746225,0.002026809393427472,0.8728531240746225,0.002026809393427472,0.8728531240746225,0.002026809393427472,0.8728531240746225,0.002026809393427472,OUTSIDE_BELOW,0.047146875925377474
D1_S4_d2_M5,D1,4,0.5,5,27016,C2,T_DL,0.5,0.5,0.5,0.5009882585788632,0.0030232242018260838,0.24692312166488006,0.49691359577383276,2.536730681184008,0.1344018359490672,0.0020751535618831513,0.056151909979271546,0.0014006279655897136,0.9438480900207284,0.0014006279655897136,0.9438480900207284,0.0014006279655897136,0.9438480900207284,0.0014006279655897136,0.9438480900207284,0.0014006279655897136,WITHIN,0.02384809002072852
D1_S4_d2_M5,D1,4,0.5,5,27016,C3,T3,0.5,0.5,0.5,0.5016049596313663,0.0030327416814436,0.24848025722556644,0.49847794056062944,2.583921571518018,0.12344536570920936,0.0020013192217291807,0.050007403020432335,0.0013260708773867023,0.9499925969795676,0.001326070877386703,0.9499925969795676,0.001326070877386703,0.9499925969795676,0.001326070877386703,0.9499925969795676,0.001326070877386703,WITHIN,0.029992596979567687
D1_S4_d2_M10,D1,4,0.5,10,233643,C1,T_DL,0.5,0.5,0.5,0.4992964354271791,0.0007265195593335301,0.12332394125281612,0.3511750863213621,1.3246098845966494,0.3409432339081419,0.000980677164330346,0.08817298185693558,0.0005866074919464471,0.9118270181430644,0.0005866074919464471,0.9118270181430644,0.0005866074919464471,0.9118270181430644,0.0005866074919464471,0.9118270181430644,0.0005866074919464471,OUTSIDE_BELOW,0.00817298185693549
D1_S4_d2_M10,D1,4,0.5,10,233643,C2,T_DL,0.5,0.5,0.5,0.4992964354271791,0.0007265195593335301,0.12332394125281612,0.3511750863213621,1.5293603963380422,0.2540457022037895,0.0009006076866443715,0.054043990190161914,0.0004677704537775109,0.9459560098098381,0.00046777045377751096,0.9459560098098381,0.00046777045377751096,0.9459560098098381,0.00046777045377751096,0.9459560098098381,0.00046777045377751096,WITHIN,0.025956009809838143
D1_S4_d2_M10,D1,4,0.5,10,233643,C3,T3,0.5,0.5,0.5,0.4991745868539423,0.0007312329620373575,0.12492929638898018,0.35345338644435165,1.5515253823752495,0.24590507740441614,0.0008908823797540039,0.05043164143586583,0.0004527289662648292,0.9495683585641341,0.0004527289662648294,0.9495683585641341,0.0004527289662648294,0.9495683585641341,0.0004527289662648294,0.9495683585641341,0.0004527289662648294,WITHIN,0.0295683585641342
D1_S4_d2_M30,D1,4,0.5,30,20000,C1,T_DL,0.5,0.5,0.5,0.5006418374897207,0.00142349276763125,0.04052663318996952,0.20131227779241265,0.7819601842306223,0.7038,0.003228510182731348,0.0621,0.0017065109141168714,0.9379,0.001706510914116872,0.9379,0.001706510914116872,0.9379,0.001706510914116872,0.9379,0.001706510914116872,WITHIN,0.017900000000000027
D1_S4_d2_M30,D1,4,0.5,30,20000,C2,T_DL,0.5,0.5,0.5,0.5006418374897207,0.00142349276763125,0.04052663318996952,0.20131227779241265,0.8167452375328343,0.6743,0.0033137554979207505,0.0512,0.0015585018447213978,0.9488,0.0015585018447213982,0.9488,0.0015585018447213982,0.9488,0.0015585018447213982,0.9488,0.0015585018447213982,WITHIN,0.028800000000000048
D1_S4_d2_M30,D1,4,0.5,30,20000,C3,T3,0.5,0.5,0.5,0.5010444933456486,0.0014347205684980904,0.04116846219342968,0.20290012861856366,0.8257830038055439,0.6659,0.0033352450434713187,0.0499,0.0015396426533452493,0.9501,0.0015396426533452502,0.9501,0.0015396426533452502,0.9501,0.0015396426533452502,0.9501,0.0015396426533452502,WITHIN,0.029900000000000038
D1_S4_d2_M100,D1,4,0.5,100,20000,C1,T_DL,0.5,0.5,0.5,0.49940149307889387,0.0007756090144729215,0.012031386866633131,0.10968767873664358,0.4319002065340681,0.99465,0.0005158186454559376,0.0543,0.001602365594987611,0.9457,0.001602365594987611,0.9457,0.001602365594987611,0.9457,0.001602365594987611,0.9457,0.001602365594987611,WITHIN,0.025700000000000056
D1_S4_d2_M100,D1,4,0.5,100,20000,C2,T_DL,0.5,0.5,0.5,0.49940149307889387,0.0007756090144729215,0.012031386866633131,0.10968767873664358,0.4371973327209844,0.9945,0.0005229603235428071,0.0504,0.0015469298626634629,0.9496,0.0015469298626634629,0.9496,0.0015469298626634629,0.9496,0.0015469298626634629,0.9496,0.0015469298626634629,WITHIN,0.02960000000000007
D1_S4_d2_M100,D1,4,0.5,100,20000,C3,T3,0.5,0.5,0.5,0.49943952545896236,0.0007826565501571663,0.01225102551007834,0.11068435079124031,0.44139252674700147,0.99405,0.0005438105138740888,0.04905,0.0015271558122863561,0.95095,0.0015271558122863568,0.95095,0.0015271558122863568,0.95095,0.0015271558122863568,0.95095,0.0015271558122863568,WITHIN,0.02905000000000002
D1_S5_d1_M3,D1,5,0.0,3,20000,C1,T_DL,0.08361854460463167,0.0,0.007520030420393065,0.0016446695049451207,0.004558485152178038,0.4155957376525526,0.6446671526086564,2.2634198812394026,0.17165,0.0026663296636012584,0.17165,0.0026663296636012584,0.825,0.002686773157525585,0.82835,0.0026663296636012584,0.8281,0.002667867968996967,0.8281,0.002667867968996967,OUTSIDE_BELOW,0.09189999999999998
D1_S5_d1_M3,D1,5,0.0,3,20000,C2,T_DL,0.08361854460463167,0.0,0.007520030420393065,0.0016446695049451207,0.004558485152178038,0.4155957376525526,0.6446671526086564,4.845695285821616,0.0603,0.001683209879961498,0.0603,0.001683209879961498,0.9394,0.0016871224021984888,0.9397,0.0016832098799614982,0.9397,0.0016832098799614982,0.9397,0.0016832098799614982,WITHIN,0.01970000000000005
D1_S5_d1_M3,D1,5,0.0,3,20000,C3,T3,0.08361854460463167,0.0,0.007520030420393065,-0.0031976758576848625,0.00457026758957129,0.4177469168057153,0.6463334408845912,4.94622720796095,0.04945,0.0015330475775395883,0.04945,0.0015330475775395883,0.9499,0.001542562640543327,0.95055,0.0015330475775395883,0.9507,0.001530841435289756,0.95055,0.0015330475775395883,WITHIN,0.029449999999999976
D1_S5_d1_M5,D1,5,0.0,5,20000,C1,T_DL,0.08361854460463167,0.0,0.007520030420393065,0.00608094296830937,0.003521571706976704,0.24802934574757635,0.4980254468875826,1.8167843093292504,0.12765,0.002359613077392139,0.12765,0.002359613077392139,0.87025,0.0023760780448040843,0.87235,0.0023596130773921396,0.8721,0.002361584108178237,0.8721,0.002361584108178237,OUTSIDE_BELOW,0.04789999999999994
D1_S5_d1_M5,D1,5,0.0,5,20000,C2,T_DL,0.08361854460463167,0.0,0.007520030420393065,0.00608094296830937,0.003521571706976704,0.24802934574757635,0.4980254468875826,2.563462913538521,0.0576,0.0016474562209661293,0.0576,0.0016474562209661293,0.94055,0.00167206006919608,0.9424,0.0016474562209661291,0.9422,0.0016501387820422857,0.9422,0.0016501387820422857,WITHIN,0.02220000000000011
D1_S5_d1_M5,D1,5,0.0,5,20000,C3,T3,0.08361854460463167,0.0,0.007520030420393065,0.0006452557570641794,0.003527580960887904,0.24887654871237655,0.49887528372567885,2.611895745379087,0.0502,0.0015440200775896666,0.0502,0.0015440200775896666,0.94745,0.001577791137952042,0.9498,0.001544020077589667,0.94945,0.0015491077673938634,0.9498,0.001544020077589667,WITHIN,0.02980000000000005
D1_S5_d1_M10,D1,5,0.0,10,73677,C1,T_DL,0.08361854460463167,0.0,0.007520030420393065,0.007185388848308915,0.001292046542653588,0.12299522474166087,0.35070675035086063,1.3323071069807255,0.08647203333469061,0.0010354587261110781,0.08647203333469061,0.0010354587261110781,0.90820744601436,0.0010637272599546515,0.9135279666653094,0.001035458726111078,0.9136094032058851,0.0010350171609017132,0.9136094032058851,0.0010350171609017132,OUTSIDE_BELOW,0.0063905967941148
D1_S5_d1_M10,D1,5,0.0,10,73677,C2,T_DL,0.08361854460463167,0.0,0.007520030420393065,0.007185388848308915,0.001292046542653588,0.12299522474166087,0.35070675035086063,1.5332749825898306,0.05335450683388303,0.0008279674695479214,0.05335450683388303,0.0008279674695479214,0.9418678827856726,0.0008620592124597392,0.946645493166117,0.000827967469547921,0.9466997841931675,0.0008275698419711916,0.9466997841931675,0.0008275698419711916,WITHIN,0.02669978419316754
D1_S5_d1_M10,D1,5,0.0,10,73677,C3,T3,0.08361854460463167,0.0,0.007520030420393065,0.0002976528392431753,0.0012997775522416326,0.12447152150867694,0.35280521751906807,1.555050377029654,0.050327782075817416,0.0008054244245741272,0.050327782075817416,0.0008054244245741272,0.9454782360845311,0.0008364591768226034,0.9496722179241825,0.0008054244245741275,0.949767227221521,0.0008047040712477665,0.9496722179241825,0.0008054244245741275,WITHIN,0.02967221792418262
D1_S5_d1_M30,D1,5,0.0,30,20000,C1,T_DL,0.08361854460463167,0.0,0.007520030420393065,0.004984304540465848,0.0014232329000426701,0.040511837755277384,0.20127552696559356,0.7902920467837775,0.05765,0.0016481273843365384,0.05765,0.0016481273843365384,0.9242,0.0018715549684687328,0.94235,0.0016481273843365382,0.94305,0.0016386991410872215,0.94305,0.0016386991410872215,WITHIN,0.023050000000000126
D1_S5_d1_M30,D1,5,0.0,30,20000,C2,T_DL,0.08361854460463167,0.0,0.007520030420393065,0.004984304540465848,0.0014232329000426701,0.040511837755277384,0.20127552696559356,0.8202784545578048,0.04785,0.0015093107284452729,0.04785,0.0015093107284452729,0.936,0.0017306646122227142,0.95215,0.001509310728445272,0.9519,0.0015130497348071548,0.9519,0.0015130497348071548,WITHIN,0.028100000000000014
D1_S5_d1_M30,D1,5,0.0,30,20000,C3,T3,0.08361854460463167,0.0,0.007520030420393065,-0.0021582202708627664,0.0014365486334697447,0.04127343952647582,0.20315865604614494,0.8286254948617585,0.04735,0.001501798546743204,0.04735,0.001501798546743204,0.93405,0.0017550013888883388,0.95265,0.001501798546743204,0.9531,0.0014949981605339863,0.95265,0.001501798546743204,WITHIN,0.027349999999999985
D1_S5_d1_M100,D1,5,0.0,100,20000,C1,T_DL,0.08361854460463167,0.0,0.007520030420393065,0.00839109493460149,0.0007792081002509389,0.012143305269933546,0.11019666632858521,0.436089190477834,0.0511,0.0015570611741354287,0.0511,0.0015570611741354287,0.89645,0.002154383873639979,0.9489,0.0015570611741354292,0.9505,0.0015337820901288421,0.9505,0.0015337820901288421,WITHIN,0.02949999999999997
D1_S5_d1_M100,D1,5,0.0,100,20000,C2,T_DL,0.08361854460463167,0.0,0.007520030420393065,0.00839109493460149,0.0007792081002509389,0.012143305269933546,0.11019666632858521,0.4387532233655342,0.0489,0.0015249391791150228,0.0489,0.0015249391791150228,0.9007,0.002114704589298468,0.9511,0.0015249391791150237,0.95245,0.0015048089164408879,0.95245,0.0015048089164408879,WITHIN,0.027549999999999963
D1_S5_d1_M100,D1,5,0.0,100,20000,C3,T3,0.08361854460463167,0.0,0.007520030420393065,0.0010813891430815998,0.0007855284689779643,0.012341099511497294,0.11109050144588102,0.44272142052203706,0.0482,0.0015145421750482882,0.0482,0.0015145421750482882,0.8896,0.0022159855595197367,0.9518,0.0015145421750482886,0.9515,0.0015190087228189309,0.9518,0.0015145421750482886,WITHIN,0.028200000000000003
D1_S5_d2_M3,D1,5,0.5,3,20000,C1,T_DL,0.5836185446046317,0.5,0.5075200304203931,0.5118631255747974,0.004571915243784464,0.4180481799269752,0.6465664543780285,2.263306839380747,0.26255,0.003111410431781702,0.17575,0.0026913002201538203,0.8226,0.0027011964015968924,0.82425,0.00269130022015382,0.82415,0.002691902463871973,0.82415,0.002691902463871973,OUTSIDE_BELOW,0.09584999999999988
D1_S5_d2_M3,D1,5,0.5,3,20000,C2,T_DL,0.5836185446046317,0.5,0.5075200304203931,0.5118631255747974,0.004571915243784464,0.4180481799269752,0.6465664543780285,4.8446761331319115,0.09165,0.00204022397667511,0.05925,0.001669422617254241,0.94035,0.0016746921732067655,0.94075,0.0016694226172542413,0.94055,0.00167206006919608,0.94055,0.00167206006919608,WITHIN,0.020550000000000068
D1_S5_d2_M3,D1,5,0.5,3,20000,C3,T3,0.5836185446046317,0.5,0.5075200304203931,0.5074040199491977,0.004571162787668149,0.4179105846272408,0.64646004101355,4.942430673082219,0.081,0.0019292355999203416,0.05015,0.0015432915716092018,0.95005,0.0015403732907967478,0.94985,0.0015432915716092023,0.94995,0.0015418332837891396,0.94985,0.0015432915716092023,WITHIN,0.029850000000000043
D1_S5_d2_M5,D1,5,0.5,5,20000,C1,T_DL,0.5836185446046317,0.5,0.5075200304203931,0.5033866768450984,0.003540947256112007,0.25076614941134306,0.5007655633241398,1.8186591807122907,0.2643,0.0031180563657509466,0.1292,0.0023717858250693717,0.8685,0.002389641709545596,0.8708,0.0023717858250693717,0.87075,0.0023721766112581076,0.87075,0.0023721766112581076,OUTSIDE_BELOW,0.049249999999999905
D1_S5_d2_M5,D1,5,0.5,5,20000,C2,T_DL,0.5836185446046317,0.5,0.5075200304203931,0.5033866768450984,0.003540947256112007,0.25076614941134306,0.5007655633241398,2.5615411748380166,0.13455,0.002412947341945116,0.05775,0.0016494686644492524,0.93985,0.001681249200743305,0.94225,0.0016494686644492518,0.9418,0.0016554872394555027,0.9418,0.0016554872394555027,WITHIN,0.02180000000000004
D1_S5_d2_M5,D1,5,0.5,5,20000,C3,T3,0.5836185446046317,0.5,0.5075200304203931,0.4972401555065053,0.003553157624122562,0.25249858203720577,0.5024923701283491,2.6069712800828673,0.1224,0.0023175228154216736,0.05075,0.00155200575868777,0.94625,0.0015946933482648,0.94925,0.0015520057586877693,0.9491,0.0015541748614618619,0.94925,0.0015520057586877693,WITHIN,0.02925000000000011
D1_S5_d2_M10,D1,5,0.5,10,24999,C1,T_DL,0.5836185446046317,0.5,0.5075200304203931,0.5092106238265308,0.0022119823534742897,0.12231675543610931,0.34973812408158955,1.336293116174855,0.34613384535381414,0.0030088819174224103,0.08512340493619745,0.001764998879198615,0.9099963998559942,0.0018100411968157836,0.9148765950638026,0.0017649988791986148,0.9147165886635465,0.0017665024383581864,0.9147165886635465,0.0017665024383581864,BOUNDARY_BELOW,0.005283411336453381
D1_S5_d2_M10,D1,5,0.5,10,24999,C2,T_DL,0.5836185446046317,0.5,0.5075200304203931,0.5092106238265308,0.0022119823534742897,0.12231675543610931,0.34973812408158955,1.5388734179924306,0.2604104164166567,0.002775640723291002,0.052122084883395335,0.0014058072335107862,0.9445577823112925,0.0014473489282876564,0.9478779151166047,0.001405807233510786,0.9479979199167967,0.0014042768351525726,0.9479979199167967,0.0014042768351525726,WITHIN,0.027997919916796787
D1_S5_d2_M10,D1,5,0.5,10,24999,C3,T3,0.5836185446046317,0.5,0.5075200304203931,0.5026558362661457,0.0022276971335925115,0.12406090034088829,0.3522227992917101,1.5603984364409889,0.24860994439777592,0.0027335728442081457,0.0485219408776351,0.0013589614991964811,0.9469578783151326,0.0014174718937404677,0.9514780591223649,0.0013589614991964805,0.9511180447217888,0.0013637355975579747,0.9514780591223649,0.0013589614991964805,WITHIN,0.028521940877635044
D1_S5_d2_M30,D1,5,0.5,30,20000,C1,T_DL,0.5836185446046317,0.5,0.5075200304203931,0.5060397927116663,0.001435478851012952,0.0412119906341093,0.20300736596022642,0.7898084708875708,0.7015,0.003235720553447099,0.0602,0.0016819030887658183,0.92295,0.0018856470706364958,0.9398,0.0016819030887658187,0.93965,0.0016838627838989732,0.93965,0.0016838627838989732,WITHIN,0.019650000000000056
D1_S5_d2_M30,D1,5,0.5,30,20000,C2,T_DL,0.5836185446046317,0.5,0.5075200304203931,0.5060397927116663,0.001435478851012952,0.0412119906341093,0.20300736596022642,0.8203546852547635,0.6772,0.0033060562608642945,0.0491,0.0015278938117552542,0.93505,0.0017425770786395642,0.9509,0.0015278938117552546,0.95115,0.001524199421007631,0.95115,0.001524199421007631,WITHIN,0.02884999999999993
D1_S5_d2_M30,D1,5,0.5,30,20000,C3,T3,0.5836185446046317,0.5,0.5075200304203931,0.4986069063683601,0.0014452514254669248,0.04177503365628357,0.20438941669343735,0.8287754060221342,0.6563,0.0033583501157562474,0.04935,0.0015315772507451266,0.93415,0.001753764201653118,0.95065,0.0015315772507451266,0.95065,0.0015315772507451266,0.95065,0.0015315772507451266,WITHIN,0.029349999999999987
D1_S5_d2_M100,D1,5,0.5,100,20000,C1,T_DL,0.5836185446046317,0.5,0.5075200304203931,0.5075591296734996,0.0007829822778402956,0.012261224948239557,0.11073041564195249,0.43598158707942186,0.99465,0.0005158186454559376,0.04965,0.0015359830321328423,0.89205,0.002194274339046966,0.95035,0.0015359830321328418,0.9501,0.0015396426533452502,0.9501,0.0015396426533452502,WITHIN,0.029900000000000038
D1_S5_d2_M100,D1,5,0.5,100,20000,C2,T_DL,0.5836185446046317,0.5,0.5075200304203931,0.5075591296734996,0.0007829822778402956,0.012261224948239557,0.11073041564195249,0.43877003023653843,0.99485,0.0005061362217822385,0.04845,0.0015182654165197863,0.8952,0.002165836558930521,0.95155,0.001518265416519786,0.95275,0.001500290596851157,0.95275,0.001500290596851157,WITHIN,0.027249999999999996
D1_S5_d2_M100,D1,5,0.5,100,20000,C3,T3,0.5836185446046317,0.5,0.5075200304203931,0.500199595165608,0.0007890263360541584,0.012451251179740996,0.11158517455173422,0.44274391885503,0.99285,0.0005957716634751938,0.04725,0.0015002905968511566,0.886,0.0022472650043997926,0.95275,0.001500290596851157,0.9525,0.0015040570135470262,0.95275,0.001500290596851157,WITHIN,0.027249999999999996
D2_S1_d1_M5,D2,1,0.0,5,20000,C1,T_DL,0.0,0.0,0.0,0.00013224705697430307,0.001483631600317887,0.0440232545092363,0.2098171930734855,0.8648398532265965,0.05035,0.0015462030510253173,0.05035,0.0015462030510253173,0.94965,0.0015462030510253173,0.94965,0.0015462030510253173,0.94965,0.0015462030510253173,0.94965,0.0015462030510253173,WITHIN,0.029650000000000065
D2_S1_d1_M5,D2,1,0.0,5,20000,C2,T_DL,0.0,0.0,0.0,0.00013224705697430307,0.001483631600317887,0.0440232545092363,0.2098171930734855,1.0541905077282991,0.05395,0.0015974886149829049,0.05395,0.0015974886149829049,0.94605,0.0015974886149829057,0.94605,0.0015974886149829057,0.94605,0.0015974886149829057,0.94605,0.0015974886149829057,WITHIN,0.026050000000000018
D2_S1_d1_M5,D2,1,0.0,5,20000,C3,T3,0.0,0.0,0.0,0.0004678279807026614,0.0015447167190200085,0.0477229948403988,0.21845593340625655,1.1271716373319316,0.04535,0.0014712813717980664,0.04535,0.0014712813717980664,0.95465,0.0014712813717980664,0.95465,0.0014712813717980664,0.95465,0.0014712813717980664,0.95465,0.0014712813717980664,WITHIN,0.025349999999999984
D2_S1_d1_M10,D2,1,0.0,10,20000,C1,T_DL,0.0,0.0,0.0,-0.0006001142951038151,0.0010435279999933362,0.021779013735401843,0.1475771450306647,0.5895730627283681,0.052,0.001569968152543229,0.052,0.001569968152543229,0.948,0.00156996815254323,0.948,0.00156996815254323,0.948,0.00156996815254323,0.948,0.00156996815254323,WITHIN,0.028000000000000025
D2_S1_d1_M10,D2,1,0.0,10,20000,C2,T_DL,0.0,0.0,0.0,-0.0006001142951038151,0.0010435279999933362,0.021779013735401843,0.1475771450306647,0.6235707141023408,0.0578,0.0016501387820422864,0.0578,0.0016501387820422864,0.9422,0.0016501387820422857,0.9422,0.0016501387820422857,0.9422,0.0016501387820422857,0.9422,0.0016501387820422857,WITHIN,0.02220000000000011
D2_S1_d1_M10,D2,1,0.0,10,20000,C3,T3,0.0,0.0,0.0,-0.00027891536137210213,0.0010881082353228762,0.023679590635549273,0.15388174237234667,0.6726479429920841,0.04835,0.001516777463901676,0.04835,0.001516777463901676,0.95165,0.001516777463901676,0.95165,0.001516777463901676,0.95165,0.001516777463901676,0.95165,0.001516777463901676,WITHIN,0.028349999999999986
D2_S1_d1_M30,D2,1,0.0,30,20000,C1,T_DL,0.0,0.0,0.0,-0.0004510953822066984,0.0005940451481915976,0.007057792761799545,0.08401067052344925,0.3292713948873725,0.05335,0.0015890842881987096,0.05335,0.0015890842881987096,0.94665,0.0015890842881987098,0.94665,0.0015890842881987098,0.94665,0.0015890842881987098,0.94665,0.0015890842881987098,WITHIN,0.026650000000000063
D2_S1_d1_M30,D2,1,0.0,30,20000,C2,T_DL,0.0,0.0,0.0,-0.0004510953822066984,0.0005940451481915976,0.007057792761799545,0.08401067052344925,0.33104079938635,0.0579,0.0016514779744216997,0.0579,0.0016514779744216997,0.9421,0.001651477974421699,0.9421,0.001651477974421699,0.9421,0.001651477974421699,0.9421,0.001651477974421699,WITHIN,0.02210000000000012
D2_S1_d1_M30,D2,1,0.0,30,20000,C3,T3,0.0,0.0,0.0,-0.00025470538873892206,0.0006218459554973313,0.007733847847367779,0.0879422983971182,0.3589663562817063,0.0473,0.001501044802795706,0.0473,0.001501044802795706,0.9527,0.001501044802795706,0.9527,0.001501044802795706,0.9527,0.001501044802795706,0.9527,0.001501044802795706,WITHIN,0.02729999999999999
D2_S1_d2_M5,D2,1,0.5,5,20000,C1,T_DL,0.5,0.5,0.5,0.4972670529434231,0.0014811892147162974,0.04387842979583764,0.20947178758925422,0.8603769443436234,0.63085,0.003412317962177616,0.0504,0.0015469298626634629,0.9496,0.0015469298626634629,0.9496,0.0015469298626634629,0.9496,0.0015469298626634629,0.9496,0.0015469298626634629,WITHIN,0.02960000000000007
D2_S1_d2_M5,D2,1,0.5,5,20000,C2,T_DL,0.5,0.5,0.5,0.4972670529434231,0.0014811892147162974,0.04387842979583764,0.20947178758925422,1.0508370901424537,0.485,0.0035339425575410814,0.05645,0.0016319221412187531,0.94355,0.0016319221412187531,0.94355,0.0016319221412187531,0.94355,0.0016319221412187531,0.94355,0.0016319221412187531,WITHIN,0.02355000000000007
D2_S1_d2_M5,D2,1,0.5,5,20000,C3,T3,0.5,0.5,0.5,0.49801561083300694,0.0015444527196233216,0.04770668406303749,0.21841859825353127,1.122521371558115,0.44085,0.0035107070334905476,0.04675,0.0014927229732941073,0.95325,0.0014927229732941067,0.95325,0.0014927229732941067,0.95325,0.0014927229732941067,0.95325,0.0014927229732941067,WITHIN,0.02674999999999994
D2_S1_d2_M10,D2,1,0.5,10,1000000,C1,T_DL,0.5,0.5,0.5,0.50024471361714,0.00014651184095007002,0.02146571953857862,0.14651184095007003,0.589216099778708,0.90431,0.00029416564024372396,0.051777,0.00022157649304698366,0.948223,0.0002215764930469836,0.948223,0.0002215764930469836,0.948223,0.0002215764930469836,0.948223,0.0002215764930469836,WITHIN,0.02822300000000011
D2_S1_d2_M10,D2,1,0.5,10,1000000,C2,T_DL,0.5,0.5,0.5,0.50024471361714,0.00014651184095007002,0.02146571953857862,0.14651184095007003,0.6234283340850872,0.866536,0.00034007552205943904,0.056937,0.0002317222001254951,0.943063,0.00023172220012549513,0.943063,0.00023172220012549513,0.943063,0.00023172220012549513,0.943063,0.00023172220012549513,WITHIN,0.023063000000000056
D2_S1_d2_M10,D2,1,0.5,10,1000000,C3,T3,0.5,0.5,0.5,0.500188411420673,0.00015352656844141256,0.023570407217395728,0.15352656844141255,0.6722597194390817,0.825194,0.0003798010826261558,0.047772,0.00021328346400037673,0.952228,0.00021328346400037681,0.952228,0.00021328346400037681,0.952228,0.00021328346400037681,0.952228,0.00021328346400037681,WITHIN,0.02777200000000002
D2_S1_d2_M30,D2,1,0.5,30,20000,C1,T_DL,0.5,0.5,0.5,0.5000859956953713,0.000598390206865818,0.007161416793458331,0.08462515461408818,0.3292661594612951,0.99985,8.65960449443228e-05,0.0553,0.0016161978529870655,0.9447,0.0016161978529870657,0.9447,0.0016161978529870657,0.9447,0.0016161978529870657,0.9447,0.0016161978529870657,WITHIN,0.024700000000000055
D2_S1_d2_M30,D2,1,0.5,30,20000,C2,T_DL,0.5,0.5,0.5,0.5000859956953713,0.000598390206865818,0.007161416793458331,0.08462515461408818,0.33113132668055995,0.99975,0.00011178942257655069,0.059,0.0016661182431028118,0.941,0.0016661182431028125,0.941,0.0016661182431028125,0.941,0.0016661182431028125,0.941,0.0016661182431028125,WITHIN,0.02100000000000002
D2_S1_d2_M30,D2,1,0.5,30,20000,C3,T3,0.5,0.5,0.5,0.5002430220697978,0.0006260774874680903,0.007839460406287135,0.08854072738738447,0.35911887817915294,0.99955,0.0001499662462022622,0.0489,0.0015249391791150228,0.9511,0.0015249391791150237,0.9511,0.0015249391791150237,0.9511,0.0015249391791150237,0.9511,0.0015249391791150237,WITHIN,0.028900000000000037
D2_S3_d1_M5,D2,3,0.0,5,20000,C1,T_DL,0.05215927917676345,0.0,0.01585368268435662,0.013080407014956106,0.002217672626870604,0.09836143759942333,0.31362627058239767,1.171894788450645,0.10465,0.0021644673420959716,0.10465,0.0021644673420959716,0.89505,0.0021672043916068457,0.89535,0.002164467342095972,0.8959,0.002159434995548604,0.8959,0.002159434995548604,OUTSIDE_BELOW,0.0240999999999999
D2_S3_d1_M5,D2,3,0.0,5,20000,C2,T_DL,0.05215927917676345,0.0,0.01585368268435662,0.013080407014956106,0.002217672626870604,0.09836143759942333,0.31362627058239767,1.5903730454552705,0.05915,0.0016681018778839619,0.05915,0.0016681018778839619,0.9397,0.0016832098799614982,0.94085,0.0016681018778839623,0.94115,0.001664131567815477,0.94115,0.001664131567815477,WITHIN,0.021150000000000113
D2_S3_d1_M5,D2,3,0.0,5,20000,C3,T3,0.05215927917676345,0.0,0.01585368268435662,0.000907439881573587,0.0022244022093009376,0.09895930377485786,0.3145779772566062,1.6371862819885372,0.0496,0.0015352498168050698,0.0496,0.0015352498168050698,0.94935,0.0015505576013163777,0.9504,0.0015352498168050694,0.95045,0.0015345161696769438,0.9504,0.0015352498168050694,WITHIN,0.02959999999999996
D2_S3_d1_M10,D2,3,0.0,10,32252,C1,T_DL,0.05215927917676345,0.0,0.01585368268435662,0.013325452926144458,0.0012427354212808204,0.0498097090882737,0.22318088871647074,0.8436676604000211,0.08619620488651866,0.0015627597802121223,0.08619620488651866,0.0015627597802121223,0.913400719335235,0.0015660639461489757,0.9138037951134813,0.0015627597802121225,0.9157261565174253,0.0015468595566529208,0.9157261565174253,0.0015468595566529208,BOUNDARY_BELOW,0.004273843482574646
D2_S3_d1_M10,D2,3,0.0,10,32252,C2,T_DL,0.05215927917676345,0.0,0.01585368268435662,0.013325452926144458,0.0012427354212808204,0.0498097090882737,0.22318088871647074,0.9555689988933765,0.058445987845714996,0.0013062359895235627,0.058445987845714996,0.0013062359895235627,0.938701475877465,0.0013357046376516832,0.941554012154285,0.0013062359895235625,0.9414299888379015,0.0013075350578099334,0.9414299888379015,0.0013075350578099334,WITHIN,0.021429988837901592
D2_S3_d1_M10,D2,3,0.0,10,32252,C3,T3,0.05215927917676345,0.0,0.01585368268435662,-0.0011904567984051093,0.0012414239760072448,0.04970463726160818,0.22294536833405662,0.9803388466493257,0.04895820414237877,0.0012015288845248938,0.04895820414237877,0.0012015288845248938,0.9466699739551035,0.0012511427787134741,0.9510417958576213,0.001201528884524893,0.9511658191740047,0.0012000842761686662,0.9510417958576213,0.001201528884524893,WITHIN,0.028958204142378707
D2_S3_d1_M30,D2,3,0.0,30,20000,C1,T_DL,0.05215927917676345,0.0,0.01585368268435662,0.012694411641960276,0.0009159222105383778,0.016778269915150166,0.12953096122221192,0.4972836295428846,0.0634,0.0017230850240194185,0.0634,0.0017230850240194185,0.92635,0.0018469661271934578,0.9366,0.0017230850240194187,0.9373,0.0017141865417742606,0.9373,0.0017141865417742606,WITHIN,0.017300000000000093
D2_S3_d1_M30,D2,3,0.0,30,20000,C2,T_DL,0.05215927917676345,0.0,0.01585368268435662,0.012694411641960276,0.0009159222105383778,0.016778269915150166,0.12953096122221192,0.5111296419721021,0.05665,0.0016346372303970077,0.05665,0.0016346372303970077,0.9354,0.0017382007939245683,0.94335,0.0016346372303970074,0.944,0.0016257921146321267,0.944,0.0016257921146321267,WITHIN,0.02400000000000002
D2_S3_d1_M30,D2,3,0.0,30,20000,C3,T3,0.05215927917676345,0.0,0.01585368268435662,-0.0027122599590315944,0.0009180705955996245,0.016857072370092988,0.12983478875129342,0.5215239290910959,0.05105,0.0015563402182684864,0.05105,0.0015563402182684864,0.9307,0.0017957938356058586,0.94895,0.001556340218268487,0.9472,0.0015813310848775465,0.94895,0.001556340218268487,WITHIN,0.02895000000000003
D2_S3_d2_M5,D2,3,0.5,5,20000,C1,T_DL,0.5521592791767634,0.5,0.5158536826843566,0.514714883650589,0.002225022285736878,0.09901448344051522,0.3146656693071477,1.1755184449803793,0.4321,0.0035027816803220838,0.1088,0.002201846497828584,0.8914,0.0022000686352929995,0.8912,0.002201846497828584,0.8925,0.0021902482735982245,0.8925,0.0021902482735982245,OUTSIDE_BELOW,0.02749999999999997
D2_S3_d2_M5,D2,3,0.5,5,20000,C2,T_DL,0.5521592791767634,0.5,0.5158536826843566,0.514714883650589,0.002225022285736878,0.09901448344051522,0.3146656693071477,1.5978880804034132,0.2717,0.003145465863747372,0.0603,0.001683209879961498,0.9398,0.0016819030887658187,0.9397,0.0016832098799614982,0.94,0.0016792855623746672,0.94,0.0016792855623746672,WITHIN,0.020000000000000018
D2_S3_d2_M5,D2,3,0.5,5,20000,C3,T3,0.5521592791767634,0.5,0.5158536826843566,0.5020857196097123,0.002226427520099661,0.0991395900451425,0.3148643994565637,1.6462833261139393,0.2409,0.003023798852437113,0.0479,0.0015100594359163482,0.9499,0.001542562640543327,0.9521,0.001510059435916349,0.95175,0.0015152877202036586,0.9521,0.001510059435916349,WITHIN,0.027900000000000036
D2_S3_d2_M10,D2,3,0.5,10,90331,C1,T_DL,0.5521592791767634,0.5,0.5158536826843566,0.5150116764775257,0.0007392247319642945,0.04936166440193057,0.22217485096637415,0.843030775947558,0.6483156391493508,0.0015887346517625667,0.0845003376470979,0.000925422186683885,0.9128095559663902,0.000938655273962627,0.9154996623529021,0.0009254221866838849,0.9165402796382195,0.0009202288221460227,0.9165402796382195,0.0009202288221460227,OUTSIDE_BELOW,0.0034597203617804384
D2_S3_d2_M10,D2,3,0.5,10,90331,C2,T_DL,0.5521592791767634,0.5,0.5158536826843566,0.5150116764775257,0.0007392247319642945,0.04936166440193057,0.22217485096637415,0.9545253842212569,0.5615790813784858,0.0016509453062573108,0.05842955353090301,0.0007804126208319038,0.9403416324406904,0.0007880614908126357,0.9415704464690969,0.0007804126208319041,0.9417918544021432,0.0007790241797934052,0.9417918544021432,0.0007790241797934052,WITHIN,0.021791854402143263
D2_S3_d2_M10,D2,3,0.5,10,90331,C3,T3,0.5521592791767634,0.5,0.5158536826843566,0.5006405267864945,0.0007396700708524569,0.049421157244678715,0.22230869808596945,0.9787832390161743,0.5227441299221751,0.0016618882324949773,0.04916363153291783,0.0007193768549911008,0.9464967729793758,0.0007487401951631996,0.9508363684670822,0.0007193768549911006,0.9504267637909466,0.0007222117589492995,0.9508363684670822,0.0007193768549911006,WITHIN,0.02916363153291779
D2_S3_d2_M30,D2,3,0.5,30,20000,C1,T_DL,0.5521592791767634,0.5,0.5158536826843566,0.5156790606308614,0.0009117098175255733,0.016624295827450286,0.12893523888933656,0.4968588025340762,0.9742,0.0011210343438093242,0.06735,0.001772201702685109,0.9281,0.001826614217616845,0.93265,0.0017722017026851095,0.93575,0.0017338099304710424,0.93575,0.0017338099304710424,WITHIN,0.015750000000000042
D2_S3_d2_M30,D2,3,0.5,30,20000,C2,T_DL,0.5521592791767634,0.5,0.5158536826843566,0.5156790606308614,0.0009117098175255733,0.016624295827450286,0.12893523888933656,0.510613392881354,0.9719,0.001168554448881181,0.05885,0.0016641315678154777,0.93665,0.0017224514144091266,0.94115,0.001664131567815477,0.9436,0.0016312424712469939,0.9436,0.0016312424712469939,WITHIN,0.023600000000000065
D2_S3_d2_M30,D2,3,0.5,30,20000,C3,T3,0.5521592791767634,0.5,0.5158536826843566,0.5000198907153739,0.0009160218224097336,0.01678191958261699,0.1295450484681564,0.5210268770609426,0.959,0.0014021233897200352,0.05225,0.0015735300680317487,0.93155,0.0017855615013210831,0.94775,0.001573530068031749,0.9468,0.001586974479946039,0.94775,0.001573530068031749,WITHIN,0.027750000000000052
D3_S1_d1_M5,D3,1,0.0,5,20000,C1,T_DL,0.0,0.0,0.0,0.0007015471375265552,0.0014467008736823667,0.04185886835826646,0.20459439962586087,0.8469301038192083,0.0469,0.0014949981605339854,0.0469,0.0014949981605339854,0.9531,0.0014949981605339863,0.9531,0.0014949981605339863,0.9531,0.0014949981605339863,0.9531,0.0014949981605339863,WITHIN,0.026900000000000035
D3_S1_d1_M5,D3,1,0.0,5,20000,C2,T_DL,0.0,0.0,0.0,0.0007015471375265552,0.0014467008736823667,0.04185886835826646,0.20459439962586087,1.0405613036774248,0.0515,0.0015628139684556188,0.0515,0.0015628139684556188,0.9485,0.0015628139684556186,0.9485,0.0015628139684556186,0.9485,0.0015628139684556186,0.9485,0.0015628139684556186,WITHIN,0.02850000000000008
D3_S1_d1_M5,D3,1,0.0,5,20000,C3,T3,0.0,0.0,0.0,0.0005805964242939056,0.0015837079256663408,0.05016261587636769,0.22397012273151007,1.159179644406545,0.04255,0.0014272262872438975,0.04255,0.0014272262872438975,0.95745,0.001427226287243897,0.95745,0.001427226287243897,0.95745,0.001427226287243897,0.95745,0.001427226287243897,WITHIN,0.02254999999999996
D3_S1_d1_M10,D3,1,0.0,10,20000,C1,T_DL,0.0,0.0,0.0,0.0017314953820778513,0.0010072937103816995,0.020292812379490616,0.14245284265149158,0.5731367980256091,0.04835,0.001516777463901676,0.04835,0.001516777463901676,0.95165,0.001516777463901676,0.95165,0.001516777463901676,0.95165,0.001516777463901676,0.95165,0.001516777463901676,WITHIN,0.028349999999999986
D3_S1_d1_M10,D3,1,0.0,10,20000,C2,T_DL,0.0,0.0,0.0,0.0017314953820778513,0.0010072937103816995,0.020292812379490616,0.14245284265149158,0.6119056149107861,0.05315,0.0015862704293404704,0.05315,0.0015862704293404704,0.94685,0.0015862704293404708,0.94685,0.0015862704293404708,0.94685,0.0015862704293404708,0.94685,0.0015862704293404708,WITHIN,0.02685000000000004
D3_S1_d1_M10,D3,1,0.0,10,20000,C3,T3,0.0,0.0,0.0,0.002107728816299784,0.0011280888859887654,0.025451690693827477,0.15953586021276683,0.6949592292812136,0.047,0.001496512612709963,0.047,0.001496512612709963,0.953,0.001496512612709964,0.953,0.001496512612709964,0.953,0.001496512612709964,0.953,0.001496512612709964,WITHIN,0.027000000000000024
D3_S1_d1_M30,D3,1,0.0,30,20000,C1,T_DL,0.0,0.0,0.0,2.5002057048745386e-05,0.0005643038175898819,0.006368775970930296,0.07980461121345242,0.31807312246716235,0.04925,0.0015301051842928968,0.04925,0.0015301051842928968,0.95075,0.0015301051842928973,0.95075,0.0015301051842928973,0.95075,0.0015301051842928973,0.95075,0.0015301051842928973,WITHIN,0.029249999999999998
D3_S1_d1_M30,D3,1,0.0,30,20000,C2,T_DL,0.0,0.0,0.0,2.5002057048745386e-05,0.0005643038175898819,0.006368775970930296,0.07980461121345242,0.3221964575961404,0.0526,0.0015784999208108945,0.0526,0.0015784999208108945,0.9474,0.0015784999208108942,0.9474,0.0015784999208108942,0.9474,0.0015784999208108942,0.9474,0.0015784999208108942,WITHIN,0.02740000000000009
D3_S1_d1_M30,D3,1,0.0,30,20000,C3,T3,0.0,0.0,0.0,0.00030002031252384927,0.0006448202195310699,0.008315862310321945,0.09119134997532356,0.37197678788033867,0.04875,0.0015227185803686773,0.04875,0.0015227185803686773,0.95125,0.0015227185803686767,0.95125,0.0015227185803686767,0.95125,0.0015227185803686767,0.95125,0.0015227185803686767,WITHIN,0.028749999999999942
D3_S1_d2_M5,D3,1,0.5,5,20000,C1,T_DL,0.5,0.5,0.5,0.49817935184568385,0.0014646376951626128,0.042903271561825024,0.2071310492461838,0.845357377632486,0.6575,0.0033555457827304336,0.04945,0.0015330475775395883,0.95055,0.0015330475775395883,0.95055,0.0015330475775395883,0.95055,0.0015330475775395883,0.95055,0.0015330475775395883,WITHIN,0.029449999999999976
D3_S1_d2_M5,D3,1,0.5,5,20000,C2,T_DL,0.5,0.5,0.5,0.49817935184568385,0.0014646376951626128,0.042903271561825024,0.2071310492461838,1.0369439091160138,0.51505,0.0035339319284615543,0.0537,0.001593993569623165,0.9463,0.0015939935696231648,0.9463,0.0015939935696231648,0.9463,0.0015939935696231648,0.9463,0.0015939935696231648,WITHIN,0.0263000000000001
D3_S1_d2_M5,D3,1,0.5,5,20000,C3,T3,0.5,0.5,0.5,0.4993366034064623,0.0016000095021275296,0.0512006081379677,0.2262755137834576,1.1564675979867107,0.43675,0.003507131573665294,0.0438,0.0014470929479477122,0.9562,0.0014470929479477113,0.9562,0.0014470929479477113,0.9562,0.0014470929479477113,0.9562,0.0014470929479477113,WITHIN,0.023799999999999932
D3_S1_d2_M10,D3,1,0.5,10,20000,C1,T_DL,0.5,0.5,0.5,0.5012281194939031,0.0010053766865371992,0.020215645636650348,0.1421817345394631,0.5724945237249566,0.91445,0.0019777663853448417,0.05055,0.0015491077673938634,0.94945,0.0015491077673938634,0.94945,0.0015491077673938634,0.94945,0.0015491077673938634,0.94945,0.0015491077673938634,WITHIN,0.029450000000000087
D3_S1_d2_M10,D3,1,0.5,10,20000,C2,T_DL,0.5,0.5,0.5,0.5012281194939031,0.0010053766865371992,0.020215645636650348,0.1421817345394631,0.6112068251427674,0.87445,0.0023429382994436714,0.0523,0.0015742412458070079,0.9477,0.001574241245807008,0.9477,0.001574241245807008,0.9477,0.001574241245807008,0.9477,0.001574241245807008,WITHIN,0.027700000000000058
D3_S1_d2_M10,D3,1,0.5,10,20000,C3,T3,0.5,0.5,0.5,0.5021411955873939,0.0011204574845308378,0.025108499492823455,0.15845661706859532,0.6952007218294997,0.80345,0.002809965280034613,0.04405,0.0014510271792768045,0.95595,0.0014510271792768051,0.95595,0.0014510271792768051,0.95595,0.0014510271792768051,0.95595,0.0014510271792768051,WITHIN,0.024050000000000016
D3_S1_d2_M30,D3,1,0.5,30,20000,C1,T_DL,0.5,0.5,0.5,0.49974035896497354,0.000564670609958565,0.006377057955019555,0.07985648348768906,0.3169977049374602,0.9999,7.070714249635216e-05,0.04995,0.001540373290796747,0.95005,0.0015403732907967478,0.95005,0.0015403732907967478,0.95005,0.0015403732907967478,0.95005,0.0015403732907967478,WITHIN,0.029950000000000032
D3_S1_d2_M30,D3,1,0.5,30,20000,C2,T_DL,0.5,0.5,0.5,0.49974035896497354,0.000564670609958565,0.006377057955019555,0.07985648348768906,0.32082832895804964,0.9998,9.998999949994449e-05,0.0516,0.0015642480621691688,0.9484,0.0015642480621691685,0.9484,0.0015642480621691685,0.9484,0.0015642480621691685,0.9484,0.0015642480621691685,WITHIN,0.028400000000000092
D3_S1_d2_M30,D3,1,0.5,30,20000,C3,T3,0.5,0.5,0.5,0.5001710095562285,0.0006457552245025384,0.008339996199446476,0.09132357964647726,0.37126735454129,0.9993,0.00018701737887159497,0.0479,0.0015100594359163482,0.9521,0.001510059435916349,0.9521,0.001510059435916349,0.9521,0.001510059435916349,0.9521,0.001510059435916349,WITHIN,0.027900000000000036
D3_S3_d1_M5,D3,3,0.0,5,20639,C1,T_DL,0.08361854460463167,0.0,0.018852497881809517,0.01506009554027409,0.0022226492545397037,0.10196016261798109,0.319312014521817,1.1724362217868933,0.1146373370802849,0.002217580125461317,0.1146373370802849,0.002217580125461317,0.8817772178884636,0.00224742754356207,0.8853626629197151,0.002217580125461317,0.8863801540772325,0.0022089850890317955,0.8863801540772325,0.0022089850890317955,OUTSIDE_BELOW,0.033619845922767455
D3_S3_d1_M5,D3,3,0.0,5,20639,C2,T_DL,0.08361854460463167,0.0,0.018852497881809517,0.01506009554027409,0.0022226492545397037,0.10196016261798109,0.319312014521817,1.5935462965885603,0.06439265468288193,0.0017085222965194248,0.06439265468288193,0.0017085222965194248,0.9325548718445661,0.0017456941808483171,0.9356073453171181,0.0017085222965194245,0.9364310286351083,0.0016983068616285826,0.9364310286351083,0.0016983068616285826,WITHIN,0.01643102863510837
D3_S3_d1_M5,D3,3,0.0,5,20639,C3,T3,0.08361854460463167,0.0,0.018852497881809517,0.00024257535387305223,0.002236096167111017,0.10319760192918698,0.3212438356283074,1.6677921706105567,0.04908183536024032,0.0015037915611700388,0.04908183536024032,0.0015037915611700388,0.9469935558893358,0.0015595292398181346,0.9509181646397596,0.0015037915611700392,0.9512573283589321,0.0014988540546120351,0.9509181646397596,0.0015037915611700392,WITHIN,0.029081835360240338
D3_S3_d1_M10,D3,3,0.0,10,22464,C1,T_DL,0.08361854460463167,0.0,0.018852497881809517,0.018116210596105124,0.001500618724545518,0.050585705684241436,0.22491266234750198,0.8457248110710271,0.09099002849002849,0.0019188352095723315,0.09099002849002849,0.0019188352095723315,0.8998842592592593,0.002002631139609439,0.9090099715099715,0.0019188352095723313,0.9103009259259259,0.0019065268549167797,0.9103009259259259,0.0019065268549167797,OUTSIDE_BELOW,0.009699074074073999
D3_S3_d1_M10,D3,3,0.0,10,22464,C2,T_DL,0.08361854460463167,0.0,0.018852497881809517,0.018116210596105124,0.001500618724545518,0.050585705684241436,0.22491266234750198,0.9562958939490498,0.06183226495726496,0.0016069570853176778,0.06183226495726496,0.0016069570853176778,0.9298433048433048,0.0017041032326995376,0.9381677350427351,0.0016069570853176772,0.9385683760683761,0.0016020844727406875,0.9385683760683761,0.0016020844727406875,WITHIN,0.018568376068376136
D3_S3_d1_M10,D3,3,0.0,10,22464,C3,T3,0.08361854460463167,0.0,0.018852497881809517,0.0009253839136555557,0.0015132723947962046,0.05144241040890471,0.22680919383681233,0.9954988337689601,0.04865562678062678,0.0014354625528127027,0.04865562678062678,0.0014354625528127027,0.9384793447293447,0.0016031689405562445,0.9513443732193733,0.001435462552812702,0.9520566239316239,0.0014254505329353675,0.9513443732193733,0.001435462552812702,WITHIN,0.02865562678062672
D3_S3_d1_M30,D3,3,0.0,30,20000,C1,T_DL,0.08361854460463167,0.0,0.018852497881809517,0.01821352982339449,0.0009171060281342114,0.016821669336802177,0.1296983783121523,0.5020566129355125,0.06535,0.0017475608358509297,0.06535,0.0017475608358509297,0.9067,0.002056636939277325,0.93465,0.00174756083585093,0.9379,0.001706510914116872,0.9379,0.001706510914116872,WITHIN,0.017900000000000027
D3_S3_d1_M30,D3,3,0.0,30,20000,C2,T_DL,0.08361854460463167,0.0,0.018852497881809517,0.01821352982339449,0.0009171060281342114,0.016821669336802177,0.1296983783121523,0.5139667630484412,0.06005,0.00167994043793225,0.06005,0.00167994043793225,0.91635,0.001957711387053771,0.93995,0.0016799404379322506,0.94325,0.0016359926268171255,0.94325,0.0016359926268171255,WITHIN,0.023250000000000104
D3_S3_d1_M30,D3,3,0.0,30,20000,C3,T3,0.08361854460463167,0.0,0.018852497881809517,-0.0005666419065437923,0.0009286428258844271,0.017247549961332286,0.13132992789662334,0.5309435943914623,0.0514,0.0015613782373275222,0.0514,0.0015613782373275222,0.9067,0.002056636939277325,0.9486,0.0015613782373275222,0.94765,0.0015749520230787985,0.9486,0.0015613782373275222,WITHIN,0.02860000000000007
D3_S3_d2_M5,D3,3,0.5,5,25942,C1,T_DL,0.5836185446046317,0.5,0.5188524978818095,0.5154687955391316,0.0019844261612291902,0.1021582259866578,0.3196220048536361,1.1735004036689558,0.44221725387402666,0.003083533366469662,0.11406213861691465,0.0019736523616658954,0.8826613214092977,0.001998094006388197,0.8859378613830854,0.0019736523616658954,0.8868630020815665,0.0019666581062479133,0.8868630020815665,0.0019666581062479133,OUTSIDE_BELOW,0.033136997918433386
D3_S3_d2_M5,D3,3,0.5,5,25942,C2,T_DL,0.5836185446046317,0.5,0.5188524978818095,0.5154687955391316,0.0019844261612291902,0.1021582259866578,0.3196220048536361,1.593765988923302,0.2787757304756765,0.0027839467240180064,0.06483694395189268,0.0015288089323500593,0.9344692005242464,0.0015363971809835696,0.9351630560481073,0.0015288089323500591,0.9355099838100378,0.0015249960852315322,0.9355099838100378,0.0015249960852315322,WITHIN,0.015509983810037875
D3_S3_d2_M5,D3,3,0.5,5,25942,C3,T3,0.5836185446046317,0.5,0.5188524978818095,0.5002371545065191,0.0019891375808224077,0.10264388943914499,0.32038085061243127,1.6672965754007787,0.23726004163133144,0.00264118500541777,0.04806876879192044,0.0013281054519075392,0.9494256418163596,0.0013604855736057092,0.9519312312080795,0.0013281054519075396,0.9515072083879423,0.001333653186398743,0.9519312312080795,0.0013281054519075396,WITHIN,0.02806876879192044
D3_S3_d2_M10,D3,3,0.5,10,37574,C1,T_DL,0.5836185446046317,0.5,0.5188524978818095,0.5173517818962744,0.0011638440809196386,0.05089522462124513,0.22559969995823384,0.8469892692274351,0.6470697822962687,0.00246533684292105,0.0907010166604567,0.001481547959802259,0.9021131633576409,0.001533023955744928,0.9092989833395433,0.0014815479598022593,0.9109756746686538,0.001469142830923107,0.9109756746686538,0.001469142830923107,OUTSIDE_BELOW,0.009024325331346117
D3_S3_d2_M10,D3,3,0.5,10,37574,C2,T_DL,0.5836185446046317,0.5,0.5188524978818095,0.5173517818962744,0.0011638440809196386,0.05089522462124513,0.22559969995823384,0.9584297116867738,0.5614254537712248,0.0025599061586080276,0.0629158460637675,0.0012526380570332903,0.9304838452121148,0.0013120596325464225,0.9370841539362325,0.0012526380570332908,0.9389471443019108,0.001235178855234286,0.9389471443019108,0.001235178855234286,WITHIN,0.018947144301910912
D3_S3_d2_M10,D3,3,0.5,10,37574,C3,T3,0.5836185446046317,0.5,0.5188524978818095,0.4998967863517558,0.001169792836995899,0.051416835786589316,0.2267528076707967,0.997436999506352,0.5098472347900144,0.002578944803343089,0.05093947942726353,0.0011343066797687956,0.9391600574865598,0.0012331630092177438,0.9490605205727365,0.0011343066797687954,0.950284771384468,0.0011213156658897588,0.9490605205727365,0.0011343066797687954,WITHIN,0.02906052057273656
D3_S3_d2_M30,D3,3,0.5,30,20000,C1,T_DL,0.5836185446046317,0.5,0.5188524978818095,0.5171585750139139,0.0009203177491732606,0.016939695188866732,0.13015258425735055,0.5029536353763662,0.97265,0.0011532991264195074,0.0657,0.0017519062474915716,0.9065,0.0020586130039422176,0.9343,0.0017519062474915714,0.9374,0.0017129103887827872,0.9374,0.0017129103887827872,WITHIN,0.017400000000000082
D3_S3_d2_M30,D3,3,0.5,30,20000,C2,T_DL,0.5836185446046317,0.5,0.5188524978818095,0.5171585750139139,0.0009203177491732606,0.016939695188866732,0.13015258425735055,0.5150282560390615,0.9703,0.0012003730670087519,0.0593,0.0016700824829929807,0.9147,0.0019751444250990864,0.9407,0.0016700824829929811,0.9446,0.0016175728731652246,0.9446,0.0016175728731652246,WITHIN,0.024600000000000066
D3_S3_d2_M30,D3,3,0.5,30,20000,C3,T3,0.5836185446046317,0.5,0.5188524978818095,0.4989089228798274,0.0009316673507118947,0.01736008104765041,0.13175766029969724,0.5319133875553129,0.9537,0.0014858719662205085,0.05065,0.0015505576013163781,0.90505,0.0020728542821433446,0.94935,0.0015505576013163777,0.94595,0.0015988839466953197,0.94935,0.0015505576013163777,WITHIN,0.029350000000000098
D4_S2_d1_M5,D4,2,0.0,5,134196,C1,T_DL,0.0,0.0,0.00015183103614867843,-1.4211273309111752e-05,0.0007749817969480856,0.08059768624049618,0.28389731636719673,1.0225875910466604,0.12987719455125338,0.0009176708568624645,0.12987719455125338,0.0009176708568624645,0.8701228054487467,0.0009176708568624645,0.8701228054487467,0.0009176708568624645,0.8701004500879311,0.0009177380418135051,0.8701004500879311,0.0009177380418135051,OUTSIDE_BELOW,0.0498995499120688
D4_S2_d1_M5,D4,2,0.0,5,134196,C2,T_DL,0.0,0.0,0.00015183103614867843,-1.4211273309111752e-05,0.0007749817969480856,0.08059768624049618,0.28389731636719673,1.42091388397081,0.070210736534621,0.0006974679287208399,0.070210736534621,0.0006974679287208399,0.929789263465379,0.0006974679287208397,0.929789263465379,0.0006974679287208397,0.9298190706131331,0.0006973310393115332,0.9298190706131331,0.0006973310393115332,WITHIN,0.00981907061313314
D4_S2_d1_M5,D4,2,0.0,5,134196,C3,T3,0.0,0.0,0.00015183103614867843,7.111208421673293e-05,0.0008536075816985072,0.09778136567053779,0.31270012099539995,1.5999842448082773,0.04708784166443113,0.0005782438744670314,0.04708784166443113,0.0005782438744670314,0.9529121583355689,0.0005782438744670315,0.9529121583355689,0.0005782438744670315,0.9529419654833229,0.0005780698687859369,0.9529121583355689,0.0005782438744670315,WITHIN,0.027087841664431123
D4_S2_d1_M10,D4,2,0.0,10,81362,C1,T_DL,0.0,0.0,0.00015183103614867843,-0.0013753132044870594,0.0006986108687772126,0.039709305510708254,0.1992719385932406,0.7440777907400179,0.09428234310857649,0.0010244736507047595,0.09428234310857649,0.0010244736507047595,0.9057176568914235,0.00102447365070476,0.9057176568914235,0.00102447365070476,0.9057176568914235,0.00102447365070476,0.9057176568914235,0.00102447365070476,OUTSIDE_BELOW,0.014282343108576456
D4_S2_d1_M10,D4,2,0.0,10,81362,C2,T_DL,0.0,0.0,0.00015183103614867843,-0.0013753132044870594,0.0006986108687772126,0.039709305510708254,0.1992719385932406,0.8531028039784417,0.06254762665617856,0.0008489247906977832,0.06254762665617856,0.0008489247906977832,0.9374523733438215,0.000848924790697783,0.9374523733438215,0.000848924790697783,0.937464664093803,0.0008488469432563147,0.937464664093803,0.0008488469432563147,WITHIN,0.017464664093803095
D4_S2_d1_M10,D4,2,0.0,10,81362,C3,T3,0.0,0.0,0.00015183103614867843,-0.001488838778452941,0.000780093242245459,0.04951247625326774,0.22251399114048478,0.9620709585385538,0.0487205329269192,0.0007547433039185013,0.0487205329269192,0.0007547433039185013,0.9512794670730808,0.0007547433039185017,0.9512794670730808,0.0007547433039185017,0.9512917578230624,0.0007546529733012818,0.9512794670730808,0.0007547433039185017,WITHIN,0.02872053292691923
D4_S2_d1_M30,D4,2,0.0,30,20000,C1,T_DL,0.0,0.0,0.00015183103614867843,0.0006338158136689905,0.0008090005835529267,0.01308963888377952,0.11440995972282973,0.44112927419443915,0.0645,0.0017369477539638319,0.0645,0.0017369477539638319,0.9355,0.0017369477539638319,0.9355,0.0017369477539638319,0.93555,0.0017363207868939428,0.93555,0.0017363207868939428,WITHIN,0.015550000000000064
D4_S2_d1_M30,D4,2,0.0,30,20000,C2,T_DL,0.0,0.0,0.00015183103614867843,0.0006338158136689905,0.0008090005835529267,0.01308963888377952,0.11440995972282973,0.45873401063760877,0.0554,0.0016175728731652246,0.0554,0.0016175728731652246,0.9446,0.0016175728731652246,0.9446,0.0016175728731652246,0.94455,0.001618259829261049,0.94455,0.001618259829261049,WITHIN,0.024550000000000072
D4_S2_d1_M30,D4,2,0.0,30,20000,C3,T3,0.0,0.0,0.00015183103614867843,0.0002099654348815548,0.0009068671935265946,0.01644816213389604,0.12825038843565364,0.5162729814720622,0.04925,0.0015301051842928968,0.04925,0.0015301051842928968,0.95075,0.0015301051842928973,0.95075,0.0015301051842928973,0.9506,0.0015323126312864485,0.95075,0.0015301051842928973,WITHIN,0.029249999999999998
D4_S2_d2_M5,D4,2,0.5,5,263467,C1,T_DL,0.5,0.5,0.5001518310361487,0.5002145192395083,0.0005531520503864468,0.08061489254081544,0.2839276184889653,1.0223912871414318,0.49854820527808036,0.0009741034027605891,0.13051349884425753,0.0006562903599253179,0.8694865011557424,0.000656290359925318,0.8694865011557424,0.000656290359925318,0.8694713189887159,0.0006563228006415362,0.8694713189887159,0.0006563228006415362,OUTSIDE_BELOW,0.05052868101128405
D4_S2_d2_M5,D4,2,0.5,5,263467,C2,T_DL,0.5,0.5,0.5001518310361487,0.5002145192395083,0.0005531520503864468,0.08061489254081544,0.2839276184889653,1.4211683383957314,0.30909373849476407,0.0009003089237286286,0.07061605438252229,0.0004990984187284745,0.9293839456174777,0.0004990984187284745,0.9293839456174777,0.0004990984187284745,0.9293725589922077,0.0004991355984794237,0.9293725589922077,0.0004991355984794237,WITHIN,0.009372558992207791
D4_S2_d2_M5,D4,2,0.5,5,263467,C3,T3,0.5,0.5,0.5001518310361487,0.49985623167597865,0.0006125211394944765,0.09884811454649692,0.31440119997623567,1.6037898533675154,0.2565140985398551,0.0008508027314456876,0.046920487195739886,0.00041198623922266255,0.9530795128042601,0.00041198623922266277,0.9530795128042601,0.00041198623922266277,0.9530757172625035,0.0004120020819188001,0.9530795128042601,0.00041198623922266277,WITHIN,0.026920487195739917
D4_S2_d2_M10,D4,2,0.5,10,42242,C1,T_DL,0.5,0.5,0.5001518310361487,0.5002306331891635,0.0009699243714307435,0.03973930031968703,0.19934718538190357,0.7433351063625101,0.7205151271246627,0.002183375681536486,0.09201742341745182,0.0014063763530455127,0.9079825765825482,0.0014063763530455125,0.9079825765825482,0.0014063763530455125,0.9079825765825482,0.0014063763530455125,0.9079825765825482,0.0014063763530455125,OUTSIDE_BELOW,0.012017423417451711
D4_S2_d2_M10,D4,2,0.5,10,42242,C2,T_DL,0.5,0.5,0.5001518310361487,0.5002306331891635,0.0009699243714307435,0.03973930031968703,0.19934718538190357,0.8523447334181955,0.6302021684579329,0.002348820834735811,0.062165617158278494,0.00117480548101538,0.9378343828417215,0.00117480548101538,0.9378343828417215,0.00117480548101538,0.9377870365986459,0.0011752231038944362,0.9377870365986459,0.0011752231038944362,WITHIN,0.017787036598646
D4_S2_d2_M10,D4,2,0.5,10,42242,C3,T3,0.5,0.5,0.5001518310361487,0.5001462895060551,0.001076599540105552,0.04896129003961125,0.22127198204836337,0.9571048360414847,0.5536906396477439,0.002418685229037141,0.04824582169404858,0.0010426055049193744,0.9517541783059514,0.0010426055049193742,0.9517541783059514,0.0010426055049193742,0.9517541783059514,0.0010426055049193742,0.9517541783059514,0.0010426055049193742,WITHIN,0.028245821694048545
D4_S2_d2_M30,D4,2,0.5,30,20000,C1,T_DL,0.5,0.5,0.5001518310361487,0.499941920670174,0.0008085372982237842,0.013074651252380332,0.11434444128325755,0.44034880151249156,0.98965,0.0007156422814507249,0.06545,0.0017488038412011794,0.93455,0.0017488038412011794,0.93455,0.0017488038412011794,0.9346,0.0017481824847538087,0.9346,0.0017481824847538087,WITHIN,0.014600000000000057
D4_S2_d2_M30,D4,2,0.5,30,20000,C2,T_DL,0.5,0.5,0.5001518310361487,0.499941920670174,0.0008085372982237842,0.013074651252380332,0.11434444128325755,0.45758235366034944,0.9883,0.0007603653726992058,0.05455,0.0016058377486533315,0.94545,0.0016058377486533313,0.94545,0.0016058377486533313,0.9454,0.0016065310454516585,0.9454,0.0016065310454516585,WITHIN,0.02540000000000009
D4_S2_d2_M30,D4,2,0.5,30,20000,C3,T3,0.5,0.5,0.5001518310361487,0.5000840332170131,0.0009090831576552813,0.01652864375064994,0.12856377308810574,0.5158988081668938,0.95895,0.0014029415080465762,0.05005,0.0015418332837891392,0.94995,0.0015418332837891396,0.94995,0.0015418332837891396,0.95,0.0015411035007422448,0.94995,0.0015418332837891396,WITHIN,0.029950000000000032
clamp5_S1_d1_M5,clamp5,1,0.0,5,20000,C1,T_DL,0.0,0.0,0.0,-2.087872449385313e-05,0.0014863118494330364,0.04418245827530107,0.21019623753840377,0.8466714713507226,0.0508,0.0015527292101329196,0.0508,0.0015527292101329196,0.9492,0.001552729210132919,0.9492,0.001552729210132919,0.9492,0.001552729210132919,0.9492,0.001552729210132919,WITHIN,0.029200000000000115
clamp5_S1_d1_M5,clamp5,1,0.0,5,20000,C2,T_DL,0.0,0.0,0.0,-2.087872449385313e-05,0.0014863118494330364,0.04418245827530107,0.21019623753840377,1.0468252342167474,0.05325,0.0015876781396114265,0.05325,0.0015876781396114265,0.94675,0.0015876781396114267,0.94675,0.0015876781396114267,0.94675,0.0015876781396114267,0.94675,0.0015876781396114267,WITHIN,0.02675000000000005
clamp5_S1_d1_M5,clamp5,1,0.0,5,20000,C3,T3,0.0,0.0,0.0,0.000710328576097209,0.0016633302368014918,0.05533334953316214,0.23523041795899216,1.1921961804554095,0.04195,0.0014175718235772041,0.04195,0.0014175718235772041,0.95805,0.0014175718235772048,0.95805,0.0014175718235772048,0.95805,0.0014175718235772048,0.95805,0.0014175718235772048,WITHIN,0.021950000000000025
clamp5_S1_d1_M10,clamp5,1,0.0,10,1000000,C1,T_DL,0.0,0.0,0.0,0.00016075184431046987,0.00014454294949647846,0.020892664249141518,0.14454294949647845,0.5753476144972731,0.051109,0.00022022004931204607,0.051109,0.00022022004931204607,0.948891,0.00022022004931204599,0.948891,0.00022022004931204599,0.948891,0.00022022004931204599,0.948891,0.00022022004931204599,WITHIN,0.02889100000000011
clamp5_S1_d1_M10,clamp5,1,0.0,10,1000000,C2,T_DL,0.0,0.0,0.0,0.00016075184431046987,0.00014454294949647846,0.020892664249141518,0.14454294949647845,0.616604753993868,0.055251,0.00022846953188335637,0.055251,0.00022846953188335637,0.944749,0.0002284695318833565,0.944749,0.0002284695318833565,0.944749,0.0002284695318833565,0.944749,0.0002284695318833565,WITHIN,0.02474900000000002
clamp5_S1_d1_M10,clamp5,1,0.0,10,1000000,C3,T3,0.0,0.0,0.0,0.00016178758677590736,0.0001658098168583792,0.02749289536660925,0.1658098168583792,0.7188385579634257,0.045906,0.00020928124417634753,0.045906,0.00020928124417634753,0.954094,0.00020928124417634753,0.954094,0.00020928124417634753,0.954094,0.00020928124417634753,0.954094,0.00020928124417634753,WITHIN,0.025905999999999985
clamp5_S1_d1_M30,clamp5,1,0.0,30,20000,C1,T_DL,0.0,0.0,0.0,-7.206056496689203e-05,0.0005855587280189834,0.006857580479184197,0.08281050947303849,0.32133096710949066,0.05595,0.0016251091886393357,0.05595,0.0016251091886393357,0.94405,0.0016251091886393366,0.94405,0.0016251091886393366,0.94405,0.0016251091886393366,0.94405,0.0016251091886393366,WITHIN,0.024050000000000016
clamp5_S1_d1_M30,clamp5,1,0.0,30,20000,C2,T_DL,0.0,0.0,0.0,-7.206056496689203e-05,0.0005855587280189834,0.006857580479184197,0.08281050947303849,0.3256075617035342,0.05745,0.0016454406324750827,0.05745,0.0016454406324750827,0.94255,0.0016454406324750827,0.94255,0.0016454406324750827,0.94255,0.0016454406324750827,0.94255,0.0016454406324750827,WITHIN,0.02255000000000007
clamp5_S1_d1_M30,clamp5,1,0.0,30,20000,C3,T3,0.0,0.0,0.0,0.0007691356585231503,0.000681788368685952,0.009296707593509033,0.09641943576639013,0.3857010928265929,0.04995,0.001540373290796747,0.04995,0.001540373290796747,0.95005,0.0015403732907967478,0.95005,0.0015403732907967478,0.95005,0.0015403732907967478,0.95005,0.0015403732907967478,WITHIN,0.029950000000000032
clamp5_S1_d2_M5,clamp5,1,0.5,5,20000,C1,T_DL,0.5,0.5,0.5,0.501070335994739,0.001475520479890224,0.043543213731509545,0.20867010742200126,0.849040285651632,0.66005,0.0033495074078138715,0.0483,0.0015160328162675109,0.9517,0.0015160328162675109,0.9517,0.0015160328162675109,0.9517,0.0015160328162675109,0.9517,0.0015160328162675109,WITHIN,0.028299999999999992
clamp5_S1_d2_M5,clamp5,1,0.5,5,20000,C2,T_DL,0.5,0.5,0.5,0.501070335994739,0.001475520479890224,0.043543213731509545,0.20867010742200126,1.0504463583241903,0.51305,0.00353432948025506,0.05175,0.0015663961424237486,0.94825,0.0015663961424237478,0.94825,0.0015663961424237478,0.94825,0.0015663961424237478,0.94825,0.0015663961424237478,WITHIN,0.02825000000000011
clamp5_S1_d2_M5,clamp5,1,0.5,5,20000,C3,T3,0.5,0.5,0.5,0.5011007997921116,0.0016536812535475854,0.05469323376669427,0.23386584566091362,1.1940620361349672,0.4264,0.003497020446036883,0.03975,0.0013814835775353973,0.96025,0.0013814835775353966,0.96025,0.0013814835775353966,0.96025,0.0013814835775353966,0.96025,0.0013814835775353966,WITHIN,0.019749999999999934
clamp5_S1_d2_M10,clamp5,1,0.5,10,20000,C1,T_DL,0.5,0.5,0.5,0.49930270353594786,0.00103039026490374,0.02123408196016799,0.14571918871640752,0.5757313848402029,0.9043,0.0020801623734699173,0.05325,0.0015876781396114265,0.94675,0.0015876781396114267,0.94675,0.0015876781396114267,0.94675,0.0015876781396114267,0.94675,0.0015876781396114267,WITHIN,0.02675000000000005
clamp5_S1_d2_M10,clamp5,1,0.5,10,20000,C2,T_DL,0.5,0.5,0.5,0.49930270353594786,0.00103039026490374,0.02123408196016799,0.14571918871640752,0.6173995118964063,0.86485,0.002417482962711423,0.0566,0.0016339589958135425,0.9434,0.0016339589958135421,0.9434,0.0016339589958135421,0.9434,0.0016339589958135421,0.9434,0.0016339589958135421,WITHIN,0.023400000000000087
clamp5_S1_d2_M10,clamp5,1,0.5,10,20000,C3,T3,0.5,0.5,0.5,0.49937449824662833,0.0011864462646136939,0.02815309477631575,0.16778883984435838,0.7210658359473423,0.773,0.0029620178932612813,0.04725,0.0015002905968511566,0.95275,0.001500290596851157,0.95275,0.001500290596851157,0.95275,0.001500290596851157,0.95275,0.001500290596851157,WITHIN,0.027249999999999996
clamp5_S1_d2_M30,clamp5,1,0.5,30,20000,C1,T_DL,0.5,0.5,0.5,0.5011319994287936,0.0005757633812593974,0.0066300694239850855,0.0814252382494831,0.3206830652478754,0.99925,0.00019357653525156767,0.0494,0.0015323126312864485,0.9506,0.0015323126312864485,0.9506,0.0015323126312864485,0.9506,0.0015323126312864485,0.9506,0.0015323126312864485,WITHIN,0.02939999999999998
clamp5_S1_d2_M30,clamp5,1,0.5,30,20000,C2,T_DL,0.5,0.5,0.5,0.5011319994287936,0.0005757633812593974,0.0066300694239850855,0.0814252382494831,0.32491469162482334,0.99955,0.0001499662462022622,0.0508,0.0015527292101329196,0.9492,0.001552729210132919,0.9492,0.001552729210132919,0.9492,0.001552729210132919,0.9492,0.001552729210132919,WITHIN,0.029200000000000115
clamp5_S1_d2_M30,clamp5,1,0.5,30,20000,C3,T3,0.5,0.5,0.5,0.5015963599128574,0.0006702903728551655,0.008985783678846337,0.09479337360198938,0.38512694785498547,0.9985,0.0002736558057122072,0.04595,0.0014805167594458362,0.95405,0.0014805167594458368,0.95405,0.0014805167594458368,0.95405,0.0014805167594458368,0.95405,0.0014805167594458368,WITHIN,0.02595000000000003
clamp5_S3_d1_M5,clamp5,3,0.0,5,20000,C1,T_DL,0.08665149476760768,0.0,0.019444654709078243,0.017545695798098677,0.0022991048490559,0.10571766213904708,0.32514252588526016,1.1779841103897095,0.1174,0.002276150697998707,0.1174,0.002276150697998707,0.8785,0.0023101704482570116,0.8826,0.0022761506979987064,0.88295,0.0022732058584738865,0.88295,0.0022732058584738865,OUTSIDE_BELOW,0.037049999999999916
clamp5_S3_d1_M5,clamp5,3,0.0,5,20000,C2,T_DL,0.08665149476760768,0.0,0.019444654709078243,0.017545695798098677,0.0022991048490559,0.10571766213904708,0.32514252588526016,1.6031220293729982,0.0682,0.0017825369561386378,0.0682,0.0017825369561386378,0.9293,0.0018124777240010425,0.9318,0.0017825369561386382,0.93325,0.0017648574659161569,0.93325,0.0017648574659161569,WITHIN,0.013250000000000095
clamp5_S3_d1_M5,clamp5,3,0.0,5,20000,C3,T3,0.08665149476760768,0.0,0.019444654709078243,0.0013079323312468211,0.0023359504922143056,0.10913329404152514,0.3303532867121578,1.6965803363731506,0.04935,0.0015315772507451266,0.04935,0.0015315772507451266,0.94845,0.0015635312197074926,0.95065,0.0015315772507451266,0.9504,0.0015352498168050694,0.95065,0.0015315772507451266,WITHIN,0.029349999999999987
clamp5_S3_d1_M10,clamp5,3,0.0,10,220605,C1,T_DL,0.08665149476760768,0.0,0.019444654709078243,0.01839335526598336,0.0004835716561020854,0.05158661438445309,0.2271268684776266,0.8527638169278086,0.08962625507128125,0.0006081627436568934,0.08962625507128125,0.0006081627436568934,0.901489086829401,0.0006344753201129515,0.9103737449287187,0.0006081627436568935,0.9117971034201401,0.0006037857405059021,0.9117971034201401,0.0006037857405059021,OUTSIDE_BELOW,0.008202896579859842
clamp5_S3_d1_M10,clamp5,3,0.0,10,220605,C2,T_DL,0.08665149476760768,0.0,0.019444654709078243,0.01839335526598336,0.0004835716561020854,0.05158661438445309,0.2271268684776266,0.96395607155213,0.06278189524262823,0.0005164518886666674,0.06278189524262823,0.0005164518886666674,0.9305591441717096,0.0005412175203167762,0.9372181047573718,0.0005164518886666674,0.9382742911538723,0.000512377765794695,0.9382742911538723,0.000512377765794695,WITHIN,0.018274291153872357
clamp5_S3_d1_M10,clamp5,3,0.0,10,220605,C3,T3,0.08665149476760768,0.0,0.019444654709078243,-0.00018249758491132432,0.0004922282548592623,0.053450088710198365,0.2311927522873465,1.0145775868376603,0.04877949275855035,0.00045861849680601163,0.04877949275855035,0.00045861849680601163,0.9398835021871671,0.0005060881559233851,0.9512205072414497,0.00045861849680601147,0.9509439949230525,0.0004598496745494522,0.9512205072414497,0.00045861849680601147,WITHIN,0.028779492758550296
clamp5_S3_d1_M30,clamp5,3,0.0,30,20000,C1,T_DL,0.08665149476760768,0.0,0.019444654709078243,0.01964319655061399,0.0009248335389030619,0.017106341493599228,0.13079121336542157,0.5056052628854825,0.06725,0.0017709804840821933,0.06725,0.0017709804840821933,0.90575,0.0020659977916251504,0.93275,0.0017709804840821937,0.93565,0.001735065956959562,0.93565,0.001735065956959562,WITHIN,0.015650000000000053
clamp5_S3_d1_M30,clamp5,3,0.0,30,20000,C2,T_DL,0.08665149476760768,0.0,0.019444654709078243,0.01964319655061399,0.0009248335389030619,0.017106341493599228,0.13079121336542157,0.5171228450309412,0.0611,0.0016936172826232023,0.0611,0.0016936172826232023,0.91515,0.0019704121079104236,0.9389,0.001693617282623203,0.9422,0.0016501387820422857,0.9422,0.0016501387820422857,WITHIN,0.02220000000000011
clamp5_S3_d1_M30,clamp5,3,0.0,30,20000,C3,T3,0.08665149476760768,0.0,0.019444654709078243,0.0003530590943741453,0.0009495897137249053,0.01803441248824295,0.13429226518397458,0.540723086458994,0.05035,0.0015462030510253173,0.05035,0.0015462030510253173,0.905,0.0020733427116615332,0.94965,0.0015462030510253173,0.9471,0.0015827442939401165,0.94965,0.0015462030510253173,WITHIN,0.029650000000000065
clamp5_S3_d2_M5,clamp5,3,0.5,5,20000,C1,T_DL,0.5866514947676077,0.5,0.5194446547090782,0.5177724498015003,0.002278595013676262,0.1038399047270065,0.3222419971496678,1.1789556928630396,0.4428,0.0035123223086727107,0.11765,0.0022782501783166834,0.8788,0.002307710553774021,0.88235,0.002278250178316684,0.88425,0.002262210616852463,0.88425,0.002262210616852463,OUTSIDE_BELOW,0.03574999999999995
clamp5_S3_d2_M5,clamp5,3,0.5,5,20000,C2,T_DL,0.5866514947676077,0.5,0.5194446547090782,0.5177724498015003,0.002278595013676262,0.1038399047270065,0.3222419971496678,1.602612660643861,0.28415,0.00318911255288991,0.06815,0.0017819312206143086,0.93165,0.0017843525086148199,0.93185,0.0017819312206143092,0.93225,0.001777075371220928,0.93225,0.001777075371220928,WITHIN,0.012250000000000094
clamp5_S3_d2_M5,clamp5,3,0.5,5,20000,C3,T3,0.5866514947676077,0.5,0.5194446547090782,0.5010627582500464,0.0023051905707020047,0.10627807134506867,0.326003176894135,1.6940394695223011,0.23775,0.0030101905047687596,0.05005,0.0015418332837891392,0.94855,0.0015620963078504474,0.94995,0.0015418332837891396,0.9502,0.0015381800934871047,0.94995,0.0015418332837891396,WITHIN,0.029950000000000032
clamp5_S3_d2_M10,clamp5,3,0.5,10,299432,C1,T_DL,0.5866514947676077,0.5,0.5194446547090782,0.5182189346363939,0.00041551149306696256,0.05169687517432636,0.22736946843040814,0.8515730811939443,0.6464005183146758,0.0008736903769759098,0.09100563734003046,0.0005256124420961384,0.9011595287076866,0.0005454050286455048,0.9089943626599696,0.0005256124420961382,0.9108211547196025,0.0005208328535852065,0.9108211547196025,0.0005208328535852065,OUTSIDE_BELOW,0.009178845280397474
clamp5_S3_d2_M10,clamp5,3,0.5,10,299432,C2,T_DL,0.5866514947676077,0.5,0.5194446547090782,0.5182189346363939,0.00041551149306696256,0.05169687517432636,0.22736946843040814,0.9630562924086199,0.5611758262309974,0.0009068712703383043,0.06381749445617035,0.00044668465123399645,0.9305852413903658,0.00046446702185686407,0.9361825055438296,0.00044668465123399645,0.9376486147105186,0.00044186948023180734,0.9376486147105186,0.00044186948023180734,WITHIN,0.017648614710518706
clamp5_S3_d2_M10,clamp5,3,0.5,10,299432,C3,T3,0.5866514947676077,0.5,0.5194446547090782,0.4998305203683957,0.00042346997244469155,0.05369618763631695,0.23172437859732617,1.0140567315079025,0.49968941195329825,0.0009137361664491772,0.049223195917604,0.00039534394098325305,0.9395689171498036,0.00043545712719860195,0.950776804082396,0.0003953439409832532,0.9507500868310668,0.00039544566214215986,0.950776804082396,0.0003953439409832532,WITHIN,0.029223195917604028
clamp5_S3_d2_M30,clamp5,3,0.5,30,20000,C1,T_DL,0.5866514947676077,0.5,0.5194446547090782,0.5194225159781395,0.0009283005447573243,0.017234838027934907,0.13128152203541404,0.5059500545987098,0.9701,0.00120428381206425,0.06695,0.0017673100675885938,0.9062,0.0020615717305007843,0.93305,0.0017673100675885934,0.9365,0.0017243513273112298,0.9365,0.0017243513273112298,WITHIN,0.01650000000000007
clamp5_S3_d2_M30,clamp5,3,0.5,30,20000,C2,T_DL,0.5866514947676077,0.5,0.5194446547090782,0.5194225159781395,0.0009283005447573243,0.017234838027934907,0.13128152203541404,0.517404576774058,0.96955,0.0012149649686307828,0.0609,0.001691023210958383,0.91415,0.001980906074249862,0.9391,0.0016910232109583825,0.94235,0.0016481273843365382,0.94235,0.0016481273843365382,WITHIN,0.022350000000000092
clamp5_S3_d2_M30,clamp5,3,0.5,30,20000,C3,T3,0.5866514947676077,0.5,0.5194446547090782,0.49972966673312674,0.0009469056671428031,0.01793260684934314,0.13391268367612957,0.5404412052324519,0.94635,0.0015932934051831127,0.0507,0.0015512818892773807,0.9048,0.0020752946778710723,0.9493,0.0015512818892773803,0.9463,0.0015939935696231648,0.9493,0.0015512818892773803,WITHIN,0.029300000000000104
