cell,family,scen,delta,M,R,method,own_target,T2,T3,T_DL,mean_est,mcse_est,emp_var,emp_sd,mean_width,rej0,rej0_mcse,rejT3,rejT3_mcse,cov_T2,cov_T2_mcse,cov_T3,cov_T3_mcse,cov_T_DL,cov_T_DL_mcse,own_cov,own_cov_mcse,own_class,own_dist_to_boundary
core_S1_d1_M3,core,1,0.0,3,100000,P1,T2,0.0,0.0,0.0,-0.0002711304418153488,0.0008035657300050352,0.06457178824385253,0.25410979564718184,5.241563459024992,0.00802,0.0002820581429421955,0.00802,0.0002820581429421955,0.99198,0.000282058142942196,0.99198,0.000282058142942196,0.99198,0.000282058142942196,0.99198,0.000282058142942196,OUTSIDE_ABOVE,0.01197999999999999
core_S1_d1_M3,core,1,0.0,3,100000,P2,T2,0.0,0.0,0.0,-0.0002711304418153488,0.0008035657300050352,0.06457178824385253,0.25410979564718184,1.7749302638671764,0.06068,0.0007549697848258564,0.06068,0.0007549697848258564,0.93932,0.0007549697848258562,0.93932,0.0007549697848258562,0.93932,0.0007549697848258562,0.93932,0.0007549697848258562,WITHIN,0.019320000000000115
core_S1_d1_M3,core,1,0.0,3,100000,P3,T2,0.0,0.0,0.0,-0.0002711304418153488,0.0008035657300050352,0.06457178824385253,0.25410979564718184,5.93653250942596,0.00016,3.9996799871989764e-05,0.00016,3.9996799871989764e-05,0.99984,3.999679987199588e-05,0.99984,3.999679987199588e-05,0.99984,3.999679987199588e-05,0.99984,3.999679987199588e-05,OUTSIDE_ABOVE,0.01983999999999997
core_S1_d1_M3,core,1,0.0,3,100000,P4,T2,0.0,0.0,0.0,-0.0002707348440573143,0.0008205288976399638,0.06732676718622545,0.25947402025294447,5.241563459024992,0.008,0.00028170906978654416,0.008,0.00028170906978654416,0.992,0.00028170906978654427,0.992,0.00028170906978654427,0.992,0.00028170906978654427,0.992,0.00028170906978654427,OUTSIDE_ABOVE,0.01200000000000001
core_S1_d1_M3,core,1,0.0,3,100000,C1,T_DL,0.0,0.0,0.0,-0.0004820787133922292,0.0008477831649387684,0.07187362947535954,0.2680925763152712,1.119499322678443,0.04842,0.0006787893900172572,0.04842,0.0006787893900172572,0.95158,0.0006787893900172573,0.95158,0.0006787893900172573,0.95158,0.0006787893900172573,0.95158,0.0006787893900172573,WITHIN,0.02842
core_S1_d1_M3,core,1,0.0,3,100000,C2,T_DL,0.0,0.0,0.0,-0.0004820787133922292,0.0008477831649387684,0.07187362947535954,0.2680925763152712,1.954070948158393,0.05312,0.0007092127015219059,0.05312,0.0007092127015219059,0.94688,0.0007092127015219055,0.94688,0.0007092127015219055,0.94688,0.0007092127015219055,0.94688,0.0007092127015219055,WITHIN,0.026880000000000126
core_S1_d1_M3,core,1,0.0,3,100000,C3,T3,0.0,0.0,0.0,-0.0005598711175751489,0.000900443994587625,0.0810799387388919,0.2847453928317224,2.12835849328685,0.04333,0.0006438362454848283,0.04333,0.0006438362454848283,0.95667,0.0006438362454848281,0.95667,0.0006438362454848281,0.95667,0.0006438362454848281,0.95667,0.0006438362454848281,WITHIN,0.023329999999999962
core_S1_d1_M5,core,1,0.0,5,100000,P1,T2,0.0,0.0,0.0,0.0008283662508424749,0.0006009706754950982,0.036116575280503466,0.19004361415344495,1.0641225765973665,0.04415,0.0006496212550401965,0.04415,0.0006496212550401965,0.95585,0.0006496212550401967,0.95585,0.0006496212550401967,0.95585,0.0006496212550401967,0.95585,0.0006496212550401967,WITHIN,0.024150000000000005
core_S1_d1_M5,core,1,0.0,5,100000,P2,T2,0.0,0.0,0.0,0.0008283662508424749,0.0006009706754950982,0.036116575280503466,0.19004361415344495,0.9283669340214799,0.06401,0.0007740330735827765,0.06401,0.0007740330735827765,0.93599,0.0007740330735827766,0.93599,0.0007740330735827766,0.93599,0.0007740330735827766,0.93599,0.0007740330735827766,WITHIN,0.01599000000000006
core_S1_d1_M5,core,1,0.0,5,100000,P3,T2,0.0,0.0,0.0,0.0008283662508424749,0.0006009706754950982,0.036116575280503466,0.19004361415344495,1.162163707979748,0.0075,0.00027283236611516605,0.0075,0.00027283236611516605,0.9925,0.00027283236611516513,0.9925,0.00027283236611516513,0.9925,0.00027283236611516513,0.9925,0.00027283236611516513,OUTSIDE_ABOVE,0.012500000000000067
core_S1_d1_M5,core,1,0.0,5,100000,P4,T2,0.0,0.0,0.0,0.0008173480141237631,0.000607551995371848,0.036911942708031414,0.19212481023551178,1.0641225765973665,0.0451,0.0006562468285637653,0.0451,0.0006562468285637653,0.9549,0.0006562468285637655,0.9549,0.0006562468285637655,0.9549,0.0006562468285637655,0.9549,0.0006562468285637655,WITHIN,0.02510000000000001
core_S1_d1_M5,core,1,0.0,5,100000,C1,T_DL,0.0,0.0,0.0,0.001008428626225909,0.0006383130129505721,0.04074435025020373,0.20185229810483638,0.8278115526422074,0.0486,0.0006799855880825711,0.0486,0.0006799855880825711,0.9514,0.000679985588082571,0.9514,0.000679985588082571,0.9514,0.000679985588082571,0.9514,0.000679985588082571,WITHIN,0.02859999999999996
core_S1_d1_M5,core,1,0.0,5,100000,C2,T_DL,0.0,0.0,0.0,0.001008428626225909,0.0006383130129505721,0.04074435025020373,0.20185229810483638,1.0171399839766528,0.05506,0.0007213071218281433,0.05506,0.0007213071218281433,0.94494,0.0007213071218281433,0.94494,0.0007213071218281433,0.94494,0.0007213071218281433,0.94494,0.0007213071218281433,WITHIN,0.024940000000000073
core_S1_d1_M5,core,1,0.0,5,100000,C3,T3,0.0,0.0,0.0,0.0009919042343437669,0.0006943828336969507,0.04821675197330071,0.21958313226042822,1.1334896143429503,0.04326,0.0006433395091240705,0.04326,0.0006433395091240705,0.95674,0.0006433395091240703,0.95674,0.0006433395091240703,0.95674,0.0006433395091240703,0.95674,0.0006433395091240703,WITHIN,0.023259999999999947
core_S1_d1_M10,core,1,0.0,10,100000,P1,T2,0.0,0.0,0.0,-0.00032883833729535313,0.00041392474807532475,0.01713336970692211,0.1308944983829424,0.5626562183338092,0.05835,0.0007412508178747596,0.05835,0.0007412508178747596,0.94165,0.0007412508178747596,0.94165,0.0007412508178747596,0.94165,0.0007412508178747596,0.94165,0.0007412508178747596,WITHIN,0.021650000000000058
core_S1_d1_M10,core,1,0.0,10,100000,P2,T2,0.0,0.0,0.0,-0.00032883833729535313,0.00041392474807532475,0.01713336970692211,0.1308944983829424,0.5519577242146126,0.06242,0.0007650081280613952,0.06242,0.0007650081280613952,0.93758,0.0007650081280613953,0.93758,0.0007650081280613953,0.93758,0.0007650081280613953,0.93758,0.0007650081280613953,WITHIN,0.01758000000000004
core_S1_d1_M10,core,1,0.0,10,100000,P3,T2,0.0,0.0,0.0,-0.00032883833729535313,0.00041392474807532475,0.01713336970692211,0.1308944983829424,0.5925818797945501,0.02277,0.0004717152435527179,0.02277,0.0004717152435527179,0.97723,0.00047171524355271754,0.97723,0.00047171524355271754,0.97723,0.00047171524355271754,0.97723,0.00047171524355271754,WITHIN,0.002769999999999939
core_S1_d1_M10,core,1,0.0,10,100000,P4,T2,0.0,0.0,0.0,-0.00038616330335292017,0.00041557024860242384,0.017269863152348037,0.13141485133860648,0.5626562183338092,0.0589,0.0007445185692781611,0.0589,0.0007445185692781611,0.9411,0.0007445185692781609,0.9411,0.0007445185692781609,0.9411,0.0007445185692781609,0.9411,0.0007445185692781609,WITHIN,0.02110000000000012
core_S1_d1_M10,core,1,0.0,10,100000,C1,T_DL,0.0,0.0,0.0,-0.00019360459526556538,0.0004425549230293768,0.01958548598975376,0.1399481546493335,0.560700665519986,0.05011,0.000689920197559109,0.05011,0.000689920197559109,0.94989,0.0006899201975591088,0.94989,0.0006899201975591088,0.94989,0.0006899201975591088,0.94989,0.0006899201975591088,WITHIN,0.029890000000000083
core_S1_d1_M10,core,1,0.0,10,100000,C2,T_DL,0.0,0.0,0.0,-0.00019360459526556538,0.0004425549230293768,0.01958548598975376,0.1399481546493335,0.5981223498765214,0.05573,0.0007254251656787211,0.05573,0.0007254251656787211,0.94427,0.0007254251656787208,0.94427,0.0007254251656787208,0.94427,0.0007254251656787208,0.94427,0.0007254251656787208,WITHIN,0.024270000000000125
core_S1_d1_M10,core,1,0.0,10,100000,C3,T3,0.0,0.0,0.0,0.0001795873553372288,0.0004931879845073518,0.02432343880624239,0.15595973456710674,0.6798625570344742,0.04743,0.000672163634095151,0.04743,0.000672163634095151,0.95257,0.0006721636340951508,0.95257,0.0006721636340951508,0.95257,0.0006721636340951508,0.95257,0.0006721636340951508,WITHIN,0.027429999999999954
core_S1_d1_M30,core,1,0.0,30,100000,P1,T2,0.0,0.0,0.0,-0.00026151167537702977,0.00023362121556462596,0.005457887236189344,0.0738775150921398,0.29484749509334296,0.05678,0.0007318198658139856,0.05678,0.0007318198658139856,0.94322,0.000731819865813986,0.94322,0.000731819865813986,0.94322,0.000731819865813986,0.94322,0.000731819865813986,WITHIN,0.02322000000000002
core_S1_d1_M30,core,1,0.0,30,100000,P2,T2,0.0,0.0,0.0,-0.00026151167537702977,0.00023362121556462596,0.005457887236189344,0.0738775150921398,0.29439012614698246,0.05707,0.0007335735484598664,0.05707,0.0007335735484598664,0.94293,0.0007335735484598661,0.94293,0.0007335735484598661,0.94293,0.0007335735484598661,0.94293,0.0007335735484598661,WITHIN,0.022930000000000117
core_S1_d1_M30,core,1,0.0,30,100000,P3,T2,0.0,0.0,0.0,-0.00026151167537702977,0.00023362121556462596,0.005457887236189344,0.0738775150921398,0.300946375665846,0.03938,0.0006150545959506359,0.03938,0.0006150545959506359,0.96062,0.0006150545959506357,0.96062,0.0006150545959506357,0.96062,0.0006150545959506357,0.96062,0.0006150545959506357,WITHIN,0.019379999999999953
core_S1_d1_M30,core,1,0.0,30,100000,P4,T2,0.0,0.0,0.0,-0.00026614660178786155,0.0002337912884725144,0.005465836656563845,0.07393129686786135,0.29484749509334296,0.05678,0.0007318198658139856,0.05678,0.0007318198658139856,0.94322,0.000731819865813986,0.94322,0.000731819865813986,0.94322,0.000731819865813986,0.94322,0.000731819865813986,WITHIN,0.02322000000000002
core_S1_d1_M30,core,1,0.0,30,100000,C1,T_DL,0.0,0.0,0.0,-0.0002244822810191114,0.0002504355769319978,0.0062717978193262604,0.07919468302434363,0.310829801152616,0.05253,0.0007054828070194199,0.05253,0.0007054828070194199,0.94747,0.0007054828070194196,0.94747,0.0007054828070194196,0.94747,0.0007054828070194196,0.94747,0.0007054828070194196,WITHIN,0.027470000000000105
core_S1_d1_M30,core,1,0.0,30,100000,C2,T_DL,0.0,0.0,0.0,-0.0002244822810191114,0.0002504355769319978,0.0062717978193262604,0.07919468302434363,0.31462295098067816,0.0555,0.0007240148479140466,0.0555,0.0007240148479140466,0.9445,0.0007240148479140465,0.9445,0.0007240148479140465,0.9445,0.0007240148479140465,0.9445,0.0007240148479140465,WITHIN,0.024500000000000077
core_S1_d1_M30,core,1,0.0,30,100000,C3,T3,0.0,0.0,0.0,-9.374805229109921e-05,0.0002845486870685508,0.008096795531243605,0.08998219563471212,0.3636285115174366,0.04972,0.0006873712359416852,0.04972,0.0006873712359416852,0.95028,0.0006873712359416852,0.95028,0.0006873712359416852,0.95028,0.0006873712359416852,0.95028,0.0006873712359416852,WITHIN,0.02971999999999997
core_S1_d1_M100,core,1,0.0,100,100000,P1,T2,0.0,0.0,0.0,0.00015336967952947678,0.00012760021649964141,0.0016281815250755365,0.04035073140694647,0.1581157844533584,0.05278,0.0007070662741214574,0.05278,0.0007070662741214574,0.94722,0.0007070662741214577,0.94722,0.0007070662741214577,0.94722,0.0007070662741214577,0.94722,0.0007070662741214577,WITHIN,0.027220000000000022
core_S1_d1_M100,core,1,0.0,100,100000,P2,T2,0.0,0.0,0.0,0.00015336967952947678,0.00012760021649964141,0.0016281815250755365,0.04035073140694647,0.15809582521142668,0.0528,0.000707192760143937,0.0528,0.000707192760143937,0.9472,0.0007071927601439368,0.9472,0.0007071927601439368,0.9472,0.0007071927601439368,0.9472,0.0007071927601439368,WITHIN,0.027200000000000113
core_S1_d1_M100,core,1,0.0,100,100000,P3,T2,0.0,0.0,0.0,0.00015336967952947678,0.00012760021649964141,0.0016281815250755365,0.04035073140694647,0.15919297073433827,0.04696,0.0006689899730190281,0.04696,0.0006689899730190281,0.95304,0.0006689899730190281,0.95304,0.0006689899730190281,0.95304,0.0006689899730190281,0.95304,0.0006689899730190281,WITHIN,0.026959999999999984
core_S1_d1_M100,core,1,0.0,100,100000,P4,T2,0.0,0.0,0.0,0.0001536929569450579,0.00012761595533582014,0.0016285832056274045,0.04035570846395098,0.1581157844533584,0.05277,0.0007070030205027415,0.05277,0.0007070030205027415,0.94723,0.0007070030205027414,0.94723,0.0007070030205027414,0.94723,0.0007070030205027414,0.94723,0.0007070030205027414,WITHIN,0.027230000000000087
core_S1_d1_M100,core,1,0.0,100,100000,C1,T_DL,0.0,0.0,0.0,0.0001611920100254048,0.00013662487380983277,0.0018666356143552728,0.04320457862721581,0.16696874528447447,0.05391,0.0007141688308796457,0.05391,0.0007141688308796457,0.94609,0.0007141688308796458,0.94609,0.0007141688308796458,0.94609,0.0007141688308796458,0.94609,0.0007141688308796458,WITHIN,0.026090000000000058
core_S1_d1_M100,core,1,0.0,100,100000,C2,T_DL,0.0,0.0,0.0,0.0001611920100254048,0.00013662487380983277,0.0018666356143552728,0.04320457862721581,0.16768030872004303,0.05378,0.000713356233588801,0.05378,0.000713356233588801,0.94622,0.0007133562335888012,0.94622,0.0007133562335888012,0.94622,0.0007133562335888012,0.94622,0.0007133562335888012,WITHIN,0.02622000000000002
core_S1_d1_M100,core,1,0.0,100,100000,C3,T3,0.0,0.0,0.0,0.00016525895576602182,0.00015628875828940653,0.0024426175967644545,0.049422844887404595,0.19492623568027223,0.04883,0.0006815103161361536,0.04883,0.0006815103161361536,0.95117,0.0006815103161361538,0.95117,0.0006815103161361538,0.95117,0.0006815103161361538,0.95117,0.0006815103161361538,WITHIN,0.028830000000000022
core_S1_d1_M300,core,1,0.0,300,100000,P1,T2,0.0,0.0,0.0,-9.986289005984052e-06,7.31508382691467e-05,0.0005351045139478858,0.023132326168111277,0.09079823694383642,0.05083,0.0006945956456817161,0.05083,0.0006945956456817161,0.94917,0.0006945956456817163,0.94917,0.0006945956456817163,0.94917,0.0006945956456817163,0.94917,0.0006945956456817163,WITHIN,0.02917000000000003
core_S1_d1_M300,core,1,0.0,300,100000,P2,T2,0.0,0.0,0.0,-9.986289005984052e-06,7.31508382691467e-05,0.0005351045139478858,0.023132326168111277,0.09079699870944229,0.05084,0.000694660308352219,0.05084,0.000694660308352219,0.94916,0.0006946603083522189,0.94916,0.0006946603083522189,0.94916,0.0006946603083522189,0.94916,0.0006946603083522189,WITHIN,0.029160000000000075
core_S1_d1_M300,core,1,0.0,300,100000,P3,T2,0.0,0.0,0.0,-9.986289005984052e-06,7.31508382691467e-05,0.0005351045139478858,0.023132326168111277,0.09100707277840549,0.04888,0.0006818412249197023,0.04888,0.0006818412249197023,0.95112,0.0006818412249197025,0.95112,0.0006818412249197025,0.95112,0.0006818412249197025,0.95112,0.0006818412249197025,WITHIN,0.028880000000000017
core_S1_d1_M300,core,1,0.0,300,100000,P4,T2,0.0,0.0,0.0,-1.024594934365084e-05,7.315202904121311e-05,0.0005351219352846488,0.023132702723301677,0.09079823694383642,0.05079,0.0006943369203779964,0.05079,0.0006943369203779964,0.94921,0.0006943369203779964,0.94921,0.0006943369203779964,0.94921,0.0006943369203779964,0.94921,0.0006943369203779964,WITHIN,0.02921000000000007
core_S1_d1_M300,core,1,0.0,300,100000,C1,T_DL,0.0,0.0,0.0,2.6069375215620826e-06,7.82989422554851e-05,0.0006130724358327793,0.02476029959093345,0.09591179031175927,0.0539,0.0007141063646264469,0.0539,0.0007141063646264469,0.9461,0.0007141063646264466,0.9461,0.0007141063646264466,0.9461,0.0007141063646264466,0.9461,0.0007141063646264466,WITHIN,0.026100000000000123
core_S1_d1_M300,core,1,0.0,300,100000,C2,T_DL,0.0,0.0,0.0,2.6069375215620826e-06,7.82989422554851e-05,0.0006130724358327793,0.02476029959093345,0.0961645936790245,0.05333,0.0007105343841081866,0.05333,0.0007105343841081866,0.94667,0.0007105343841081865,0.94667,0.0007105343841081865,0.94667,0.0007105343841081865,0.94667,0.0007105343841081865,WITHIN,0.026670000000000083
core_S1_d1_M300,core,1,0.0,300,100000,C3,T3,0.0,0.0,0.0,5.275365411397572e-06,8.991227701016779e-05,0.0008084217557153148,0.02843275849641246,0.11188818614563571,0.04913,0.0006834928170800334,0.04913,0.0006834928170800334,0.95087,0.0006834928170800335,0.95087,0.0006834928170800335,0.95087,0.0006834928170800335,0.95087,0.0006834928170800335,WITHIN,0.02912999999999999
core_S1_d2_M3,core,1,0.5,3,100000,P1,T2,0.5,0.5,0.5,0.5005613515223672,0.0008011581414191715,0.06418543675622213,0.25334844928718653,5.254239790167104,0.0444,0.0006513727043713146,0.00731,0.0002693801013438075,0.99269,0.0002693801013438082,0.99269,0.0002693801013438082,0.99269,0.0002693801013438082,0.99269,0.0002693801013438082,OUTSIDE_ABOVE,0.012689999999999979
core_S1_d2_M3,core,1,0.5,3,100000,P2,T2,0.5,0.5,0.5,0.5005613515223672,0.0008011581414191715,0.06418543675622213,0.25334844928718653,1.7792228006178652,0.27946,0.0014190211710894238,0.06023,0.0007523453136691954,0.93977,0.0007523453136691954,0.93977,0.0007523453136691954,0.93977,0.0007523453136691954,0.93977,0.0007523453136691954,WITHIN,0.019770000000000065
core_S1_d2_M3,core,1,0.5,3,100000,P3,T2,0.5,0.5,0.5,0.5005613515223672,0.0008011581414191715,0.06418543675622213,0.25334844928718653,8.355230293263507,0.00075,8.657005833427629e-05,0.00106,0.00010290172010224125,0.99894,0.00010290172010223881,0.99894,0.00010290172010223881,0.99894,0.00010290172010223881,0.99894,0.00010290172010223881,OUTSIDE_ABOVE,0.018940000000000068
core_S1_d2_M3,core,1,0.5,3,100000,P4,T2,0.5,0.5,0.5,0.5004067186390919,0.0008185041588119522,0.06699490579924616,0.2588337416165948,5.254239790167103,0.04435,0.0006510228682619374,0.00738,0.0002706572666676437,0.99262,0.00027065726666764467,0.99262,0.00027065726666764467,0.99262,0.00027065726666764467,0.99262,0.00027065726666764467,OUTSIDE_ABOVE,0.012619999999999965
core_S1_d2_M3,core,1,0.5,3,100000,C1,T_DL,0.5,0.5,0.5,0.5008224588403097,0.0008439515030738297,0.07122541395405763,0.2668808984435897,1.1204509492497048,0.47168,0.0015786005751931044,0.04785,0.0006749842775946711,0.95215,0.0006749842775946707,0.95215,0.0006749842775946707,0.95215,0.0006749842775946707,0.95215,0.0006749842775946707,WITHIN,0.02784999999999993
core_S1_d2_M3,core,1,0.5,3,100000,C2,T_DL,0.5,0.5,0.5,0.5008224588403097,0.0008439515030738297,0.07122541395405763,0.2668808984435897,1.9594241290404049,0.24675,0.001363321082870796,0.05218,0.0007032584702653783,0.94782,0.0007032584702653783,0.94782,0.0007032584702653783,0.94782,0.0007032584702653783,0.94782,0.0007032584702653783,WITHIN,0.027820000000000067
core_S1_d2_M3,core,1,0.5,3,100000,C3,T3,0.5,0.5,0.5,0.500782552507311,0.0008974814061433659,0.08054728743730732,0.283808540106367,2.1336672115475346,0.20335,0.0012727874036931699,0.04246,0.0006376295821242926,0.95754,0.000637629582124293,0.95754,0.000637629582124293,0.95754,0.000637629582124293,0.95754,0.000637629582124293,WITHIN,0.022460000000000035
core_S1_d2_M5,core,1,0.5,5,100000,P1,T2,0.5,0.5,0.5,0.5001916535422922,0.0006024871852055771,0.03629908083369393,0.19052317663133253,1.0682379799390802,0.49139,0.0015809043864193685,0.04302,0.0006416329137442997,0.95698,0.0006416329137442994,0.95698,0.0006416329137442994,0.95698,0.0006416329137442994,0.95698,0.0006416329137442994,WITHIN,0.02301999999999993
core_S1_d2_M5,core,1,0.5,5,100000,P2,T2,0.5,0.5,0.5,0.5001916535422922,0.0006024871852055771,0.03629908083369393,0.19052317663133253,0.9319573139895705,0.58282,0.001559297430255049,0.06293,0.000767918062686378,0.93707,0.0007679180626863783,0.93707,0.0007679180626863783,0.93707,0.0007679180626863783,0.93707,0.0007679180626863783,WITHIN,0.01707000000000003
core_S1_d2_M5,core,1,0.5,5,100000,P3,T2,0.5,0.5,0.5,0.5001916535422922,0.0006024871852055771,0.03629908083369393,0.19052317663133253,1.7270880479370818,0.07908,0.0008533835808122863,0.01184,0.0003420499144861755,0.98816,0.000342049914486175,0.98816,0.000342049914486175,0.98816,0.000342049914486175,0.98816,0.000342049914486175,OUTSIDE_ABOVE,0.008160000000000056
core_S1_d2_M5,core,1,0.5,5,100000,P4,T2,0.5,0.5,0.5,0.5002157002481319,0.0006087017998754145,0.037051788117156925,0.1924884103450307,1.0682379799390802,0.49112,0.0015808894509104676,0.04373,0.0006466659655494481,0.95627,0.0006466659655494484,0.95627,0.0006466659655494484,0.95627,0.0006466659655494484,0.95627,0.0006466659655494484,WITHIN,0.02373000000000003
core_S1_d2_M5,core,1,0.5,5,100000,C1,T_DL,0.5,0.5,0.5,0.5000295425141583,0.0006401335760490172,0.04097709951853029,0.20242801070635036,0.8286132184198169,0.6753,0.001480776519262782,0.04764,0.0006735757596588524,0.95236,0.0006735757596588525,0.95236,0.0006735757596588525,0.95236,0.0006735757596588525,0.95236,0.0006735757596588525,WITHIN,0.027639999999999998
core_S1_d2_M5,core,1,0.5,5,100000,C2,T_DL,0.5,0.5,0.5,0.5000295425141583,0.0006401335760490172,0.04097709951853029,0.20242801070635036,1.0180040657900793,0.52972,0.0015783431870160557,0.05302,0.0007085822436386619,0.94698,0.0007085822436386616,0.94698,0.0007085822436386616,0.94698,0.0007085822436386616,0.94698,0.0007085822436386616,WITHIN,0.026980000000000115
core_S1_d2_M5,core,1,0.5,5,100000,C3,T3,0.5,0.5,0.5,0.5000876850183688,0.0006988095081541238,0.048833472868660854,0.22098296963490388,1.1335417353045905,0.45122,0.0015735962366503042,0.04278,0.0006399208669827856,0.95722,0.0006399208669827859,0.95722,0.0006399208669827859,0.95722,0.0006399208669827859,0.95722,0.0006399208669827859,WITHIN,0.022780000000000022
core_S1_d2_M10,core,1,0.5,10,100000,P1,T2,0.5,0.5,0.5,0.4987938139165545,0.0004119893184062551,0.016973519848085067,0.1302824617824098,0.5620067258385185,0.91463,0.0008836399894753517,0.05832,0.0007410720450806386,0.94168,0.0007410720450806387,0.94168,0.0007410720450806387,0.94168,0.0007410720450806387,0.94168,0.0007410720450806387,WITHIN,0.021680000000000033
core_S1_d2_M10,core,1,0.5,10,100000,P2,T2,0.5,0.5,0.5,0.4987938139165545,0.0004119893184062551,0.016973519848085067,0.1302824617824098,0.5513205813413733,0.9202,0.0008569245007583806,0.06234,0.0007645503541297983,0.93766,0.000764550354129798,0.93766,0.000764550354129798,0.93766,0.000764550354129798,0.93766,0.000764550354129798,WITHIN,0.01766000000000012
core_S1_d2_M10,core,1,0.5,10,100000,P3,T2,0.5,0.5,0.5,0.4987938139165545,0.0004119893184062551,0.016973519848085067,0.1302824617824098,0.9351242213589915,0.61783,0.0015366069474657467,0.01297,0.00035779573921442947,0.98703,0.00035779573921442996,0.98703,0.00035779573921442996,0.98703,0.00035779573921442996,0.98703,0.00035779573921442996,OUTSIDE_ABOVE,0.007029999999999981
core_S1_d2_M10,core,1,0.5,10,100000,P4,T2,0.5,0.5,0.5,0.49877126835134766,0.00041358230052381467,0.0171050319306571,0.13078620695875043,0.5620067258385185,0.91389,0.0008871024061516236,0.05902,0.000745229089609363,0.94098,0.0007452290896093628,0.94098,0.0007452290896093628,0.94098,0.0007452290896093628,0.94098,0.0007452290896093628,WITHIN,0.02098000000000011
core_S1_d2_M10,core,1,0.5,10,100000,C1,T_DL,0.5,0.5,0.5,0.4989053550049068,0.00044046932303188946,0.0194013224532171,0.13928863002132336,0.5603139331148546,0.92059,0.000855009075390431,0.04938,0.0006851395157192439,0.95062,0.0006851395157192438,0.95062,0.0006851395157192438,0.95062,0.0006851395157192438,0.95062,0.0006851395157192438,WITHIN,0.02937999999999996
core_S1_d2_M10,core,1,0.5,10,100000,C2,T_DL,0.5,0.5,0.5,0.4989053550049068,0.00044046932303188946,0.0194013224532171,0.13928863002132336,0.5975343862114373,0.88351,0.0010144953420297205,0.05512,0.0007216771133962889,0.94488,0.0007216771133962886,0.94488,0.0007216771133962886,0.94488,0.0007216771133962886,0.94488,0.0007216771133962886,WITHIN,0.024880000000000124
core_S1_d2_M10,core,1,0.5,10,100000,C3,T3,0.5,0.5,0.5,0.4988560236695936,0.0004914990645886881,0.024157133049155538,0.15542565119424637,0.6795359412791572,0.81332,0.0012321955104609007,0.04566,0.0006601148718215641,0.95434,0.0006601148718215643,0.95434,0.0006601148718215643,0.95434,0.0006601148718215643,0.95434,0.0006601148718215643,WITHIN,0.025660000000000016
core_S1_d2_M30,core,1,0.5,30,100000,P1,T2,0.5,0.5,0.5,0.4998411207481442,0.0002332924996985972,0.005442539041562,0.07377356600817124,0.29490088167566614,0.99997,1.732024826611169e-05,0.05624,0.0007285400634144975,0.94376,0.0007285400634144972,0.94376,0.0007285400634144972,0.94376,0.0007285400634144972,0.94376,0.0007285400634144972,WITHIN,0.023760000000000114
core_S1_d2_M30,core,1,0.5,30,100000,P2,T2,0.5,0.5,0.5,0.4998411207481442,0.0002332924996985972,0.005442539041562,0.07377356600817124,0.2944434299157654,0.99997,1.732024826611169e-05,0.05661,0.0007307893533707233,0.94339,0.0007307893533707237,0.94339,0.0007307893533707237,0.94339,0.0007307893533707237,0.94339,0.0007307893533707237,WITHIN,0.023390000000000022
core_S1_d2_M30,core,1,0.5,30,100000,P3,T2,0.5,0.5,0.5,0.4998411207481442,0.0002332924996985972,0.005442539041562,0.07377356600817124,0.5082521028880496,0.99807,0.00013879031306254726,0.00653,0.00025470294658680334,0.99347,0.00025470294658680405,0.99347,0.00025470294658680405,0.99347,0.00025470294658680405,0.99347,0.00025470294658680405,OUTSIDE_ABOVE,0.013469999999999982
core_S1_d2_M30,core,1,0.5,30,100000,P4,T2,0.5,0.5,0.5,0.49984037956263916,0.00023345447096182354,0.005450099001206493,0.07382478581890023,0.29490088167566614,0.99997,1.732024826611169e-05,0.05651,0.0007301823053183363,0.94349,0.0007301823053183359,0.94349,0.0007301823053183359,0.94349,0.0007301823053183359,0.94349,0.0007301823053183359,WITHIN,0.023490000000000122
core_S1_d2_M30,core,1,0.5,30,100000,C1,T_DL,0.5,0.5,0.5,0.4999219137598685,0.0002499337000704844,0.006246685443092287,0.0790359756256117,0.3107993401678928,0.99988,3.463893762805219e-05,0.05201,0.0007021749062733586,0.94799,0.0007021749062733586,0.94799,0.0007021749062733586,0.94799,0.0007021749062733586,0.94799,0.0007021749062733586,WITHIN,0.02799000000000007
core_S1_d2_M30,core,1,0.5,30,100000,C2,T_DL,0.5,0.5,0.5,0.4999219137598685,0.0002499337000704844,0.006246685443092287,0.0790359756256117,0.31454340106126655,0.99987,3.605316907013356e-05,0.05504,0.0007211837380307462,0.94496,0.0007211837380307461,0.94496,0.0007211837380307461,0.94496,0.0007211837380307461,0.94496,0.0007211837380307461,WITHIN,0.024960000000000093
core_S1_d2_M30,core,1,0.5,30,100000,C3,T3,0.5,0.5,0.5,0.4998502541832735,0.00028341994529891914,0.008032686539324235,0.08962525614649162,0.36347610635191413,0.99921,8.884682886856219e-05,0.04901,0.000682700665738653,0.95099,0.000682700665738653,0.95099,0.000682700665738653,0.95099,0.000682700665738653,0.95099,0.000682700665738653,WITHIN,0.02900999999999998
core_S1_d2_M100,core,1,0.5,100,100000,P1,T2,0.5,0.5,0.5,0.5000914483033037,0.0001273412893673704,0.0016215803977744359,0.04026885145834726,0.15808001687922327,1.0,3.162277660168379e-153,0.05304,0.0007087083913712325,0.94696,0.0007087083913712322,0.94696,0.0007087083913712322,0.94696,0.0007087083913712322,0.94696,0.0007087083913712322,WITHIN,0.026960000000000095
core_S1_d2_M100,core,1,0.5,100,100000,P2,T2,0.5,0.5,0.5,0.5000914483033037,0.0001273412893673704,0.0016215803977744359,0.04026885145834726,0.15806006215229726,1.0,3.162277660168379e-153,0.05307,0.0007088975603004994,0.94693,0.0007088975603004989,0.94693,0.0007088975603004989,0.94693,0.0007088975603004989,0.94693,0.0007088975603004989,WITHIN,0.02693000000000012
core_S1_d2_M100,core,1,0.5,100,100000,P3,T2,0.5,0.5,0.5,0.5000914483033037,0.0001273412893673704,0.0016215803977744359,0.04026885145834726,0.27824478142799397,1.0,3.162277660168379e-153,0.00237,0.0001537655065351134,0.99763,0.00015376550653511286,0.99763,0.00015376550653511286,0.99763,0.00015376550653511286,0.99763,0.00015376550653511286,OUTSIDE_ABOVE,0.017630000000000035
core_S1_d2_M100,core,1,0.5,100,100000,P4,T2,0.5,0.5,0.5,0.5000926132358625,0.0001273464120454336,0.0016217108660845359,0.04027047139138721,0.15808001687922327,1.0,3.162277660168379e-153,0.05309,0.0007090236378288103,0.94691,0.0007090236378288101,0.94691,0.0007090236378288101,0.94691,0.0007090236378288101,0.94691,0.0007090236378288101,WITHIN,0.0269100000000001
core_S1_d2_M100,core,1,0.5,100,100000,C1,T_DL,0.5,0.5,0.5,0.5000509883451558,0.00013661525966718845,0.001866372917393333,0.04320153836836523,0.1669772666240049,1.0,3.162277660168379e-153,0.05514,0.0007218003906898361,0.94486,0.0007218003906898358,0.94486,0.0007218003906898358,0.94486,0.0007218003906898358,0.94486,0.0007218003906898358,WITHIN,0.024860000000000104
core_S1_d2_M100,core,1,0.5,100,100000,C2,T_DL,0.5,0.5,0.5,0.5000509883451558,0.00013661525966718845,0.001866372917393333,0.04320153836836523,0.16772497134106867,1.0,3.162277660168379e-153,0.05479,0.000719639186676212,0.94521,0.0007196391866762121,0.94521,0.0007196391866762121,0.94521,0.0007196391866762121,0.94521,0.0007196391866762121,WITHIN,0.025210000000000066
core_S1_d2_M100,core,1,0.5,100,100000,C3,T3,0.5,0.5,0.5,0.5000229697991758,0.0001561510354785661,0.002438314588102841,0.04937929311060296,0.19500450846389433,1.0,3.162277660168379e-153,0.04956,0.0006863221284498992,0.95044,0.0006863221284498995,0.95044,0.0006863221284498995,0.95044,0.0006863221284498995,0.95044,0.0006863221284498995,WITHIN,0.02956000000000003
core_S1_d2_M300,core,1,0.5,300,100000,P1,T2,0.5,0.5,0.5,0.500019419074627,7.314963799907774e-05,0.0005350869539396119,0.023131946609388755,0.09081467918883644,1.0,3.162277660168379e-153,0.05046,0.0006921978647756724,0.94954,0.000692197864775672,0.94954,0.000692197864775672,0.94954,0.000692197864775672,0.94954,0.000692197864775672,WITHIN,0.02954000000000012
core_S1_d2_M300,core,1,0.5,300,100000,P2,T2,0.5,0.5,0.5,0.500019419074627,7.314963799907774e-05,0.0005350869539396119,0.023131946609388755,0.09081344073021601,1.0,3.162277660168379e-153,0.05046,0.0006921978647756724,0.94954,0.000692197864775672,0.94954,0.000692197864775672,0.94954,0.000692197864775672,0.94954,0.000692197864775672,WITHIN,0.02954000000000012
core_S1_d2_M300,core,1,0.5,300,100000,P3,T2,0.5,0.5,0.5,0.500019419074627,7.314963799907774e-05,0.0005350869539396119,0.023131946609388755,0.16112903780262652,1.0,3.162277660168379e-153,0.00104,0.00010192734667399127,0.99896,0.00010192734667399328,0.99896,0.00010192734667399328,0.99896,0.00010192734667399328,0.99896,0.00010192734667399328,OUTSIDE_ABOVE,0.018959999999999977
core_S1_d2_M300,core,1,0.5,300,100000,P4,T2,0.5,0.5,0.5,0.5000197129957203,7.315073219769984e-05,0.00053510296210596,0.023132292625374598,0.09081467918883644,1.0,3.162277660168379e-153,0.0505,0.0006924575799281859,0.9495,0.0006924575799281859,0.9495,0.0006924575799281859,0.9495,0.0006924575799281859,0.9495,0.0006924575799281859,WITHIN,0.02950000000000008
core_S1_d2_M300,core,1,0.5,300,100000,C1,T_DL,0.5,0.5,0.5,0.5000063931965356,7.82713940335382e-05,0.0006126411123953401,0.024751588078249447,0.09591831663032872,1.0,3.162277660168379e-153,0.05336,0.0007107229446134407,0.94664,0.0007107229446134405,0.94664,0.0007107229446134405,0.94664,0.0007107229446134405,0.94664,0.0007107229446134405,WITHIN,0.026640000000000108
core_S1_d2_M300,core,1,0.5,300,100000,C2,T_DL,0.5,0.5,0.5,0.5000063931965356,7.82713940335382e-05,0.0006126411123953401,0.024751588078249447,0.0961712255698944,1.0,3.162277660168379e-153,0.05294,0.0007080773714785695,0.94706,0.0007080773714785694,0.94706,0.0007080773714785694,0.94706,0.0007080773714785694,0.94706,0.0007080773714785694,WITHIN,0.027060000000000084
core_S1_d2_M300,core,1,0.5,300,100000,C3,T3,0.5,0.5,0.5,0.500029233654212,8.99110759257762e-05,0.0008084001574130695,0.02843237868017851,0.11191090054055693,1.0,3.162277660168379e-153,0.04951,0.0006859938767948298,0.95049,0.00068599387679483,0.95049,0.00068599387679483,0.95049,0.00068599387679483,0.95049,0.00068599387679483,WITHIN,0.029510000000000036
core_S2_d1_M3,core,2,0.0,3,100000,P1,T2,0.0,0.0,0.0,0.0021846751447567245,0.0013021981454298173,0.16957200099608563,0.4117912104405406,7.886313891869619,0.00957,0.00030787034771150013,0.00957,0.00030787034771150013,0.99043,0.00030787034771149964,0.99043,0.00030787034771149964,0.99043,0.00030787034771149964,0.99043,0.00030787034771149964,OUTSIDE_ABOVE,0.01043000000000005
core_S2_d1_M3,core,2,0.0,3,100000,P2,T2,0.0,0.0,0.0,0.0021846751447567245,0.0013021981454298173,0.16957200099608563,0.4117912104405406,2.670511824660669,0.07395,0.0008275348784190308,0.07395,0.0008275348784190308,0.92605,0.0008275348784190307,0.92605,0.0008275348784190307,0.92605,0.0008275348784190307,0.92605,0.0008275348784190307,WITHIN,0.006050000000000111
core_S2_d1_M3,core,2,0.0,3,100000,P3,T2,0.0,0.0,0.0,0.0021846751447567245,0.0013021981454298173,0.16957200099608563,0.4117912104405406,9.710624166029977,0.00017,4.122755146743498e-05,0.00017,4.122755146743498e-05,0.99983,4.12275514674354e-05,0.99983,4.12275514674354e-05,0.99983,4.12275514674354e-05,0.99983,4.12275514674354e-05,OUTSIDE_ABOVE,0.019830000000000014
core_S2_d1_M3,core,2,0.0,3,100000,P4,T2,0.0,0.0,0.0,0.0028477984138105547,0.0013932564687859368,0.19411635878138586,0.4405863806126851,7.886313891869619,0.00964,0.00030898333935667143,0.00964,0.00030898333935667143,0.99036,0.00030898333935667116,0.99036,0.00030898333935667116,0.99036,0.00030898333935667116,0.99036,0.00030898333935667116,OUTSIDE_ABOVE,0.010360000000000036
core_S2_d1_M3,core,2,0.0,3,100000,C1,T_DL,0.0,0.0,0.0,0.0009404490455414528,0.0012792032867710587,0.163636104888588,0.40451959765700846,1.4699942677972377,0.13229,0.0010713979461432618,0.13229,0.0010713979461432618,0.86771,0.001071397946143262,0.86771,0.001071397946143262,0.86771,0.001071397946143262,0.86771,0.001071397946143262,OUTSIDE_BELOW,0.05228999999999995
core_S2_d1_M3,core,2,0.0,3,100000,C2,T_DL,0.0,0.0,0.0,0.0009404490455414528,0.0012792032867710587,0.163636104888588,0.40451959765700846,2.9343873190971266,0.06212,0.0007632896278608796,0.06212,0.0007632896278608796,0.93788,0.0007632896278608793,0.93788,0.0007632896278608793,0.93788,0.0007632896278608793,0.93788,0.0007632896278608793,WITHIN,0.017880000000000118
core_S2_d1_M3,core,2,0.0,3,100000,C3,T3,0.0,0.0,0.0,0.0003761567005179272,0.0012861760266798191,0.16542487716058868,0.40672457162137216,3.0701838105774146,0.04815,0.0006769902325735579,0.04815,0.0006769902325735579,0.95185,0.0006769902325735581,0.95185,0.0006769902325735581,0.95185,0.0006769902325735581,0.95185,0.0006769902325735581,WITHIN,0.02815000000000001
core_S2_d1_M5,core,2,0.0,5,159755,P1,T2,0.0,0.0,0.0,0.0004280187394342489,0.0008092885690574687,0.10463121582407191,0.3234674880479828,1.691658439770536,0.058314293762323555,0.0005862910567719406,0.058314293762323555,0.0005862910567719406,0.9416857062376764,0.0005862910567719406,0.9416857062376764,0.0005862910567719406,0.9416857062376764,0.0005862910567719406,0.9416857062376764,0.0005862910567719406,WITHIN,0.021685706237676516
core_S2_d1_M5,core,2,0.0,5,159755,P2,T2,0.0,0.0,0.0,0.0004280187394342489,0.0008092885690574687,0.10463121582407191,0.3234674880479828,1.475844788636185,0.08235735970705142,0.0006877977815429617,0.08235735970705142,0.0006877977815429617,0.9176426402929486,0.0006877977815429615,0.9176426402929486,0.0006877977815429615,0.9176426402929486,0.0006877977815429615,0.9176426402929486,0.0006877977815429615,OUTSIDE_BELOW,0.0023573597070513097
core_S2_d1_M5,core,2,0.0,5,159755,P3,T2,0.0,0.0,0.0,0.0004280187394342489,0.0008092885690574687,0.10463121582407191,0.3234674880479828,1.969915793011206,0.0062220274795781036,0.00019673580910345315,0.0062220274795781036,0.00019673580910345315,0.9937779725204219,0.0001967358091034534,0.9937779725204219,0.0001967358091034534,0.9937779725204219,0.0001967358091034534,0.9937779725204219,0.0001967358091034534,OUTSIDE_ABOVE,0.0137779725204219
core_S2_d1_M5,core,2,0.0,5,159755,P4,T2,0.0,0.0,0.0,0.00030004055937899685,0.0008576487459129509,0.11750960688258448,0.3427967428120992,1.691658439770536,0.06302150167443898,0.0006079697292171016,0.06302150167443898,0.0006079697292171016,0.936978498325561,0.0006079697292171016,0.936978498325561,0.0006079697292171016,0.936978498325561,0.0006079697292171016,0.936978498325561,0.0006079697292171016,WITHIN,0.016978498325561087
core_S2_d1_M5,core,2,0.0,5,159755,C1,T_DL,0.0,0.0,0.0,0.0008972528716238567,0.0007792636065184202,0.09701150626778644,0.31146670169985496,1.1464730087638695,0.11164595787299302,0.0007879294146305743,0.11164595787299302,0.0007879294146305743,0.888354042127007,0.0007879294146305743,0.888354042127007,0.0007879294146305743,0.888354042127007,0.0007879294146305743,0.888354042127007,0.0007879294146305743,OUTSIDE_BELOW,0.03164595787299296
core_S2_d1_M5,core,2,0.0,5,159755,C2,T_DL,0.0,0.0,0.0,0.0008972528716238567,0.0007792636065184202,0.09701150626778644,0.31146670169985496,1.5616018474629976,0.06506838596601046,0.0006170888650921094,0.06506838596601046,0.0006170888650921094,0.9349316140339895,0.0006170888650921096,0.9349316140339895,0.0006170888650921096,0.9349316140339895,0.0006170888650921096,0.9349316140339895,0.0006170888650921096,WITHIN,0.014931614033989571
core_S2_d1_M5,core,2,0.0,5,159755,C3,T3,0.0,0.0,0.0,0.0006118206777314636,0.0007860620655415515,0.09871158741648561,0.31418400248339445,1.6357133971380344,0.04878720540828143,0.0005389699882388282,0.04878720540828143,0.0005389699882388282,0.9512127945917186,0.000538969988238828,0.9512127945917186,0.000538969988238828,0.9512127945917186,0.000538969988238828,0.9512127945917186,0.000538969988238828,WITHIN,0.02878720540828139
core_S2_d1_M10,core,2,0.0,10,100000,P1,T2,0.0,0.0,0.0,-1.9679255868963352e-05,0.0007373662970683229,0.05437090560522503,0.23317569685802383,0.9486124739223689,0.07297,0.0008224681094121522,0.07297,0.0008224681094121522,0.92703,0.0008224681094121521,0.92703,0.0008224681094121521,0.92703,0.0008224681094121521,0.92703,0.0008224681094121521,WITHIN,0.007030000000000092
core_S2_d1_M10,core,2,0.0,10,100000,P2,T2,0.0,0.0,0.0,-1.9679255868963352e-05,0.0007373662970683229,0.05437090560522503,0.23317569685802383,0.9305753055005778,0.07738,0.0008449398534807078,0.07738,0.0008449398534807078,0.92262,0.0008449398534807078,0.92262,0.0008449398534807078,0.92262,0.0008449398534807078,0.92262,0.0008449398534807078,WITHIN,0.0026200000000000667
core_S2_d1_M10,core,2,0.0,10,100000,P3,T2,0.0,0.0,0.0,-1.9679255868963352e-05,0.0007373662970683229,0.05437090560522503,0.23317569685802383,1.0439938523653212,0.01856,0.00042679651357526344,0.01856,0.00042679651357526344,0.98144,0.00042679651357526365,0.98144,0.00042679651357526365,0.98144,0.00042679651357526365,0.98144,0.00042679651357526365,OUTSIDE_ABOVE,0.0014399999999999968
core_S2_d1_M10,core,2,0.0,10,100000,P4,T2,0.0,0.0,0.0,-0.00011139261531618085,0.0007702288609069468,0.05932524981740129,0.2435677520062976,0.9486124739223689,0.07947,0.0008553041511649525,0.07947,0.0008553041511649525,0.92053,0.0008553041511649527,0.92053,0.0008553041511649527,0.92053,0.0008553041511649527,0.92053,0.0008553041511649527,WITHIN,0.0005300000000000304
core_S2_d1_M10,core,2,0.0,10,100000,C1,T_DL,0.0,0.0,0.0,0.00017804073308240665,0.0006929566161394534,0.048018887185144174,0.21913212266836685,0.821562133079613,0.08688,0.0008906843750734601,0.08688,0.0008906843750734601,0.91312,0.0008906843750734598,0.91312,0.0008906843750734598,0.91312,0.0008906843750734598,0.91312,0.0008906843750734598,OUTSIDE_BELOW,0.006879999999999886
core_S2_d1_M10,core,2,0.0,10,100000,C2,T_DL,0.0,0.0,0.0,0.00017804073308240665,0.0006929566161394534,0.048018887185144174,0.21913212266836685,0.93492070325214,0.05947,0.0007478858141454483,0.05947,0.0007478858141454483,0.94053,0.0007478858141454484,0.94053,0.0007478858141454484,0.94053,0.0007478858141454484,0.94053,0.0007478858141454484,WITHIN,0.020530000000000048
core_S2_d1_M10,core,2,0.0,10,100000,C3,T3,0.0,0.0,0.0,0.0003644553145957309,0.0007021111231340976,0.0492960029228624,0.2220270319642687,0.9750640039231862,0.04926,0.0006843497088477498,0.04926,0.0006843497088477498,0.95074,0.0006843497088477497,0.95074,0.0006843497088477497,0.95074,0.0006843497088477497,0.95074,0.0006843497088477497,WITHIN,0.029259999999999953
core_S2_d1_M30,core,2,0.0,30,100000,P1,T2,0.0,0.0,0.0,0.0003421373426157784,0.0004355996542127159,0.01897470587502377,0.13774870552939425,0.5314106101900514,0.06566,0.0007832545205742511,0.06566,0.0007832545205742511,0.93434,0.0007832545205742514,0.93434,0.0007832545205742514,0.93434,0.0007832545205742514,0.93434,0.0007832545205742514,WITHIN,0.01434000000000002
core_S2_d1_M30,core,2,0.0,30,100000,P2,T2,0.0,0.0,0.0,0.0003421373426157784,0.0004355996542127159,0.01897470587502377,0.13774870552939425,0.5305862833264623,0.06605,0.0007854132510977899,0.06605,0.0007854132510977899,0.93395,0.0007854132510977902,0.93395,0.0007854132510977902,0.93395,0.0007854132510977902,0.93395,0.0007854132510977902,WITHIN,0.013950000000000018
core_S2_d1_M30,core,2,0.0,30,100000,P3,T2,0.0,0.0,0.0,0.0003421373426157784,0.0004355996542127159,0.01897470587502377,0.13774870552939425,0.5536375953523496,0.03636,0.0005919286308331437,0.03636,0.0005919286308331437,0.96364,0.0005919286308331432,0.96364,0.0005919286308331432,0.96364,0.0005919286308331432,0.96364,0.0005919286308331432,WITHIN,0.01635999999999993
core_S2_d1_M30,core,2,0.0,30,100000,P4,T2,0.0,0.0,0.0,0.0003005449958639624,0.00044529873892830754,0.019829096689114107,0.14081582542141385,0.5314106101900514,0.06915,0.0008022984326296543,0.06915,0.0008022984326296543,0.93085,0.0008022984326296545,0.93085,0.0008022984326296545,0.93085,0.0008022984326296545,0.93085,0.0008022984326296545,WITHIN,0.010850000000000026
core_S2_d1_M30,core,2,0.0,30,100000,C1,T_DL,0.0,0.0,0.0,0.0006129700296742142,0.0003986926842269664,0.01589558564561036,0.1260776968603502,0.4846722513141809,0.06415,0.0007748211245184271,0.06415,0.0007748211245184271,0.93585,0.0007748211245184273,0.93585,0.0007748211245184273,0.93585,0.0007748211245184273,0.93585,0.0007748211245184273,WITHIN,0.01585000000000003
core_S2_d1_M30,core,2,0.0,30,100000,C2,T_DL,0.0,0.0,0.0,0.0006129700296742142,0.0003986926842269664,0.01589558564561036,0.1260776968603502,0.501510457480909,0.05573,0.0007254251656787211,0.05573,0.0007254251656787211,0.94427,0.0007254251656787208,0.94427,0.0007254251656787208,0.94427,0.0007254251656787208,0.94427,0.0007254251656787208,WITHIN,0.024270000000000125
core_S2_d1_M30,core,2,0.0,30,100000,C3,T3,0.0,0.0,0.0,0.0005672991997668508,0.00040614822401428596,0.01649563798699586,0.1284353455517439,0.519392449193544,0.05081,0.0006944662979583674,0.05081,0.0006944662979583674,0.94919,0.0006944662979583676,0.94919,0.0006944662979583676,0.94919,0.0006944662979583676,0.94919,0.0006944662979583676,WITHIN,0.02919000000000005
core_S2_d1_M100,core,2,0.0,100,100000,P1,T2,0.0,0.0,0.0,-0.0003632528832110186,0.00024081763483166656,0.0057993133245917905,0.07615322268027658,0.29555078066725854,0.05608,0.0007275646610439514,0.05608,0.0007275646610439514,0.94392,0.0007275646610439516,0.94392,0.0007275646610439516,0.94392,0.0007275646610439516,0.94392,0.0007275646610439516,WITHIN,0.023920000000000052
core_S2_d1_M100,core,2,0.0,100,100000,P2,T2,0.0,0.0,0.0,-0.0003632528832110186,0.00024081763483166656,0.0057993133245917905,0.07615322268027658,0.29551347275676226,0.05612,0.0007278086671646609,0.05612,0.0007278086671646609,0.94388,0.0007278086671646605,0.94388,0.0007278086671646605,0.94388,0.0007278086671646605,0.94388,0.0007278086671646605,WITHIN,0.023880000000000123
core_S2_d1_M100,core,2,0.0,100,100000,P3,T2,0.0,0.0,0.0,-0.0003632528832110186,0.00024081763483166656,0.0057993133245917905,0.07615322268027658,0.2998521721718335,0.04413,0.0006494808934834035,0.04413,0.0006494808934834035,0.95587,0.0006494808934834035,0.95587,0.0006494808934834035,0.95587,0.0006494808934834035,0.95587,0.0006494808934834035,WITHIN,0.024129999999999985
core_S2_d1_M100,core,2,0.0,100,100000,P4,T2,0.0,0.0,0.0,-0.0003705411462486778,0.0002428624890696446,0.005898218859710325,0.07679986236778244,0.29555078066725854,0.05762,0.00073688490010313,0.05762,0.00073688490010313,0.94238,0.0007368849001031301,0.94238,0.0007368849001031301,0.94238,0.0007368849001031301,0.94238,0.0007368849001031301,WITHIN,0.022380000000000067
core_S2_d1_M100,core,2,0.0,100,100000,C1,T_DL,0.0,0.0,0.0,-0.00022774544122037933,0.0002168313968411097,0.004701585465606682,0.06856810822537458,0.26791679036778904,0.05306,0.0007088345110108564,0.05306,0.0007088345110108564,0.94694,0.0007088345110108564,0.94694,0.0007088345110108564,0.94694,0.0007088345110108564,0.94694,0.0007088345110108564,WITHIN,0.026940000000000075
core_S2_d1_M100,core,2,0.0,100,100000,C2,T_DL,0.0,0.0,0.0,-0.00022774544122037933,0.0002168313968411097,0.004701585465606682,0.06856810822537458,0.2692301696579758,0.0519,0.0007014726651837546,0.0519,0.0007014726651837546,0.9481,0.0007014726651837543,0.9481,0.0007014726651837543,0.9481,0.0007014726651837543,0.9481,0.0007014726651837543,WITHIN,0.028100000000000125
core_S2_d1_M100,core,2,0.0,100,100000,C3,T3,0.0,0.0,0.0,-0.00013878543192302666,0.00022154022173734837,0.004908006984743349,0.0700571694028766,0.27805675341957875,0.04881,0.0006813778973521228,0.04881,0.0006813778973521228,0.95119,0.0006813778973521229,0.95119,0.0006813778973521229,0.95119,0.0006813778973521229,0.95119,0.0006813778973521229,WITHIN,0.028810000000000002
core_S2_d1_M300,core,2,0.0,300,100000,P1,T2,0.0,0.0,0.0,-4.7873226788028414e-05,0.00013960525821056136,0.0019489628120037516,0.044147058928129645,0.17193518483924397,0.05265,0.0007062434247481529,0.05265,0.0007062434247481529,0.94735,0.0007062434247481528,0.94735,0.0007062434247481528,0.94735,0.0007062434247481528,0.94735,0.0007062434247481528,WITHIN,0.027350000000000096
core_S2_d1_M300,core,2,0.0,300,100000,P2,T2,0.0,0.0,0.0,-4.7873226788028414e-05,0.00013960525821056136,0.0019489628120037516,0.044147058928129645,0.17193284012345875,0.05266,0.000706306763382597,0.05266,0.000706306763382597,0.94734,0.0007063067633825973,0.94734,0.0007063067633825973,0.94734,0.0007063067633825973,0.94734,0.0007063067633825973,WITHIN,0.02734000000000003
core_S2_d1_M300,core,2,0.0,300,100000,P3,T2,0.0,0.0,0.0,-4.7873226788028414e-05,0.00013960525821056136,0.0019489628120037516,0.044147058928129645,0.1728340173177618,0.04815,0.0006769902325735579,0.04815,0.0006769902325735579,0.95185,0.0006769902325735581,0.95185,0.0006769902325735581,0.95185,0.0006769902325735581,0.95185,0.0006769902325735581,WITHIN,0.02815000000000001
core_S2_d1_M300,core,2,0.0,300,100000,P4,T2,0.0,0.0,0.0,-4.930895952060768e-05,0.00014003316944521656,0.0019609288544872737,0.044282376341918166,0.17193518483924397,0.05333,0.0007105343841081866,0.05333,0.0007105343841081866,0.94667,0.0007105343841081865,0.94667,0.0007105343841081865,0.94667,0.0007105343841081865,0.94667,0.0007105343841081865,WITHIN,0.026670000000000083
core_S2_d1_M300,core,2,0.0,300,100000,C1,T_DL,0.0,0.0,0.0,1.4317806217655036e-05,0.0001254050740651082,0.0015726432601275275,0.03965656641878527,0.15493118307267198,0.05128,0.0006974981118254013,0.05128,0.0006974981118254013,0.94872,0.0006974981118254012,0.94872,0.0006974981118254012,0.94872,0.0006974981118254012,0.94872,0.0006974981118254012,WITHIN,0.02872000000000008
core_S2_d1_M300,core,2,0.0,300,100000,C2,T_DL,0.0,0.0,0.0,1.4317806217655036e-05,0.0001254050740651082,0.0015726432601275275,0.03965656641878527,0.15444913408269814,0.05187,0.0007012809928979967,0.05187,0.0007012809928979967,0.94813,0.0007012809928979964,0.94813,0.0007012809928979964,0.94813,0.0007012809928979964,0.94813,0.0007012809928979964,WITHIN,0.0281300000000001
core_S2_d1_M300,core,2,0.0,300,100000,C3,T3,0.0,0.0,0.0,2.749274348992439e-05,0.0001280120149059399,0.0016387075960278578,0.04048095349701953,0.15940010480756703,0.04911,0.0006833608702581675,0.04911,0.0006833608702581675,0.95089,0.0006833608702581674,0.95089,0.0006833608702581674,0.95089,0.0006833608702581674,0.95089,0.0006833608702581674,WITHIN,0.02910999999999997
core_S2_d2_M3,core,2,0.5,3,100000,P1,T2,0.5,0.5,0.5,0.5001690759704145,0.0012952371153701677,0.16776391850324335,0.40958993945560157,7.8954900565040855,0.02379,0.00048191322766655823,0.00889,0.00029683274583509146,0.99111,0.00029683274583509065,0.99111,0.00029683274583509065,0.99111,0.00029683274583509065,0.99111,0.00029683274583509065,OUTSIDE_ABOVE,0.011110000000000064
core_S2_d2_M3,core,2,0.5,3,100000,P2,T2,0.5,0.5,0.5,0.5001690759704145,0.0012952371153701677,0.16776391850324335,0.40958993945560157,2.673619113629555,0.16869,0.0011842030396008955,0.07117,0.0008130487752896501,0.92883,0.0008130487752896499,0.92883,0.0008130487752896499,0.92883,0.0008130487752896499,0.92883,0.0008130487752896499,WITHIN,0.008830000000000116
core_S2_d2_M3,core,2,0.5,3,100000,P3,T2,0.5,0.5,0.5,0.5001690759704145,0.0012952371153701677,0.16776391850324335,0.40958993945560157,11.146028660351517,0.00038,6.163242653019594e-05,0.00125,0.00011173349990043273,0.99875,0.00011173349990043154,0.99875,0.00011173349990043154,0.99875,0.00011173349990043154,0.99875,0.00011173349990043154,OUTSIDE_ABOVE,0.018750000000000044
core_S2_d2_M3,core,2,0.5,3,100000,P4,T2,0.5,0.5,0.5,0.5000188893927366,0.0013864549989355541,0.19222574640733875,0.43843556699626773,7.8954900565040855,0.02412,0.00048516209250105264,0.00894,0.00029765880467407646,0.99106,0.0002976588046740756,0.99106,0.0002976588046740756,0.99106,0.0002976588046740756,0.99106,0.0002976588046740756,OUTSIDE_ABOVE,0.01106000000000007
core_S2_d2_M3,core,2,0.5,3,100000,C1,T_DL,0.5,0.5,0.5,0.5004673046245397,0.0012731345066107676,0.16208714719230427,0.40260048086447225,1.469851315014819,0.34184,0.0014999513805453828,0.13031,0.0010645623697087927,0.86969,0.0010645623697087927,0.86969,0.0010645623697087927,0.86969,0.0010645623697087927,0.86969,0.0010645623697087927,OUTSIDE_BELOW,0.050309999999999966
core_S2_d2_M3,core,2,0.5,3,100000,C2,T_DL,0.5,0.5,0.5,0.5004673046245397,0.0012731345066107676,0.16208714719230427,0.40260048086447225,2.9400190441093677,0.1438,0.0011096015501070643,0.06017,0.0007519944886766126,0.93983,0.0007519944886766123,0.93983,0.0007519944886766123,0.93983,0.0007519944886766123,0.93983,0.0007519944886766123,WITHIN,0.019830000000000125
core_S2_d2_M3,core,2,0.5,3,100000,C3,T3,0.5,0.5,0.5,0.5006893755548432,0.0012793029673516675,0.16366160822747816,0.4045511194243296,3.076099048921828,0.11804,0.0010203262145020093,0.04709,0.0006698696283606236,0.95291,0.0006698696283606234,0.95291,0.0006698696283606234,0.95291,0.0006698696283606234,0.95291,0.0006698696283606234,WITHIN,0.027089999999999947
core_S2_d2_M5,core,2,0.5,5,619687,P1,T2,0.5,0.5,0.5,0.5007717795597203,0.0004096186034481942,0.1039756707240353,0.3224525867845307,1.6902335944051776,0.2478735232464131,0.0005484970748145617,0.05803252287041684,0.0002970075484545072,0.9419674771295832,0.00029700754845450714,0.9419674771295832,0.00029700754845450714,0.9419674771295832,0.00029700754845450714,0.9419674771295832,0.00029700754845450714,WITHIN,0.021967477129583246
core_S2_d2_M5,core,2,0.5,5,619687,P2,T2,0.5,0.5,0.5,0.5007717795597203,0.0004096186034481942,0.1039756707240353,0.3224525867845307,1.4746017181926254,0.3133404444501821,0.0005892407435305572,0.08173481128376099,0.000348017753829442,0.918265188716239,0.00034801775382944206,0.918265188716239,0.00034801775382944206,0.918265188716239,0.00034801775382944206,0.918265188716239,0.00034801775382944206,OUTSIDE_BELOW,0.001734811283760962
core_S2_d2_M5,core,2,0.5,5,619687,P3,T2,0.5,0.5,0.5,0.5007717795597203,0.0004096186034481942,0.1039756707240353,0.3224525867845307,2.312610571093059,0.0344738553495555,0.00023176121226703295,0.02197883770355034,0.00018624743243069616,0.9780211622964496,0.00018624743243069624,0.9780211622964496,0.00018624743243069624,0.9780211622964496,0.00018624743243069624,0.9780211622964496,0.00018624743243069624,WITHIN,0.00197883770355034
core_S2_d2_M5,core,2,0.5,5,619687,P4,T2,0.5,0.5,0.5,0.5008632527050346,0.0004340567385325951,0.11675228556068412,0.34169033577302727,1.6902335944051776,0.2541460446967582,0.0005530729055930815,0.06225885003235505,0.00030694166292355776,0.9377411499676449,0.0003069416629235579,0.9377411499676449,0.0003069416629235579,0.9377411499676449,0.0003069416629235579,0.9377411499676449,0.0003069416629235579,WITHIN,0.017741149967644976
core_S2_d2_M5,core,2,0.5,5,619687,C1,T_DL,0.5,0.5,0.5,0.5006740959214092,0.00039524483212762033,0.096806559557224,0.3111375251512167,1.1450794572374725,0.43408043092722615,0.0006296167408335645,0.11219535023326292,0.0004009220517256815,0.8878046497667371,0.0004009220517256815,0.8878046497667371,0.0004009220517256815,0.8878046497667371,0.0004009220517256815,0.8878046497667371,0.0004009220517256815,OUTSIDE_BELOW,0.03219535023326281
core_S2_d2_M5,core,2,0.5,5,619687,C2,T_DL,0.5,0.5,0.5,0.5006740959214092,0.00039524483212762033,0.096806559557224,0.3111375251512167,1.5591658694924093,0.26952638993556427,0.000563659355603664,0.06454710200472173,0.00031214985952239126,0.9354528979952783,0.00031214985952239115,0.9354528979952783,0.00031214985952239115,0.9354528979952783,0.00031214985952239115,0.9354528979952783,0.00031214985952239115,WITHIN,0.01545289799527838
core_S2_d2_M5,core,2,0.5,5,619687,C3,T3,0.5,0.5,0.5,0.5005766099106123,0.0003984803961263585,0.09839800796618375,0.3136845676251603,1.6329921611233889,0.23965969917071037,0.0005422696737414981,0.04885208177676795,0.0002738289592781854,0.9511479182232321,0.0002738289592781853,0.9511479182232321,0.0002738289592781853,0.9511479182232321,0.0002738289592781853,0.9511479182232321,0.0002738289592781853,WITHIN,0.0288520817767679
core_S2_d2_M10,core,2,0.5,10,416633,P1,T2,0.5,0.5,0.5,0.49980620079417304,0.0003609839301559098,0.05429119534644253,0.2330047109962426,0.9482103622191382,0.5520998096646209,0.0007704112026050825,0.07473243838102119,0.0004073909825340977,0.9252675616189788,0.00040739098253409764,0.9252675616189788,0.00040739098253409764,0.9252675616189788,0.00040739098253409764,0.9252675616189788,0.00040739098253409764,WITHIN,0.0052675616189789
core_S2_d2_M10,core,2,0.5,10,416633,P2,T2,0.5,0.5,0.5,0.49980620079417304,0.0003609839301559098,0.05429119534644253,0.2330047109962426,0.9301808396556033,0.5650416553657536,0.0007680460030820006,0.07930480782847255,0.00041863049697992897,0.9206951921715275,0.00041863049697992886,0.9206951921715275,0.00041863049697992886,0.9206951921715275,0.00041863049697992886,0.9206951921715275,0.00041863049697992886,WITHIN,0.0006951921715275811
core_S2_d2_M10,core,2,0.5,10,416633,P3,T2,0.5,0.5,0.5,0.49980620079417304,0.0003609839301559098,0.05429119534644253,0.2330047109962426,1.2565650342134593,0.28048666332239647,0.0006959831082451231,0.0338931385655961,0.000280344244176659,0.9661068614344039,0.00028034424417665884,0.9661068614344039,0.00028034424417665884,0.9661068614344039,0.00028034424417665884,0.9661068614344039,0.00028034424417665884,WITHIN,0.013893138565596042
core_S2_d2_M10,core,2,0.5,10,416633,P4,T2,0.5,0.5,0.5,0.49973237606640253,0.0003769657167693094,0.05920486236864517,0.24332049311277743,0.9482103622191382,0.5540199648131569,0.0007700937229627639,0.08116015774074545,0.0004230722279799015,0.9188398422592545,0.00042307222797990154,0.9188398422592545,0.00042307222797990154,0.9188398422592545,0.00042307222797990154,0.9188398422592545,0.00042307222797990154,BOUNDARY_BELOW,0.0011601577407454045
core_S2_d2_M10,core,2,0.5,10,416633,C1,T_DL,0.5,0.5,0.5,0.500012201534268,0.00033947522433179093,0.048014215110892766,0.21912146200427918,0.8217843029973496,0.6471162869959892,0.000740338167305909,0.0882935341175567,0.00043955693336980193,0.9117064658824433,0.00043955693336980193,0.9117064658824433,0.00043955693336980193,0.9117064658824433,0.00043955693336980193,0.9117064658824433,0.00043955693336980193,OUTSIDE_BELOW,0.008293534117556622
core_S2_d2_M10,core,2,0.5,10,416633,C2,T_DL,0.5,0.5,0.5,0.500012201534268,0.00033947522433179093,0.048014215110892766,0.21912146200427918,0.9349080512315002,0.5544111964246711,0.0007700276110922848,0.06160577774684194,0.0003725002357949733,0.938394222253158,0.00037250023579497334,0.938394222253158,0.00037250023579497334,0.938394222253158,0.00037250023579497334,0.938394222253158,0.00037250023579497334,WITHIN,0.01839422225315812
core_S2_d2_M10,core,2,0.5,10,416633,C3,T3,0.5,0.5,0.5,0.5001362674708354,0.00034374503463349373,0.0492296256061483,0.22187750135186826,0.975065227579218,0.5252320387487309,0.0007736409933403435,0.04934798731737525,0.0003355588329554936,0.9506520126826248,0.0003355588329554935,0.9506520126826248,0.0003355588329554935,0.9506520126826248,0.0003355588329554935,0.9506520126826248,0.0003355588329554935,WITHIN,0.0293479873173752
core_S2_d2_M30,core,2,0.5,30,100000,P1,T2,0.5,0.5,0.5,0.5000330364442079,0.0004332870129288392,0.01877376355727961,0.1370173841425956,0.5314046465017616,0.94039,0.0007487098763873764,0.06478,0.0007783543640270798,0.93522,0.0007783543640270796,0.93522,0.0007783543640270796,0.93522,0.0007783543640270796,0.93522,0.0007783543640270796,WITHIN,0.015220000000000122
core_S2_d2_M30,core,2,0.5,30,100000,P2,T2,0.5,0.5,0.5,0.5000330364442079,0.0004332870129288392,0.01877376355727961,0.1370173841425956,0.5305803288890761,0.94063,0.0007472964813245144,0.06521,0.0007807538402082951,0.93479,0.0007807538402082951,0.93479,0.0007807538402082951,0.93479,0.0007807538402082951,0.93479,0.0007807538402082951,WITHIN,0.01479000000000008
core_S2_d2_M30,core,2,0.5,30,100000,P3,T2,0.5,0.5,0.5,0.5000330364442079,0.0004332870129288392,0.01877376355727961,0.1370173841425956,0.6841713572121154,0.91528,0.0008805823164247622,0.02799,0.0005215990787951989,0.97201,0.0005215990787951984,0.97201,0.0005215990787951984,0.97201,0.0005215990787951984,0.97201,0.0005215990787951984,WITHIN,0.007989999999999942
core_S2_d2_M30,core,2,0.5,30,100000,P4,T2,0.5,0.5,0.5,0.5000111571586546,0.00044282631398588965,0.019609514435832975,0.14003397600522874,0.5314046465017616,0.93749,0.0007655226965936409,0.06845,0.0007985273789921045,0.93155,0.0007985273789921045,0.93155,0.0007985273789921045,0.93155,0.0007985273789921045,0.93155,0.0007985273789921045,WITHIN,0.01155000000000006
core_S2_d2_M30,core,2,0.5,30,100000,C1,T_DL,0.5,0.5,0.5,0.5001208149567697,0.00039823181955738444,0.01585885821079852,0.1259319586554522,0.48467943543119973,0.97494,0.0004942873293945533,0.06382,0.0007729618852181523,0.93618,0.0007729618852181522,0.93618,0.0007729618852181522,0.93618,0.0007729618852181522,0.93618,0.0007729618852181522,WITHIN,0.016180000000000083
core_S2_d2_M30,core,2,0.5,30,100000,C2,T_DL,0.5,0.5,0.5,0.5001208149567697,0.00039823181955738444,0.01585885821079852,0.1259319586554522,0.5016094193776718,0.9707,0.0005333058222071084,0.0554,0.0007234005805914175,0.9446,0.0007234005805914175,0.9446,0.0007234005805914175,0.9446,0.0007234005805914175,0.9446,0.0007234005805914175,WITHIN,0.024600000000000066
core_S2_d2_M30,core,2,0.5,30,100000,C3,T3,0.5,0.5,0.5,0.5001532265190625,0.0004059368291652088,0.016478470927270394,0.12836849663087277,0.5195380098766629,0.96405,0.0005887070366489604,0.05021,0.0006905719071899753,0.94979,0.0006905719071899753,0.94979,0.0006905719071899753,0.94979,0.0006905719071899753,0.94979,0.0006905719071899753,WITHIN,0.029790000000000094
core_S2_d2_M100,core,2,0.5,100,100000,P1,T2,0.5,0.5,0.5,0.49997933556183294,0.00024028565992416313,0.005773719836519059,0.07598499744369976,0.2953738208766469,0.99987,3.605316907013356e-05,0.05664,0.0007309713428035329,0.94336,0.000730971342803533,0.94336,0.000730971342803533,0.94336,0.000730971342803533,0.94336,0.000730971342803533,WITHIN,0.023360000000000047
core_S2_d2_M100,core,2,0.5,100,100000,P2,T2,0.5,0.5,0.5,0.49997933556183294,0.00024028565992416313,0.005773719836519059,0.07598499744369976,0.29533653530410564,0.99987,3.605316907013356e-05,0.05669,0.0007312745305287201,0.94331,0.0007312745305287202,0.94331,0.0007312745305287202,0.94331,0.0007312745305287202,0.94331,0.0007312745305287202,WITHIN,0.023310000000000053
core_S2_d2_M100,core,2,0.5,100,100000,P3,T2,0.5,0.5,0.5,0.49997933556183294,0.00024028565992416313,0.005773719836519059,0.07598499744369976,0.3755318283491742,0.99995,2.2360120751014405e-05,0.02039,0.0004469255855285083,0.97961,0.0004469255855285085,0.97961,0.0004469255855285085,0.97961,0.0004469255855285085,0.97961,0.0004469255855285085,WITHIN,0.00039000000000000146
core_S2_d2_M100,core,2,0.5,100,100000,P4,T2,0.5,0.5,0.5,0.49998078792731515,0.00024229153549239834,0.005870518817126413,0.07661931099355053,0.2953738208766469,0.99982,4.242258832272708e-05,0.05838,0.0007414295354246417,0.94162,0.0007414295354246415,0.94162,0.0007414295354246415,0.94162,0.0007414295354246415,0.94162,0.0007414295354246415,WITHIN,0.021620000000000084
core_S2_d2_M100,core,2,0.5,100,100000,C1,T_DL,0.5,0.5,0.5,0.5000394544162907,0.00021687139720679777,0.004703320292642865,0.06858075745165597,0.2678742605174575,1.0,3.162277660168379e-153,0.05376,0.0007132311154177164,0.94624,0.0007132311154177167,0.94624,0.0007132311154177167,0.94624,0.0007132311154177167,0.94624,0.0007132311154177167,WITHIN,0.02624000000000004
core_S2_d2_M100,core,2,0.5,100,100000,C2,T_DL,0.5,0.5,0.5,0.5000394544162907,0.00021687139720679777,0.004703320292642865,0.06858075745165597,0.26921301162898614,1.0,3.162277660168379e-153,0.05256,0.0007056730574423258,0.94744,0.0007056730574423262,0.94744,0.0007056730574423262,0.94744,0.0007056730574423262,0.94744,0.0007056730574423262,WITHIN,0.02744000000000002
core_S2_d2_M100,core,2,0.5,100,100000,C3,T3,0.5,0.5,0.5,0.4999747113637872,0.00022147701831596328,0.004905206964212955,0.07003718272612737,0.2780618087851024,1.0,3.162277660168379e-153,0.04909,0.0006832288920998585,0.95091,0.0006832288920998582,0.95091,0.0006832288920998582,0.95091,0.0006832288920998582,0.95091,0.0006832288920998582,WITHIN,0.02908999999999995
core_S2_d2_M300,core,2,0.5,300,100000,P1,T2,0.5,0.5,0.5,0.49981312650414306,0.00013965228527981034,0.001950276078387353,0.044161930193180564,0.17197130091421645,1.0,3.162277660168379e-153,0.0528,0.000707192760143937,0.9472,0.0007071927601439368,0.9472,0.0007071927601439368,0.9472,0.0007071927601439368,0.9472,0.0007071927601439368,WITHIN,0.027200000000000113
core_S2_d2_M300,core,2,0.5,300,100000,P2,T2,0.5,0.5,0.5,0.49981312650414306,0.00013965228527981034,0.001950276078387353,0.044161930193180564,0.17196895570590884,1.0,3.162277660168379e-153,0.0528,0.000707192760143937,0.9472,0.0007071927601439368,0.9472,0.0007071927601439368,0.9472,0.0007071927601439368,0.9472,0.0007071927601439368,WITHIN,0.027200000000000113
core_S2_d2_M300,core,2,0.5,300,100000,P3,T2,0.5,0.5,0.5,0.49981312650414306,0.00013965228527981034,0.001950276078387353,0.044161930193180564,0.21772981999002464,1.0,3.162277660168379e-153,0.01695,0.0004081996754040846,0.98305,0.0004081996754040848,0.98305,0.0004081996754040848,0.98305,0.0004081996754040848,0.98305,0.0004081996754040848,OUTSIDE_ABOVE,0.003049999999999997
core_S2_d2_M300,core,2,0.5,300,100000,P4,T2,0.5,0.5,0.5,0.49981190356731386,0.00014006710795181262,0.0019618794729984734,0.04429310864004098,0.17197130091421645,1.0,3.162277660168379e-153,0.05342,0.0007110998776543279,0.94658,0.000711099877654328,0.94658,0.000711099877654328,0.94658,0.000711099877654328,0.94658,0.000711099877654328,WITHIN,0.026580000000000048
core_S2_d2_M300,core,2,0.5,300,100000,C1,T_DL,0.5,0.5,0.5,0.49987543129729733,0.00012549862281405604,0.0015749904328224706,0.039686149130678715,0.15493984678237074,1.0,3.162277660168379e-153,0.05182,0.0007009613940867214,0.94818,0.0007009613940867212,0.94818,0.0007009613940867212,0.94818,0.0007009613940867212,0.94818,0.0007009613940867212,WITHIN,0.028180000000000094
core_S2_d2_M300,core,2,0.5,300,100000,C2,T_DL,0.5,0.5,0.5,0.49987543129729733,0.00012549862281405604,0.0015749904328224706,0.039686149130678715,0.15447237802665012,1.0,3.162277660168379e-153,0.05254,0.0007055462309445073,0.94746,0.0007055462309445075,0.94746,0.0007055462309445075,0.94746,0.0007055462309445075,0.94746,0.0007055462309445075,WITHIN,0.02746000000000004
core_S2_d2_M300,core,2,0.5,300,100000,C3,T3,0.5,0.5,0.5,0.4999189618429738,0.00012802778128123094,0.0016391112779794714,0.04048593926265601,0.15943077504616532,1.0,3.162277660168379e-153,0.04958,0.000686453374964389,0.95042,0.0006864533749643887,0.95042,0.0006864533749643887,0.95042,0.0006864533749643887,0.95042,0.0006864533749643887,WITHIN,0.02957999999999994
core_S3_d1_M3,core,3,0.0,3,100000,P1,T2,0.08361854460463167,0.0,0.018306227057702698,0.03746828175847245,0.0013425981669848847,0.18025698379911723,0.4245668190039316,7.970437682348331,0.00959,0.0003081887716968287,0.00959,0.0003081887716968287,0.99051,0.0003065932142106214,0.99041,0.0003081887716968285,0.99039,0.00030850685405676173,0.99051,0.0003065932142106214,OUTSIDE_ABOVE,0.01051000000000002
core_S3_d1_M3,core,3,0.0,3,100000,P2,T2,0.08361854460463167,0.0,0.018306227057702698,0.03746828175847245,0.0013425981669848847,0.18025698379911723,0.4245668190039316,2.6989983369005994,0.07511,0.0008334775815821323,0.07511,0.0008334775815821323,0.92505,0.0008326613807545056,0.92489,0.0008334775815821324,0.9251,0.0008324060907994365,0.92505,0.0008326613807545056,WITHIN,0.00505000000000011
core_S3_d1_M3,core,3,0.0,3,100000,P3,T2,0.08361854460463167,0.0,0.018306227057702698,0.03746828175847245,0.0013425981669848847,0.18025698379911723,0.4245668190039316,10.013396014771633,0.00016,3.9996799871989764e-05,0.00016,3.9996799871989764e-05,0.99981,4.3584848284699064e-05,0.99984,3.999679987199588e-05,0.99984,3.999679987199588e-05,0.99981,4.3584848284699064e-05,OUTSIDE_ABOVE,0.019809999999999994
core_S3_d1_M3,core,3,0.0,3,100000,P4,T2,0.08361854460463167,0.0,0.018306227057702698,0.05270502960310234,0.0014467097430263536,0.20929690805673784,0.4574897901120175,7.970437682348331,0.00983,0.00031198351078222066,0.00983,0.00031198351078222066,0.99036,0.00030898333935667116,0.99017,0.00031198351078222077,0.99032,0.00030961746720752076,0.99036,0.00030898333935667116,OUTSIDE_ABOVE,0.010360000000000036
core_S3_d1_M3,core,3,0.0,3,100000,C1,T_DL,0.08361854460463167,0.0,0.018306227057702698,0.011500400921773235,0.0012932990520458283,0.16726224380226384,0.40897707002014655,1.4857206502435525,0.13469,0.001079576786986456,0.13469,0.001079576786986456,0.86135,0.00109282284703423,0.86531,0.0010795767869864559,0.86587,0.0010776787234607536,0.86587,0.0010776787234607536,OUTSIDE_BELOW,0.0541299999999999
core_S3_d1_M3,core,3,0.0,3,100000,C2,T_DL,0.08361854460463167,0.0,0.018306227057702698,0.011500400921773235,0.0012932990520458283,0.16726224380226384,0.40897707002014655,2.9754489119117924,0.06291,0.0007678042191861151,0.06291,0.0007678042191861151,0.93647,0.0007713231430470629,0.93709,0.0007678042191861153,0.93731,0.0007665504803990407,0.93731,0.0007665504803990407,WITHIN,0.017310000000000048
core_S3_d1_M3,core,3,0.0,3,100000,C3,T3,0.08361854460463167,0.0,0.018306227057702698,0.0003302000230774723,0.0012941037225851694,0.16747044448087936,0.409231529187182,3.1084421651902114,0.04866,0.0006803837476013077,0.04866,0.0006803837476013077,0.95051,0.0006858625219386173,0.95134,0.0006803837476013079,0.95155,0.0006789889358450548,0.95134,0.0006803837476013079,WITHIN,0.02866000000000002
core_S3_d1_M5,core,3,0.0,5,100000,P1,T2,0.08361854460463167,0.0,0.018306227057702698,0.04959142896447021,0.0010680453223137437,0.11407208105162688,0.33774558628000884,1.7190889086712653,0.0614,0.0007591445185206832,0.0614,0.0007591445185206832,0.93793,0.0007630027201786371,0.9386,0.0007591445185206833,0.93917,0.0007558419881165643,0.93793,0.0007630027201786371,WITHIN,0.017930000000000113
core_S3_d1_M5,core,3,0.0,5,100000,P2,T2,0.08361854460463167,0.0,0.018306227057702698,0.04959142896447021,0.0010680453223137437,0.11407208105162688,0.33774558628000884,1.4997758101859484,0.08611,0.0008871024061516235,0.08611,0.0008871024061516235,0.91271,0.0008925830824074584,0.91389,0.0008871024061516236,0.91478,0.0008829357371858948,0.91271,0.0008925830824074584,OUTSIDE_BELOW,0.007289999999999908
core_S3_d1_M5,core,3,0.0,5,100000,P3,T2,0.08361854460463167,0.0,0.018306227057702698,0.04959142896447021,0.0010680453223137437,0.11407208105162688,0.33774558628000884,2.0498139535629543,0.00657,0.0002554767132245129,0.00657,0.0002554767132245129,0.98929,0.0003255041612637233,0.99343,0.0002554767132245122,0.99286,0.00026625214365334294,0.98929,0.0003255041612637233,OUTSIDE_ABOVE,0.00929000000000002
core_S3_d1_M5,core,3,0.0,5,100000,P4,T2,0.08361854460463167,0.0,0.018306227057702698,0.06381212798812472,0.0011428444892937852,0.13060935267091733,0.3613991597540278,1.7190889086712653,0.06744,0.0007930437970251076,0.06744,0.0007930437970251076,0.93332,0.0007888838799215,0.93256,0.0007930437970251079,0.93388,0.0007857998829218541,0.93332,0.0007888838799215,WITHIN,0.01332000000000011
core_S3_d1_M5,core,3,0.0,5,100000,C1,T_DL,0.08361854460463167,0.0,0.018306227057702698,0.014199653166097006,0.0009993914310017626,0.09987832323597508,0.3160353196020582,1.1618235363458909,0.11361,0.0010035076875639767,0.11361,0.0010035076875639767,0.88106,0.0010236858717399594,0.88639,0.0010035076875639767,0.88658,0.0010027756658395734,0.88658,0.0010027756658395734,OUTSIDE_BELOW,0.033419999999999894
core_S3_d1_M5,core,3,0.0,5,100000,C2,T_DL,0.08361854460463167,0.0,0.018306227057702698,0.014199653166097006,0.0009993914310017626,0.09987832323597508,0.3160353196020582,1.5781619725306664,0.06576,0.0007838087930101319,0.06576,0.0007838087930101319,0.93163,0.0007980948759389452,0.93424,0.0007838087930101323,0.93447,0.000782533188433564,0.93447,0.000782533188433564,WITHIN,0.014470000000000094
core_S3_d1_M5,core,3,0.0,5,100000,C3,T3,0.08361854460463167,0.0,0.018306227057702698,-2.0767522144119076e-05,0.0010028864055703069,0.10057811424777302,0.31714052760215466,1.6488852766279718,0.04948,0.000685796832888575,0.04948,0.000685796832888575,0.94652,0.0007114765604009732,0.95052,0.0006857968328885748,0.95007,0.000688745200346253,0.95052,0.0006857968328885748,WITHIN,0.02947999999999995
core_S3_d1_M10,core,3,0.0,10,100000,P1,T2,0.08361854460463167,0.0,0.018306227057702698,0.0648799891914275,0.0007938935212904553,0.06302669231469586,0.25105117469292165,0.9784728994775628,0.08346,0.0008746109329296085,0.08346,0.0008746109329296085,0.9205,0.0008554516351027685,0.91654,0.0008746109329296083,0.91954,0.000860152244663699,0.9205,0.0008554516351027685,WITHIN,0.000500000000000056
core_S3_d1_M10,core,3,0.0,10,100000,P2,T2,0.08361854460463167,0.0,0.018306227057702698,0.0648799891914275,0.0007938935212904553,0.06302669231469586,0.25105117469292165,0.95986795702824,0.08856,0.0008984271055572622,0.08856,0.0008984271055572622,0.91582,0.0008780303388835719,0.91144,0.0008984271055572621,0.91491,0.0008823247242370578,0.91582,0.0008780303388835719,OUTSIDE_BELOW,0.0041799999999999615
core_S3_d1_M10,core,3,0.0,10,100000,P3,T2,0.08361854460463167,0.0,0.018306227057702698,0.0648799891914275,0.0007938935212904553,0.06302669231469586,0.25105117469292165,1.1097597405020625,0.01953,0.0004375908945579192,0.01953,0.0004375908945579192,0.96824,0.0005545385685414497,0.98047,0.0004375908945579198,0.98,0.0004427188724235733,0.96824,0.0005545385685414497,WITHIN,0.011759999999999993
core_S3_d1_M10,core,3,0.0,10,100000,P4,T2,0.08361854460463167,0.0,0.018306227057702698,0.07630827029800405,0.0008431695749789291,0.0710934932170148,0.2666336310689535,0.9784728994775628,0.09382,0.0009220510159421765,0.09382,0.0009220510159421765,0.91306,0.0008909626052758893,0.90618,0.0009220510159421766,0.90991,0.0009053937922252395,0.91306,0.0008909626052758893,OUTSIDE_BELOW,0.006939999999999946
core_S3_d1_M10,core,3,0.0,10,100000,C1,T_DL,0.08361854460463167,0.0,0.018306227057702698,0.018021357026912068,0.000705630640470049,0.04979146007701718,0.2231400010688742,0.8376751168036098,0.0902,0.0009058916049947697,0.0902,0.0009058916049947697,0.90203,0.0009400631845785687,0.9098,0.0009058916049947695,0.91165,0.0008974646371863353,0.91165,0.0008974646371863353,OUTSIDE_BELOW,0.008349999999999969
core_S3_d1_M10,core,3,0.0,10,100000,C2,T_DL,0.08361854460463167,0.0,0.018306227057702698,0.018021357026912068,0.000705630640470049,0.04979146007701718,0.2231400010688742,0.94726672274891,0.06376,0.0007726232095918424,0.06376,0.0007726232095918424,0.9317,0.00079771617759702,0.93624,0.0007726232095918425,0.93742,0.0007659226044451226,0.93742,0.0007659226044451226,WITHIN,0.017420000000000102
core_S3_d1_M10,core,3,0.0,10,100000,C3,T3,0.08361854460463167,0.0,0.018306227057702698,0.0009171395143180638,0.0007103879623291606,0.050465105702217704,0.2246443983326041,0.9840780740686612,0.04998,0.0006890718366034125,0.04998,0.0006890718366034125,0.9393,0.0007550861540248237,0.95002,0.0006890718366034126,0.9502,0.0006878950501348294,0.95002,0.0006890718366034126,WITHIN,0.029980000000000007
core_S3_d1_M30,core,3,0.0,30,100000,P1,T2,0.08361854460463167,0.0,0.018306227057702698,0.07520631546510954,0.00048176685921973866,0.02320993066424515,0.15234805763200643,0.564376707227482,0.08822,0.0008968680594156534,0.08822,0.0008968680594156534,0.92884,0.0008129960295105998,0.91178,0.0008968680594156533,0.9226,0.0008450398807156975,0.92884,0.0008129960295105998,WITHIN,0.00884000000000007
core_S3_d1_M30,core,3,0.0,30,100000,P2,T2,0.08361854460463167,0.0,0.018306227057702698,0.07520631546510954,0.00048176685921973866,0.02320993066424515,0.15234805763200643,0.563501243185119,0.08868,0.000898976404584681,0.08868,0.000898976404584681,0.92836,0.0008155225956403662,0.91132,0.0008989764045846809,0.92219,0.000847086795434801,0.92836,0.0008155225956403662,WITHIN,0.008360000000000034
core_S3_d1_M30,core,3,0.0,30,100000,P3,T2,0.08361854460463167,0.0,0.018306227057702698,0.07520631546510954,0.00048176685921973866,0.02320993066424515,0.15234805763200643,0.6072248537284666,0.04026,0.0006216038320345201,0.04026,0.0006216038320345201,0.95126,0.0006809141825516635,0.95974,0.0006216038320345199,0.96566,0.0005758538390946094,0.95126,0.0006809141825516635,WITHIN,0.028739999999999988
core_S3_d1_M30,core,3,0.0,30,100000,P4,T2,0.08361854460463167,0.0,0.018306227057702698,0.08123878808472212,0.0005023294605205569,0.025233488690687377,0.15885052310485911,0.564376707227482,0.09722,0.0009368472212692954,0.09722,0.0009368472212692954,0.92487,0.0008335795288993128,0.90278,0.0009368472212692952,0.91507,0.0008815718637751545,0.92487,0.0008335795288993128,WITHIN,0.004870000000000041
core_S3_d1_M30,core,3,0.0,30,100000,C1,T_DL,0.08361854460463167,0.0,0.018306227057702698,0.01763910819736023,0.0004047657570114021,0.016383531804901343,0.12799817109982994,0.4971836657349406,0.06619,0.0007861862622814012,0.06619,0.0007861862622814012,0.90783,0.0009147387118735054,0.93381,0.0007861862622814009,0.93724,0.0007669496880500053,0.93724,0.0007669496880500053,WITHIN,0.017240000000000033
core_S3_d1_M30,core,3,0.0,30,100000,C2,T_DL,0.08361854460463167,0.0,0.018306227057702698,0.01763910819736023,0.0004047657570114021,0.016383531804901343,0.12799817109982994,0.5088475891964374,0.05895,0.0007448147252840803,0.05895,0.0007448147252840803,0.91601,0.0008771298643872526,0.94105,0.00074481472528408,0.94368,0.0007290271435275921,0.94368,0.0007290271435275921,WITHIN,0.023680000000000034
core_S3_d1_M30,core,3,0.0,30,100000,C3,T3,0.08361854460463167,0.0,0.018306227057702698,-0.00026054766589854515,0.00040943915155987684,0.016764041883007185,0.1294760282176094,0.5247721419091438,0.05039,0.0006917430729685696,0.05039,0.0006917430729685696,0.90555,0.0009248199689669337,0.94961,0.0006917430729685701,0.94822,0.0007007055843933316,0.94961,0.0006917430729685701,WITHIN,0.029610000000000025
core_S3_d1_M100,core,3,0.0,100,100000,P1,T2,0.08361854460463167,0.0,0.018306227057702698,0.08064525694772175,0.00027558660851940536,0.007594797879522799,0.08714813755624844,0.32333616684604893,0.15368,0.0011404492869040693,0.15368,0.0011404492869040693,0.93702,0.0007682025748459845,0.84632,0.0011404492869040693,0.89128,0.0009843777811389285,0.93702,0.0007682025748459845,WITHIN,0.017020000000000035
core_S3_d1_M100,core,3,0.0,100,100000,P2,T2,0.08361854460463167,0.0,0.018306227057702698,0.08064525694772175,0.00027558660851940536,0.007594797879522799,0.08714813755624844,0.3232953515359162,0.15378,0.0011407528724487175,0.15378,0.0011407528724487175,0.93698,0.0007684300853037963,0.84622,0.0011407528724487177,0.89123,0.000984576493219293,0.93698,0.0007684300853037963,WITHIN,0.016980000000000106
core_S3_d1_M100,core,3,0.0,100,100000,P3,T2,0.08361854460463167,0.0,0.018306227057702698,0.08064525694772175,0.00027558660851940536,0.007594797879522799,0.08714813755624844,0.33921025021063694,0.11155,0.0009955229655814074,0.11155,0.0009955229655814074,0.94817,0.0007010253283583985,0.88845,0.0009955229655814076,0.92729,0.0008211166537100563,0.94817,0.0007010253283583985,WITHIN,0.02817000000000003
core_S3_d1_M100,core,3,0.0,100,100000,P4,T2,0.08361854460463167,0.0,0.018306227057702698,0.08295702213419572,0.00028170173202069745,0.007935586582346086,0.0890819093999791,0.32333616684604893,0.16216,0.0011656077144562831,0.16216,0.0011656077144562831,0.93589,0.0007745960747383116,0.83784,0.0011656077144562831,0.88472,0.0010099035676736667,0.93589,0.0007745960747383116,WITHIN,0.01589000000000007
core_S3_d1_M100,core,3,0.0,100,100000,C1,T_DL,0.08361854460463167,0.0,0.018306227057702698,0.01807656095433514,0.0002224591927770724,0.004948809245102667,0.0703477735618027,0.2757254679754181,0.06216,0.0007635190528074594,0.06216,0.0007635190528074594,0.84425,0.001146699339408548,0.93784,0.0007635190528074594,0.94638,0.0007123545156732004,0.94638,0.0007123545156732004,WITHIN,0.02638000000000007
core_S3_d1_M100,core,3,0.0,100,100000,C2,T_DL,0.08361854460463167,0.0,0.018306227057702698,0.01807656095433514,0.0002224591927770724,0.004948809245102667,0.0703477735618027,0.2730087989382048,0.0638,0.0007728490150087532,0.0638,0.0007728490150087532,0.84063,0.0011574592999323995,0.9362,0.000772849015008753,0.94522,0.0007195773175969352,0.94522,0.0007195773175969352,WITHIN,0.02522000000000002
core_S3_d1_M100,core,3,0.0,100,100000,C3,T3,0.08361854460463167,0.0,0.018306227057702698,-0.00014439357157241593,0.00022536955340373704,0.005079143560139989,0.07126811040107622,0.28066768557346417,0.05185,0.0007011531751336508,0.05185,0.0007011531751336508,0.78507,0.0012989807354229698,0.94815,0.0007011531751336506,0.94167,0.0007411316421527285,0.94815,0.0007011531751336506,WITHIN,0.02815000000000012
core_S3_d1_M300,core,3,0.0,300,100000,P1,T2,0.08361854460463167,0.0,0.018306227057702698,0.08291121118939915,0.00016253266476847446,0.002641686711674131,0.05139734148449831,0.1932777426713378,0.38142,0.0015360298942403432,0.38142,0.0015360298942403432,0.9429,0.0007337546592697047,0.61858,0.0015360298942403432,0.75738,0.0013555645893870197,0.9429,0.0007337546592697047,WITHIN,0.02290000000000003
core_S3_d1_M300,core,3,0.0,300,100000,P2,T2,0.08361854460463167,0.0,0.018306227057702698,0.08291121118939915,0.00016253266476847446,0.002641686711674131,0.05139734148449831,0.19327510690266372,0.38142,0.0015360298942403432,0.38142,0.0015360298942403432,0.94289,0.0007338150168809575,0.61858,0.0015360298942403432,0.75736,0.0013556025612250812,0.94289,0.0007338150168809575,WITHIN,0.022890000000000077
core_S3_d1_M300,core,3,0.0,300,100000,P3,T2,0.08361854460463167,0.0,0.018306227057702698,0.08291121118939915,0.00016253266476847446,0.002641686711674131,0.05139734148449831,0.20094092820773288,0.34607,0.0015043455557151755,0.34607,0.0015043455557151755,0.95105,0.0006823041660432688,0.65393,0.0015043455557151755,0.79361,0.0012798170490347439,0.95105,0.0006823041660432688,WITHIN,0.02895000000000003
core_S3_d1_M300,core,3,0.0,300,100000,P4,T2,0.08361854460463167,0.0,0.018306227057702698,0.0837606950611977,0.00016423019206728037,0.0026971555986455807,0.051934146749952295,0.1932777426713378,0.38827,0.0015411567314845042,0.38827,0.0015411567314845042,0.9423,0.0007373649706895493,0.61173,0.0015411567314845042,0.75107,0.0013673472678877154,0.9423,0.0007373649706895493,WITHIN,0.022300000000000098
core_S3_d1_M300,core,3,0.0,300,100000,C1,T_DL,0.08361854460463167,0.0,0.018306227057702698,0.018356880356782963,0.00012812689239538187,0.001641650055489777,0.040517280948871394,0.16002322940700353,0.07422,0.0008289233474815388,0.07422,0.0008289233474815388,0.64128,0.0015167068325816957,0.92578,0.0008289233474815386,0.9516,0.0006786563195019994,0.9516,0.0006786563195019994,WITHIN,0.02839999999999998
core_S3_d1_M300,core,3,0.0,300,100000,C2,T_DL,0.08361854460463167,0.0,0.018306227057702698,0.018356880356782963,0.00012812689239538187,0.001641650055489777,0.040517280948871394,0.15681695610208118,0.07991,0.0008574636546233315,0.07991,0.0008574636546233315,0.627,0.0015292841462592882,0.92009,0.0008574636546233317,0.94698,0.0007085822436386616,0.94698,0.0007085822436386616,WITHIN,0.026980000000000115
core_S3_d1_M300,core,3,0.0,300,100000,C3,T3,0.08361854460463167,0.0,0.018306227057702698,5.0887857205386327e-05,0.00012992906751420943,0.0016881562585111993,0.04108717876066936,0.16102404596690353,0.05054,0.0006927171746102446,0.05054,0.0006927171746102446,0.46957,0.0015782078921992501,0.94946,0.0006927171746102447,0.92766,0.0008191881615355533,0.94946,0.0006927171746102447,WITHIN,0.02946000000000004
core_S3_d2_M3,core,3,0.5,3,100000,P1,T2,0.5836185446046317,0.5,0.5183062270577027,0.540064654012506,0.0013402077074288505,0.17961566990516958,0.42381088931877337,7.985926580846263,0.02664,0.0005092181300778675,0.00937,0.000304667082238958,0.99034,0.0003093005722594125,0.99063,0.00030466708223895783,0.99056,0.0003057921908747835,0.99034,0.0003093005722594125,OUTSIDE_ABOVE,0.010340000000000016
core_S3_d2_M3,core,3,0.5,3,100000,P2,T2,0.5836185446046317,0.5,0.5183062270577027,0.540064654012506,0.0013402077074288505,0.17961566990516958,0.42381088931877337,2.7042432824045237,0.18363,0.0012243774871337678,0.07529,0.0008343944864391183,0.92448,0.0008355640585855763,0.92471,0.0008343944864391182,0.92532,0.0008312815263194532,0.92448,0.0008355640585855763,WITHIN,0.0044800000000000395
core_S3_d2_M3,core,3,0.5,3,100000,P3,T2,0.5836185446046317,0.5,0.5183062270577027,0.540064654012506,0.0013402077074288505,0.17961566990516958,0.42381088931877337,12.14276832589409,0.00041,6.401811462390937e-05,0.00131,0.00011438023867784156,0.9981,0.00013770947679807706,0.99869,0.00011438023867784299,0.9986,0.00011823874153592624,0.9981,0.00013770947679807706,OUTSIDE_ABOVE,0.018100000000000005
core_S3_d2_M3,core,3,0.5,3,100000,P4,T2,0.5836185446046317,0.5,0.5183062270577027,0.5547973348594658,0.0014426920135133018,0.20813602458550656,0.45621927248364524,7.985926580846263,0.02695,0.0005120907878491859,0.00953,0.00030723247061467966,0.99028,0.0003102502473810448,0.99047,0.00030723247061468026,0.99049,0.0003069130153642888,0.99028,0.0003102502473810448,OUTSIDE_ABOVE,0.010280000000000067
core_S3_d2_M3,core,3,0.5,3,100000,C1,T_DL,0.5836185446046317,0.5,0.5183062270577027,0.5146511003757324,0.0012935158488244752,0.1673183251160103,0.4090456271811377,1.4878648244847208,0.3525,0.0015107738083512037,0.13472,0.001079678292826155,0.86255,0.0010888411155903323,0.86528,0.0010796782928261545,0.86596,0.0010773730941507683,0.86596,0.0010773730941507683,OUTSIDE_BELOW,0.05403999999999998
core_S3_d2_M3,core,3,0.5,3,100000,C2,T_DL,0.5836185446046317,0.5,0.5183062270577027,0.5146511003757324,0.0012935158488244752,0.1673183251160103,0.4090456271811377,2.9755575406358954,0.15142,0.0011335430454993758,0.06369,0.0007722278413784367,0.93673,0.0007698500314996424,0.93631,0.0007722278413784369,0.93689,0.0007689416616363038,0.93689,0.0007689416616363038,WITHIN,0.01689000000000007
core_S3_d2_M3,core,3,0.5,3,100000,C3,T3,0.5836185446046317,0.5,0.5183062270577027,0.5038689650714941,0.0012964370512270156,0.16807490277941994,0.409969392490976,3.107844181357469,0.1231,0.0010389725212920696,0.04963,0.0006867813560369851,0.94999,0.0006892677266490866,0.95037,0.0006867813560369847,0.95041,0.0006865189866274641,0.95037,0.0006867813560369847,WITHIN,0.029629999999999934
core_S3_d2_M5,core,3,0.5,5,100000,P1,T2,0.5836185446046317,0.5,0.5183062270577027,0.5497223713278117,0.001069995068158392,0.1144889445883282,0.33836215005276254,1.7199899817402684,0.27377,0.0014100354148034722,0.06153,0.0007598951184209569,0.93873,0.0007583929528944744,0.93847,0.0007598951184209566,0.93929,0.0007551443299131632,0.93873,0.0007583929528944744,WITHIN,0.018730000000000024
core_S3_d2_M5,core,3,0.5,5,100000,P2,T2,0.5836185446046317,0.5,0.5183062270577027,0.5497223713278117,0.001069995068158392,0.1144889445883282,0.33836215005276254,1.5005619286846978,0.34415,0.0015023673901546188,0.08685,0.0008905452122155281,0.9139,0.0008870557479662705,0.91315,0.0008905452122155281,0.91446,0.0008844371566143067,0.9139,0.0008870557479662705,OUTSIDE_BELOW,0.006099999999999883
core_S3_d2_M5,core,3,0.5,5,100000,P3,T2,0.5836185446046317,0.5,0.5183062270577027,0.5497223713278117,0.001069995068158392,0.1144889445883282,0.33836215005276254,2.5650216464574083,0.0305,0.0005437807462571657,0.01848,0.0004258930569990546,0.97058,0.0005343637674842859,0.98152,0.0004258930569990552,0.97934,0.00044981289888130165,0.97058,0.0005343637674842859,WITHIN,0.009419999999999984
core_S3_d2_M5,core,3,0.5,5,100000,P4,T2,0.5836185446046317,0.5,0.5183062270577027,0.5636239250142873,0.0011442719131754915,0.13093582112823,0.36185055081929884,1.7199899817402684,0.28697,0.0014304482482774413,0.06835,0.0007979867010170031,0.93354,0.0007876742245370225,0.93165,0.0007979867010170033,0.9335,0.0007878943457088647,0.93354,0.0007876742245370225,WITHIN,0.013540000000000108
core_S3_d2_M5,core,3,0.5,5,100000,C1,T_DL,0.5836185446046317,0.5,0.5183062270577027,0.5145875383440983,0.0010017502334483406,0.10035035302138051,0.31678123843021466,1.1625478110146046,0.44386,0.0015711406697046578,0.11365,0.001003661683536838,0.88109,0.0010235741883224683,0.88635,0.0010036616835368381,0.88607,0.0010047385485786836,0.88607,0.0010047385485786836,OUTSIDE_BELOW,0.033929999999999905
core_S3_d2_M5,core,3,0.5,5,100000,C2,T_DL,0.5836185446046317,0.5,0.5183062270577027,0.5145875383440983,0.0010017502334483406,0.10035035302138051,0.31678123843021466,1.5804821710821855,0.27939,0.0014189123577585756,0.06648,0.000787784295349939,0.9318,0.0007971747612663113,0.93352,0.000787784295349939,0.93402,0.0007850263664361856,0.93402,0.0007850263664361856,WITHIN,0.014020000000000032
core_S3_d2_M5,core,3,0.5,5,100000,C3,T3,0.5836185446046317,0.5,0.5183062270577027,0.5003872151176565,0.0010043185295680733,0.10086557088337772,0.31759340497462746,1.6508511658322813,0.24152,0.001353469946470922,0.0493,0.0006846131024162479,0.94765,0.0007043399569810023,0.9507,0.000684613102416248,0.95065,0.0006849421690916687,0.9507,0.000684613102416248,WITHIN,0.029299999999999993
core_S3_d2_M10,core,3,0.5,10,1000000,P1,T2,0.5836185446046317,0.5,0.5183062270577027,0.5637127070464794,0.0002497012626897593,0.06235072058886015,0.24970126268975926,0.9803366922932252,0.614077,0.0004868125286709454,0.081958,0.00027430072226663935,0.920771,0.00027009584513464844,0.918042,0.0002743007222666393,0.921296,0.0002692762157785199,0.920771,0.00027009584513464844,WITHIN,0.0007710000000000772
core_S3_d2_M10,core,3,0.5,10,1000000,P2,T2,0.5836185446046317,0.5,0.5183062270577027,0.5637127070464794,0.0002497012626897593,0.06235072058886015,0.24970126268975926,0.9616963111944608,0.627203,0.0004835487532720977,0.086743,0.0002814580820495301,0.915934,0.0002774867702143653,0.913257,0.0002814580820495301,0.916473,0.0002766771408537395,0.915934,0.0002774867702143653,OUTSIDE_BELOW,0.004065999999999903
core_S3_d2_M10,core,3,0.5,10,1000000,P3,T2,0.5836185446046317,0.5,0.5183062270577027,0.5637127070464794,0.0002497012626897593,0.06235072058886015,0.24970126268975926,1.442688075681761,0.259864,0.00043855980379419184,0.022499,0.00014829967969958666,0.957384,0.00020198979316787268,0.977501,0.00014829967969958683,0.973958,0.00015926020920493608,0.957384,0.00020198979316787268,WITHIN,0.02261599999999997
core_S3_d2_M10,core,3,0.5,10,1000000,P4,T2,0.5836185446046317,0.5,0.5183062270577027,0.575156192608338,0.0002651037086072821,0.07027997631733474,0.2651037086072821,0.9803366922932252,0.628165,0.0004832946645422439,0.092096,0.0002891614199439476,0.913385,0.00028127005132967854,0.907904,0.00028916141994394753,0.911777,0.0002836189384914203,0.913385,0.00028127005132967854,OUTSIDE_BELOW,0.0066149999999999265
core_S3_d2_M10,core,3,0.5,10,1000000,C1,T_DL,0.5836185446046317,0.5,0.5183062270577027,0.5169417534644382,0.00022284555495202194,0.04966014136187463,0.22284555495202193,0.8382796408689152,0.655547,0.0004751895735293442,0.089429,0.00028536197006433776,0.90208,0.00029720644945895774,0.910571,0.0002853619700643377,0.911945,0.0002833748700484925,0.911945,0.0002833748700484925,OUTSIDE_BELOW,0.008054999999999923
core_S3_d2_M10,core,3,0.5,10,1000000,C2,T_DL,0.5836185446046317,0.5,0.5183062270577027,0.5169417534644382,0.00022284555495202194,0.04966014136187463,0.22284555495202193,0.9478479285616269,0.569959,0.0004950815471404685,0.062624,0.00024228544038798534,0.931105,0.00025327550014756666,0.937376,0.00024228544038798537,0.938536,0.00024017946769863566,0.938536,0.00024017946769863566,WITHIN,0.018536000000000108
core_S3_d2_M10,core,3,0.5,10,1000000,C3,T3,0.5836185446046317,0.5,0.5183062270577027,0.5000397694015587,0.00022439638759209768,0.05035373876438293,0.22439638759209768,0.9847068566042314,0.517936,0.0004996781963464086,0.049832,0.0002175977292528578,0.939165,0.00023902741009139511,0.950168,0.00021759772925285776,0.950048,0.00021784581174766706,0.950168,0.00021759772925285776,WITHIN,0.02983199999999997
core_S3_d2_M30,core,3,0.5,30,100000,P1,T2,0.5836185446046317,0.5,0.5183062270577027,0.57588894044804,0.00048394424751177604,0.02342020346997392,0.15303660826734863,0.5653069848655674,0.97647,0.00047933640692106885,0.08991,0.0009045783100428619,0.92944,0.0008098227361589694,0.91009,0.0009045783100428621,0.9221,0.0008475351910097891,0.92944,0.0008098227361589694,WITHIN,0.009440000000000115
core_S3_d2_M30,core,3,0.5,30,100000,P2,T2,0.5836185446046317,0.5,0.5183062270577027,0.57588894044804,0.00048394424751177604,0.02342020346997392,0.15303660826734863,0.5644300777717617,0.9766,0.00047804225754633845,0.09049,0.0009072020717568937,0.92895,0.0008124155186848658,0.90951,0.0009072020717568935,0.92164,0.0008498218072043102,0.92895,0.0008124155186848658,WITHIN,0.008950000000000125
core_S3_d2_M30,core,3,0.5,30,100000,P3,T2,0.5836185446046317,0.5,0.5183062270577027,0.57588894044804,0.00048394424751177604,0.02342020346997392,0.15303660826734863,0.8198528175514577,0.92014,0.000857218644220948,0.01052,0.0003226349268135736,0.96686,0.0005660542412172172,0.98948,0.00032263492681357324,0.98614,0.0003697012361353419,0.96686,0.0005660542412172172,WITHIN,0.01313999999999993
core_S3_d2_M30,core,3,0.5,30,100000,P4,T2,0.5836185446046317,0.5,0.5183062270577027,0.5819812017428792,0.0005050067680957164,0.025503183582248068,0.15969716209829174,0.5653069848655674,0.97728,0.0004712091000819059,0.09939,0.0009461058497863756,0.92502,0.0008328145027555659,0.90061,0.0009461058497863756,0.91416,0.0008858413763197112,0.92502,0.0008328145027555659,WITHIN,0.0050200000000000244
core_S3_d2_M30,core,3,0.5,30,100000,C1,T_DL,0.5836185446046317,0.5,0.5183062270577027,0.5181689319951276,0.00040534041858612796,0.016430085493957747,0.12817989504582122,0.4974325677529242,0.97589,0.00048506399474708455,0.06613,0.0007858550954215413,0.90771,0.000915273488636047,0.93387,0.0007858550954215416,0.93723,0.0007670066955379203,0.93723,0.0007670066955379203,WITHIN,0.01723000000000008
core_S3_d2_M30,core,3,0.5,30,100000,C2,T_DL,0.5836185446046317,0.5,0.5183062270577027,0.5181689319951276,0.00040534041858612796,0.016430085493957747,0.12817989504582122,0.5089716611237131,0.97386,0.0005045463348395274,0.05939,0.0007474143957671674,0.91637,0.0008754200311850306,0.94061,0.0007474143957671678,0.94434,0.000724996306197487,0.94434,0.000724996306197487,WITHIN,0.02434000000000003
core_S3_d2_M30,core,3,0.5,30,100000,C3,T3,0.5836185446046317,0.5,0.5183062270577027,0.5003179041948919,0.00041071113500141805,0.016868363641415307,0.12987826469973837,0.5248804426348597,0.95858,0.0006301141452149762,0.05078,0.0006942722203862114,0.90596,0.0009230193844118335,0.94922,0.0006942722203862117,0.94791,0.0007026850781110979,0.94922,0.0006942722203862117,WITHIN,0.029220000000000024
core_S3_d2_M100,core,3,0.5,100,100000,P1,T2,0.5836185446046317,0.5,0.5183062270577027,0.5811601012925671,0.0002742819416779565,0.007523058353062995,0.08673556567558083,0.323878259217283,0.99999,9.999949999852244e-06,0.15311,0.0011387156269235968,0.93797,0.0007627730927346613,0.84689,0.0011387156269235968,0.8923,0.0009803096959634747,0.93797,0.0007627730927346613,WITHIN,0.01797000000000004
core_S3_d2_M100,core,3,0.5,100,100000,P2,T2,0.5836185446046317,0.5,0.5183062270577027,0.5811601012925671,0.0002742819416779565,0.007523058353062995,0.08673556567558083,0.32383737547784813,0.99999,9.999949999852244e-06,0.15317,0.001138898376063466,0.93796,0.0007628305080422518,0.84683,0.0011388983760634661,0.89225,0.000980509752628703,0.93796,0.0007628305080422518,WITHIN,0.017960000000000087
core_S3_d2_M100,core,3,0.5,100,100000,P3,T2,0.5836185446046317,0.5,0.5183062270577027,0.5811601012925671,0.0002742819416779565,0.007523058353062995,0.08673556567558083,0.46473726641617713,0.99896,0.00010192734667399328,0.00918,0.00030159123992583076,0.97951,0.00044799732030448584,0.99082,0.00030159123992583016,0.994,0.0002442130217658347,0.97951,0.00044799732030448584,WITHIN,0.0004899999999999904
core_S3_d2_M100,core,3,0.5,100,100000,P4,T2,0.5836185446046317,0.5,0.5183062270577027,0.5834824035804821,0.00028023496142572324,0.00785316336052766,0.08861807581147121,0.323878259217283,1.0,3.162277660168379e-153,0.16134,0.0011632257063871998,0.9366,0.0007705870489438556,0.83866,0.0011632257063872,0.88583,0.0010056600374878182,0.9366,0.0007705870489438556,WITHIN,0.01660000000000006
core_S3_d2_M100,core,3,0.5,100,100000,C1,T_DL,0.5836185446046317,0.5,0.5183062270577027,0.5183764611586664,0.00022077140998336695,0.0048740015466043896,0.06981404977942757,0.27586059977844035,1.0,3.162277660168379e-153,0.05996,0.0007507649325854265,0.84723,0.0011376788962620338,0.94004,0.0007507649325854265,0.94797,0.0007023024925201392,0.94797,0.0007023024925201392,WITHIN,0.02797000000000005
core_S3_d2_M100,core,3,0.5,100,100000,C2,T_DL,0.5836185446046317,0.5,0.5183062270577027,0.5183764611586664,0.00022077140998336695,0.0048740015466043896,0.06981404977942757,0.2730517923773673,1.0,3.162277660168379e-153,0.0618,0.00076145098332066,0.84346,0.0011490658310123053,0.9382,0.0007614509833206598,0.94647,0.0007117902717795458,0.94647,0.0007117902717795458,WITHIN,0.026470000000000105
core_S3_d2_M100,core,3,0.5,100,100000,C3,T3,0.5836185446046317,0.5,0.5183062270577027,0.5000970243139067,0.00022354188928335524,0.004997097626437186,0.07069015225925876,0.28072617221737667,1.0,3.162277660168379e-153,0.04913,0.0006834928170800334,0.78737,0.001293902944969212,0.95087,0.0006834928170800335,0.94429,0.0007253026671673008,0.95087,0.0006834928170800335,WITHIN,0.02912999999999999
core_S3_d2_M300,core,3,0.5,300,100000,P1,T2,0.5836185446046317,0.5,0.5183062270577027,0.5828316617278174,0.0001606581660268471,0.0025811046311109975,0.05080457293503211,0.19304795319302598,1.0,3.162277660168379e-153,0.38191,0.0015364073414950868,0.94419,0.0007259148979047063,0.61809,0.0015364073414950866,0.75924,0.0013520156152944387,0.94419,0.0007259148979047063,WITHIN,0.024190000000000045
core_S3_d2_M300,core,3,0.5,300,100000,P2,T2,0.5836185446046317,0.5,0.5183062270577027,0.5828316617278174,0.0001606581660268471,0.0025811046311109975,0.05080457293503211,0.1930453205580386,1.0,3.162277660168379e-153,0.38192,0.0015364150272631416,0.94419,0.0007259148979047063,0.61808,0.0015364150272631416,0.75922,0.0013520539619408687,0.94419,0.0007259148979047063,WITHIN,0.024190000000000045
core_S3_d2_M300,core,3,0.5,300,100000,P3,T2,0.5836185446046317,0.5,0.5183062270577027,0.5828316617278174,0.0001606581660268471,0.0025811046311109975,0.05080457293503211,0.27538843608919794,0.99998,1.4141994201674672e-05,0.08122,0.0008638478546596038,0.98693,0.0003591542161801811,0.91878,0.0008638478546596037,0.96909,0.0005473077004757012,0.98693,0.0003591542161801811,OUTSIDE_ABOVE,0.006929999999999992
core_S3_d2_M300,core,3,0.5,300,100000,P4,T2,0.5836185446046317,0.5,0.5183062270577027,0.5836757264162258,0.0001620924533640455,0.0026273963437575265,0.051258134415500596,0.19304795319302598,1.0,3.162277660168379e-153,0.38927,0.0015418782931865926,0.9437,0.0007289054122449635,0.61073,0.0015418782931865926,0.75292,0.001363933552633705,0.9437,0.0007289054122449635,WITHIN,0.023700000000000054
core_S3_d2_M300,core,3,0.5,300,100000,C1,T_DL,0.5836185446046317,0.5,0.5183062270577027,0.5183322482208049,0.0001273751264109368,0.0016224422828202134,0.040279551671042885,0.15998113495359037,1.0,3.162277660168379e-153,0.07206,0.0008177246260202758,0.64195,0.0015160811241487046,0.92794,0.0008177246260202759,0.95284,0.0006703427063823398,0.95284,0.0006703427063823398,WITHIN,0.027159999999999962
core_S3_d2_M300,core,3,0.5,300,100000,C2,T_DL,0.5836185446046317,0.5,0.5183062270577027,0.5183322482208049,0.0001273751264109368,0.0016224422828202134,0.040279551671042885,0.15680484916475468,1.0,3.162277660168379e-153,0.07748,0.0008454398239969536,0.62788,0.0015285506390041515,0.92252,0.0008454398239969536,0.94821,0.0007007695477116568,0.94821,0.0007007695477116568,WITHIN,0.02821000000000007
core_S3_d2_M300,core,3,0.5,300,100000,C3,T3,0.5836185446046317,0.5,0.5183062270577027,0.4999618239623516,0.00012916587039841793,0.0016683822075780896,0.04084583464171212,0.16102840057489545,1.0,3.162277660168379e-153,0.04854,0.000679587142315097,0.46904,0.0015781048076727983,0.95146,0.0006795871423150973,0.92772,0.000818874847580508,0.95146,0.0006795871423150973,WITHIN,0.02854000000000001
core_S4_d1_M3,core,4,0.0,3,100000,P1,T2,0.0,0.0,0.0,-0.0019323955081537556,0.0021871504702562095,0.478362717954196,0.6916377071517977,12.82440860289314,0.00974,0.0003105661346637782,0.00974,0.0003105661346637782,0.99026,0.0003105661346637777,0.99026,0.0003105661346637777,0.99026,0.0003105661346637777,0.99026,0.0003105661346637777,OUTSIDE_ABOVE,0.010260000000000047
core_S4_d1_M3,core,4,0.0,3,100000,P2,T2,0.0,0.0,0.0,-0.0019323955081537556,0.0021871504702562095,0.478362717954196,0.6916377071517977,4.34267964576122,0.07724,0.0008442391983318471,0.07724,0.0008442391983318471,0.92276,0.000844239198331847,0.92276,0.000844239198331847,0.92276,0.000844239198331847,0.92276,0.000844239198331847,WITHIN,0.0027600000000000957
core_S4_d1_M3,core,4,0.0,3,100000,P3,T2,0.0,0.0,0.0,-0.0019323955081537556,0.0021871504702562095,0.478362717954196,0.6916377071517977,16.307650550039504,0.00013,3.605316907013862e-05,0.00013,3.605316907013862e-05,0.99987,3.605316907013356e-05,0.99987,3.605316907013356e-05,0.99987,3.605316907013356e-05,0.99987,3.605316907013356e-05,OUTSIDE_ABOVE,0.019870000000000054
core_S4_d1_M3,core,4,0.0,3,100000,P4,T2,0.0,0.0,0.0,-0.0019143615486002965,0.002383072404805447,0.5679034086545217,0.7535936628280002,12.82440860289314,0.00997,0.00031417509608496977,0.00997,0.00031417509608496977,0.99003,0.0003141750960849703,0.99003,0.0003141750960849703,0.99003,0.0003141750960849703,0.99003,0.0003141750960849703,OUTSIDE_ABOVE,0.010029999999999983
core_S4_d1_M3,core,4,0.0,3,100000,C1,T_DL,0.0,0.0,0.0,-0.001808970838011079,0.0020395646001836547,0.4159823758322311,0.6449669571631024,2.251514700728736,0.17485,0.001201155599828765,0.17485,0.001201155599828765,0.82515,0.0012011555998287648,0.82515,0.0012011555998287648,0.82515,0.0012011555998287648,0.82515,0.0012011555998287648,OUTSIDE_BELOW,0.09484999999999988
core_S4_d1_M3,core,4,0.0,3,100000,C2,T_DL,0.0,0.0,0.0,-0.001808970838011079,0.0020395646001836547,0.4159823758322311,0.6449669571631024,4.805174945002726,0.06045,0.0007536298660483141,0.06045,0.0007536298660483141,0.93955,0.0007536298660483142,0.93955,0.0007536298660483142,0.93955,0.0007536298660483142,0.93955,0.0007536298660483142,WITHIN,0.019550000000000067
core_S4_d1_M3,core,4,0.0,3,100000,C3,T3,0.0,0.0,0.0,-0.0019775659077128057,0.0020344597460328837,0.41390264582281855,0.6433526605391623,4.900853933420816,0.04993,0.0006887452003462529,0.04993,0.0006887452003462529,0.95007,0.000688745200346253,0.95007,0.000688745200346253,0.95007,0.000688745200346253,0.95007,0.000688745200346253,WITHIN,0.029930000000000012
core_S4_d1_M5,core,4,0.0,5,100000,P1,T2,0.0,0.0,0.0,0.000739765505215283,0.0017541003448866095,0.30768680199313225,0.5546952334328575,2.817596247829211,0.06076,0.0007554351222970772,0.06076,0.0007554351222970772,0.93924,0.0007554351222970775,0.93924,0.0007554351222970775,0.93924,0.0007554351222970775,0.93924,0.0007554351222970775,WITHIN,0.019240000000000035
core_S4_d1_M5,core,4,0.0,5,100000,P2,T2,0.0,0.0,0.0,0.000739765505215283,0.0017541003448866095,0.30768680199313225,0.5546952334328575,2.4581408640645352,0.08558,0.0008846245734773594,0.08558,0.0008846245734773594,0.91442,0.0008846245734773593,0.91442,0.0008846245734773593,0.91442,0.0008846245734773593,0.91442,0.0008846245734773593,OUTSIDE_BELOW,0.005579999999999918
core_S4_d1_M5,core,4,0.0,5,100000,P3,T2,0.0,0.0,0.0,0.000739765505215283,0.0017541003448866095,0.30768680199313225,0.5546952334328575,3.3539402637434845,0.00551,0.0002340863067332218,0.00551,0.0002340863067332218,0.99449,0.0002340863067332221,0.99449,0.0002340863067332221,0.99449,0.0002340863067332221,0.99449,0.0002340863067332221,OUTSIDE_ABOVE,0.014490000000000003
core_S4_d1_M5,core,4,0.0,5,100000,P4,T2,0.0,0.0,0.0,0.0010096994855941892,0.001887573872194865,0.3562935122992717,0.5969032687959346,2.817596247829211,0.06634,0.0007870133696450143,0.06634,0.0007870133696450143,0.93366,0.0007870133696450141,0.93366,0.0007870133696450141,0.93366,0.0007870133696450141,0.93366,0.0007870133696450141,WITHIN,0.013660000000000116
core_S4_d1_M5,core,4,0.0,5,100000,C1,T_DL,0.0,0.0,0.0,-0.0003402501384432176,0.0015798984376563048,0.24960790733088334,0.4996077534735458,1.8233515955444262,0.12647,0.0010510724955967595,0.12647,0.0010510724955967595,0.87353,0.0010510724955967595,0.87353,0.0010510724955967595,0.87353,0.0010510724955967595,0.87353,0.0010510724955967595,OUTSIDE_BELOW,0.0464699999999999
core_S4_d1_M5,core,4,0.0,5,100000,C2,T_DL,0.0,0.0,0.0,-0.0003402501384432176,0.0015798984376563048,0.24960790733088334,0.4996077534735458,2.5598648780438933,0.05663,0.0007309106860622575,0.05663,0.0007309106860622575,0.94337,0.0007309106860622573,0.94337,0.0007309106860622573,0.94337,0.0007309106860622573,0.94337,0.0007309106860622573,WITHIN,0.023370000000000113
core_S4_d1_M5,core,4,0.0,5,100000,C3,T3,0.0,0.0,0.0,-0.0005042073452159732,0.001576536922837237,0.2485468669069105,0.4985447491518795,2.602473051635817,0.04928,0.0006844814212233959,0.04928,0.0006844814212233959,0.95072,0.0006844814212233959,0.95072,0.0006844814212233959,0.95072,0.0006844814212233959,0.95072,0.0006844814212233959,WITHIN,0.029279999999999973
core_S4_d1_M10,core,4,0.0,10,100000,P1,T2,0.0,0.0,0.0,0.0002674476781680791,0.0012924396528109254,0.16704002561580256,0.4087053041199766,1.6256957569495976,0.07901,0.0008530382166116591,0.07901,0.0008530382166116591,0.92099,0.0008530382166116592,0.92099,0.0008530382166116592,0.92099,0.0008530382166116592,0.92099,0.0008530382166116592,WITHIN,0.0009900000000000464
core_S4_d1_M10,core,4,0.0,10,100000,P2,T2,0.0,0.0,0.0,0.0002674476781680791,0.0012924396528109254,0.16704002561580256,0.4087053041199766,1.5947843479424555,0.08382,0.0008763230431752894,0.08382,0.0008763230431752894,0.91618,0.0008763230431752894,0.91618,0.0008763230431752894,0.91618,0.0008763230431752894,0.91618,0.0008763230431752894,OUTSIDE_BELOW,0.0038199999999999346
core_S4_d1_M10,core,4,0.0,10,100000,P3,T2,0.0,0.0,0.0,0.0002674476781680791,0.0012924396528109254,0.16704002561580256,0.4087053041199766,1.813013139027432,0.01758,0.0004155832479780675,0.01758,0.0004155832479780675,0.98242,0.00041558324797806806,0.98242,0.00041558324797806806,0.98242,0.00041558324797806806,0.98242,0.00041558324797806806,OUTSIDE_ABOVE,0.0024199999999999777
core_S4_d1_M10,core,4,0.0,10,100000,P4,T2,0.0,0.0,0.0,0.0005169669365979281,0.0013646890726891371,0.18623762651171374,0.43155257676407605,1.6256957569495976,0.08759,0.0008939686342372421,0.08759,0.0008939686342372421,0.91241,0.0008939686342372419,0.91241,0.0008939686342372419,0.91241,0.0008939686342372419,0.91241,0.0008939686342372419,OUTSIDE_BELOW,0.007589999999999875
core_S4_d1_M10,core,4,0.0,10,100000,C1,T_DL,0.0,0.0,0.0,-0.0008323018965075013,0.0011187938929273769,0.1251699774851595,0.3537936933937058,1.338928803590463,0.08807,0.0008961789726388362,0.08807,0.0008961789726388362,0.91193,0.0008961789726388361,0.91193,0.0008961789726388361,0.91193,0.0008961789726388361,0.91193,0.0008961789726388361,OUTSIDE_BELOW,0.00806999999999991
core_S4_d1_M10,core,4,0.0,10,100000,C2,T_DL,0.0,0.0,0.0,-0.0008323018965075013,0.0011187938929273769,0.1251699774851595,0.3537936933937058,1.5359512062512748,0.0547,0.0007190821232654863,0.0547,0.0007190821232654863,0.9453,0.0007190821232654862,0.9453,0.0007190821232654862,0.9453,0.0007190821232654862,0.9453,0.0007190821232654862,WITHIN,0.0253000000000001
core_S4_d1_M10,core,4,0.0,10,100000,C3,T3,0.0,0.0,0.0,-0.0008658504012602314,0.0011185737663311607,0.12512072707242786,0.3537240832519435,1.553020883409077,0.05067,0.0006935600269623387,0.05067,0.0006935600269623387,0.94933,0.0006935600269623387,0.94933,0.0006935600269623387,0.94933,0.0006935600269623387,0.94933,0.0006935600269623387,WITHIN,0.029330000000000078
core_S4_d1_M30,core,4,0.0,30,100000,P1,T2,0.0,0.0,0.0,-0.0009683743721708316,0.0007693542665709163,0.05919059874908725,0.24329118099324368,0.9287184355777639,0.06732,0.000792388904515958,0.06732,0.000792388904515958,0.93268,0.0007923889045159582,0.93268,0.0007923889045159582,0.93268,0.0007923889045159582,0.93268,0.0007923889045159582,WITHIN,0.012680000000000025
core_S4_d1_M30,core,4,0.0,30,100000,P2,T2,0.0,0.0,0.0,-0.0009683743721708316,0.0007693542665709163,0.05919059874908725,0.24329118099324368,0.9272778027780472,0.06771,0.0007945146688387824,0.06771,0.0007945146688387824,0.93229,0.0007945146688387826,0.93229,0.0007945146688387826,0.93229,0.0007945146688387826,0.93229,0.0007945146688387826,WITHIN,0.012290000000000023
core_S4_d1_M30,core,4,0.0,30,100000,P3,T2,0.0,0.0,0.0,-0.0009683743721708316,0.0007693542665709163,0.05919059874908725,0.24329118099324368,0.9726017521989828,0.03416,0.0005743961559759955,0.03416,0.0005743961559759955,0.96584,0.0005743961559759952,0.96584,0.0005743961559759952,0.96584,0.0005743961559759952,0.96584,0.0005743961559759952,WITHIN,0.01415999999999995
core_S4_d1_M30,core,4,0.0,30,100000,P4,T2,0.0,0.0,0.0,-0.000999489873763504,0.0007907868133033264,0.06253437840944301,0.2500687473664852,0.9287184355777639,0.07237,0.0008193447571077757,0.07237,0.0008193447571077757,0.92763,0.0008193447571077761,0.92763,0.0008193447571077761,0.92763,0.0008193447571077761,0.92763,0.0008193447571077761,WITHIN,0.007630000000000026
core_S4_d1_M30,core,4,0.0,30,100000,C1,T_DL,0.0,0.0,0.0,-0.000632622103521248,0.0006458249924877254,0.04170899209217706,0.20422779461223456,0.7887908915553635,0.06264,0.0007662651655921728,0.06264,0.0007662651655921728,0.93736,0.0007662651655921729,0.93736,0.0007662651655921729,0.93736,0.0007662651655921729,0.93736,0.0007662651655921729,WITHIN,0.017360000000000042
core_S4_d1_M30,core,4,0.0,30,100000,C2,T_DL,0.0,0.0,0.0,-0.000632622103521248,0.0006458249924877254,0.04170899209217706,0.20422779461223456,0.8193351408224772,0.05259,0.0007058632438369347,0.05259,0.0007058632438369347,0.94741,0.0007058632438369348,0.94741,0.0007058632438369348,0.94741,0.0007058632438369348,0.94741,0.0007058632438369348,WITHIN,0.027410000000000045
core_S4_d1_M30,core,4,0.0,30,100000,C3,T3,0.0,0.0,0.0,-0.0005956420773342912,0.0006472669871746924,0.04189545526862036,0.2046837933707023,0.825388303135059,0.05127,0.0006974337753507498,0.05127,0.0006974337753507498,0.94873,0.00069743377535075,0.94873,0.00069743377535075,0.94873,0.00069743377535075,0.94873,0.00069743377535075,WITHIN,0.028730000000000033
core_S4_d1_M100,core,4,0.0,100,100000,P1,T2,0.0,0.0,0.0,-5.400858571027303e-05,0.0004262595688885121,0.01816972200690202,0.13479511121291463,0.5226288043012892,0.05574,0.0007254864051103922,0.05574,0.0007254864051103922,0.94426,0.0007254864051103922,0.94426,0.0007254864051103922,0.94426,0.0007254864051103922,0.94426,0.0007254864051103922,WITHIN,0.02426000000000006
core_S4_d1_M100,core,4,0.0,100,100000,P2,T2,0.0,0.0,0.0,-5.400858571027303e-05,0.0004262595688885121,0.01816972200690202,0.13479511121291463,0.5225628319204698,0.05577,0.0007256700841291447,0.05577,0.0007256700841291447,0.94423,0.0007256700841291447,0.94423,0.0007256700841291447,0.94423,0.0007256700841291447,0.94423,0.0007256700841291447,WITHIN,0.024230000000000085
core_S4_d1_M100,core,4,0.0,100,100000,P3,T2,0.0,0.0,0.0,-5.400858571027303e-05,0.0004262595688885121,0.01816972200690202,0.13479511121291463,0.5311374265284332,0.04271,0.0006394204868472702,0.04271,0.0006394204868472702,0.95729,0.0006394204868472703,0.95729,0.0006394204868472703,0.95729,0.0006394204868472703,0.95729,0.0006394204868472703,WITHIN,0.022710000000000008
core_S4_d1_M100,core,4,0.0,100,100000,P4,T2,0.0,0.0,0.0,-4.373462235421101e-05,0.000430746211181934,0.01855422984475913,0.1362139120822801,0.5226288043012892,0.05771,0.0007374249514357376,0.05771,0.0007374249514357376,0.94229,0.0007374249514357379,0.94229,0.0007374249514357379,0.94229,0.0007374249514357379,0.94229,0.0007374249514357379,WITHIN,0.022290000000000032
core_S4_d1_M100,core,4,0.0,100,100000,C1,T_DL,0.0,0.0,0.0,-1.679980168224002e-05,0.0003508216023750371,0.012307579669298867,0.1109395315895054,0.43570449574898334,0.052,0.0007021111023192839,0.052,0.0007021111023192839,0.948,0.0007021111023192842,0.948,0.0007021111023192842,0.948,0.0007021111023192842,0.948,0.0007021111023192842,WITHIN,0.028000000000000025
core_S4_d1_M100,core,4,0.0,100,100000,C2,T_DL,0.0,0.0,0.0,-1.679980168224002e-05,0.0003508216023750371,0.012307579669298867,0.1109395315895054,0.4386788831159794,0.04992,0.0006886798501480932,0.04992,0.0006886798501480932,0.95008,0.0006886798501480929,0.95008,0.0006886798501480929,0.95008,0.0006886798501480929,0.95008,0.0006886798501480929,WITHIN,0.029919999999999947
core_S4_d1_M100,core,4,0.0,100,100000,C3,T3,0.0,0.0,0.0,-4.934932771495468e-06,0.00035154274340743835,0.012358230044242807,0.11116757640716472,0.4412610710265659,0.04907,0.0006830968825869432,0.04907,0.0006830968825869432,0.95093,0.0006830968825869428,0.95093,0.0006830968825869428,0.95093,0.0006830968825869428,0.95093,0.0006830968825869428,WITHIN,0.02906999999999993
core_S4_d1_M300,core,4,0.0,300,100000,P1,T2,0.0,0.0,0.0,0.0001918843136126731,0.00024792033041267085,0.006146449023192791,0.07839929223655524,0.3056904367198317,0.05289,0.0007077615975736463,0.05289,0.0007077615975736463,0.94711,0.0007077615975736463,0.94711,0.0007077615975736463,0.94711,0.0007077615975736463,0.94711,0.0007077615975736463,WITHIN,0.02711000000000008
core_S4_d1_M300,core,4,0.0,300,100000,P2,T2,0.0,0.0,0.0,0.0001918843136126731,0.00024792033041267085,0.006146449023192791,0.07839929223655524,0.3056862679559279,0.05289,0.0007077615975736463,0.05289,0.0007077615975736463,0.94711,0.0007077615975736463,0.94711,0.0007077615975736463,0.94711,0.0007077615975736463,0.94711,0.0007077615975736463,WITHIN,0.02711000000000008
core_S4_d1_M300,core,4,0.0,300,100000,P3,T2,0.0,0.0,0.0,0.0001918843136126731,0.00024792033041267085,0.006146449023192791,0.07839929223655524,0.307473634299688,0.04787,0.0006751182348300184,0.04787,0.0006751182348300184,0.95213,0.0006751182348300183,0.95213,0.0006751182348300183,0.95213,0.0006751182348300183,0.95213,0.0006751182348300183,WITHIN,0.02786999999999995
core_S4_d1_M300,core,4,0.0,300,100000,P4,T2,0.0,0.0,0.0,0.00019291510757228473,0.0002488542777519403,0.006192845155543985,0.07869463231722977,0.3056904367198317,0.05379,0.000713418782343162,0.05379,0.000713418782343162,0.94621,0.000713418782343162,0.94621,0.000713418782343162,0.94621,0.000713418782343162,0.94621,0.000713418782343162,WITHIN,0.026210000000000067
core_S4_d1_M300,core,4,0.0,300,100000,C1,T_DL,0.0,0.0,0.0,0.00010086410883655553,0.00020318256465140115,0.004128315457832082,0.06425196851328434,0.2521361272000944,0.05141,0.0006983338163085044,0.05141,0.0006983338163085044,0.94859,0.0006983338163085042,0.94859,0.0006983338163085042,0.94859,0.0006983338163085042,0.94859,0.0006983338163085042,WITHIN,0.028590000000000115
core_S4_d1_M300,core,4,0.0,300,100000,C2,T_DL,0.0,0.0,0.0,0.00010086410883655553,0.00020318256465140115,0.004128315457832082,0.06425196851328434,0.2517299362206008,0.05144,0.0006985264948446838,0.05144,0.0006985264948446838,0.94856,0.000698526494844684,0.94856,0.000698526494844684,0.94856,0.000698526494844684,0.94856,0.000698526494844684,WITHIN,0.02856000000000003
core_S4_d1_M300,core,4,0.0,300,100000,C3,T3,0.0,0.0,0.0,7.286729813370856e-05,0.00020373979640514404,0.004150990463920956,0.0644281806659241,0.25309440956104806,0.05099,0.0006956293546135039,0.05099,0.0006956293546135039,0.94901,0.0006956293546135038,0.94901,0.0006956293546135038,0.94901,0.0006956293546135038,0.94901,0.0006956293546135038,WITHIN,0.02901000000000009
core_S4_d2_M3,core,4,0.5,3,100000,P1,T2,0.5,0.5,0.5,0.5035482555318,0.0021834480684486813,0.47674454676122785,0.6904669048993064,12.831136727298112,0.01644,0.00040211598326850924,0.01031,0.0003194323699940255,0.98969,0.0003194323699940261,0.98969,0.0003194323699940261,0.98969,0.0003194323699940261,0.98969,0.0003194323699940261,OUTSIDE_ABOVE,0.009689999999999976
core_S4_d2_M3,core,4,0.5,3,100000,P2,T2,0.5,0.5,0.5,0.5035482555318,0.0021834480684486813,0.47674454676122785,0.6904669048993064,4.344957964380998,0.11617,0.001013284417624193,0.07706,0.0008433371591481073,0.92294,0.0008433371591481073,0.92294,0.0008433371591481073,0.92294,0.0008433371591481073,0.92294,0.0008433371591481073,WITHIN,0.0029400000000000537
core_S4_d2_M3,core,4,0.5,3,100000,P3,T2,0.5,0.5,0.5,0.5035482555318,0.0021834480684486813,0.47674454676122785,0.6904669048993064,17.200075444877797,0.0003,5.476403929587371e-05,0.00083,9.106651964360997e-05,0.99917,9.106651964360982e-05,0.99917,9.106651964360982e-05,0.99917,9.106651964360982e-05,0.99917,9.106651964360982e-05,OUTSIDE_ABOVE,0.01917000000000002
core_S4_d2_M3,core,4,0.5,3,100000,P4,T2,0.5,0.5,0.5,0.5035432934126887,0.0023811557042780407,0.5669902488015852,0.7529875489020952,12.831136727298112,0.01665,0.00040463288917239537,0.01037,0.00032035079366219776,0.98963,0.0003203507936621976,0.98963,0.0003203507936621976,0.98963,0.0003203507936621976,0.98963,0.0003203507936621976,OUTSIDE_ABOVE,0.009630000000000027
core_S4_d2_M3,core,4,0.5,3,100000,C1,T_DL,0.5,0.5,0.5,0.5037988466097136,0.002034164346490642,0.41378245885337006,0.6432592470018368,2.2501916469262984,0.26051,0.0013879644804533004,0.17648,0.0012055488774827838,0.82352,0.0012055488774827836,0.82352,0.0012055488774827836,0.82352,0.0012055488774827836,0.82352,0.0012055488774827836,OUTSIDE_BELOW,0.0964799999999999
core_S4_d2_M3,core,4,0.5,3,100000,C2,T_DL,0.5,0.5,0.5,0.5037988466097136,0.002034164346490642,0.41378245885337006,0.6432592470018368,4.80050619198075,0.09171,0.0009126843698672614,0.06046,0.000753688187515235,0.93954,0.0007536881875152346,0.93954,0.0007536881875152346,0.93954,0.0007536881875152346,0.93954,0.0007536881875152346,WITHIN,0.019540000000000113
core_S4_d2_M3,core,4,0.5,3,100000,C3,T3,0.5,0.5,0.5,0.5037119807898066,0.0020277573383462562,0.4111799823217094,0.641233173129486,4.897036295195324,0.07778,0.0008469372562356671,0.04947,0.0006857311360876069,0.95053,0.000685731136087607,0.95053,0.000685731136087607,0.95053,0.000685731136087607,0.95053,0.000685731136087607,WITHIN,0.029469999999999996
core_S4_d2_M5,core,4,0.5,5,100000,P1,T2,0.5,0.5,0.5,0.49887192834044386,0.0017528639494246419,0.3072532025192555,0.5543042508580062,2.8204130972250057,0.13316,0.0010743761650371811,0.06179,0.000761393432464452,0.93821,0.000761393432464452,0.93821,0.000761393432464452,0.93821,0.000761393432464452,0.93821,0.000761393432464452,WITHIN,0.01821000000000006
core_S4_d2_M5,core,4,0.5,5,100000,P2,T2,0.5,0.5,0.5,0.49887192834044386,0.0017528639494246419,0.3072532025192555,0.5543042508580062,2.4605983533563576,0.17657,0.001205790342887187,0.08676,0.0008901275324356617,0.91324,0.0008901275324356614,0.91324,0.0008901275324356614,0.91324,0.0008901275324356614,0.91324,0.0008901275324356614,OUTSIDE_BELOW,0.006759999999999877
core_S4_d2_M5,core,4,0.5,5,100000,P3,T2,0.5,0.5,0.5,0.49887192834044386,0.0017528639494246419,0.3072532025192555,0.5543042508580062,3.56657555867128,0.01497,0.000384003894511501,0.01647,0.0004024765719889792,0.98353,0.00040247657198897905,0.98353,0.00040247657198897905,0.98353,0.00040247657198897905,0.98353,0.00040247657198897905,OUTSIDE_ABOVE,0.003530000000000033
core_S4_d2_M5,core,4,0.5,5,100000,P4,T2,0.5,0.5,0.5,0.499136921256817,0.0018885758148645389,0.3566718608491257,0.5972201108880425,2.8204130972250057,0.14099,0.001100508154899363,0.06759,0.0007938613978522951,0.93241,0.0007938613978522954,0.93241,0.0007938613978522954,0.93241,0.0007938613978522954,0.93241,0.0007938613978522954,WITHIN,0.012410000000000032
core_S4_d2_M5,core,4,0.5,5,100000,C1,T_DL,0.5,0.5,0.5,0.49785054121538885,0.0015741826971716203,0.24780511640745173,0.497800277628942,1.8249478850456533,0.25765,0.0013829912418377782,0.12601,0.0010494354668106087,0.87399,0.0010494354668106084,0.87399,0.0010494354668106084,0.87399,0.0010494354668106084,0.87399,0.0010494354668106084,OUTSIDE_BELOW,0.046009999999999884
core_S4_d2_M5,core,4,0.5,5,100000,C2,T_DL,0.5,0.5,0.5,0.49785054121538885,0.0015741826971716203,0.24780511640745173,0.497800277628942,2.5629354229653996,0.13096,0.0010668152529843206,0.05815,0.0007400579538117269,0.94185,0.0007400579538117271,0.94185,0.0007400579538117271,0.94185,0.0007400579538117271,0.94185,0.0007400579538117271,WITHIN,0.021850000000000036
core_S4_d2_M5,core,4,0.5,5,100000,C3,T3,0.5,0.5,0.5,0.49773673080494146,0.0015700180497204592,0.24649566764480343,0.49648330046921363,2.605548525151733,0.1207,0.0010302014851474445,0.05031,0.0006912228576949695,0.94969,0.0006912228576949692,0.94969,0.0006912228576949692,0.94969,0.0006912228576949692,0.94969,0.0006912228576949692,WITHIN,0.029690000000000105
core_S4_d2_M10,core,4,0.5,10,100000,P1,T2,0.5,0.5,0.5,0.5004999593173264,0.001289814028217253,0.16636202273860173,0.40787500872032073,1.622788569354114,0.26986,0.001403693628966093,0.07964,0.0008561394185528429,0.92036,0.0008561394185528431,0.92036,0.0008561394185528431,0.92036,0.0008561394185528431,0.92036,0.0008561394185528431,WITHIN,0.00036000000000002697
core_S4_d2_M10,core,4,0.5,10,100000,P2,T2,0.5,0.5,0.5,0.5004999593173264,0.001289814028217253,0.16636202273860173,0.40787500872032073,1.591932438380663,0.2797,0.0014193939199531609,0.08382,0.0008763230431752894,0.91618,0.0008763230431752894,0.91618,0.0008763230431752894,0.91618,0.0008763230431752894,0.91618,0.0008763230431752894,OUTSIDE_BELOW,0.0038199999999999346
core_S4_d2_M10,core,4,0.5,10,100000,P3,T2,0.5,0.5,0.5,0.5004999593173264,0.001289814028217253,0.16636202273860173,0.40787500872032073,1.9398603151112472,0.10062,0.0009512918353481229,0.03288,0.0005639051835193572,0.96712,0.0005639051835193574,0.96712,0.0005639051835193574,0.96712,0.0005639051835193574,0.96712,0.0005639051835193574,WITHIN,0.012880000000000003
core_S4_d2_M10,core,4,0.5,10,100000,P4,T2,0.5,0.5,0.5,0.5005813862890706,0.0013626415877563923,0.18567920966832624,0.43090510517784103,1.622788569354114,0.2794,0.0014189279051452896,0.08801,0.0008959031192043033,0.91199,0.0008959031192043034,0.91199,0.0008959031192043034,0.91199,0.0008959031192043034,0.91199,0.0008959031192043034,OUTSIDE_BELOW,0.008009999999999962
core_S4_d2_M10,core,4,0.5,10,100000,C1,T_DL,0.5,0.5,0.5,0.4999504469547041,0.0011160873686553493,0.12456510144720218,0.35293781526949214,1.3364375482521742,0.33613,0.0014938093020864477,0.08819,0.0008967303044951698,0.91181,0.0008967303044951697,0.91181,0.0008967303044951697,0.91181,0.0008967303044951697,0.91181,0.0008967303044951697,OUTSIDE_BELOW,0.00818999999999992
core_S4_d2_M10,core,4,0.5,10,100000,C2,T_DL,0.5,0.5,0.5,0.4999504469547041,0.0011160873686553493,0.12456510144720218,0.35293781526949214,1.5343862683764558,0.25317,0.0013750452759818492,0.05441,0.0007172834300330659,0.94559,0.0007172834300330656,0.94559,0.0007172834300330656,0.94559,0.0007172834300330656,0.94559,0.0007172834300330656,WITHIN,0.025590000000000113
core_S4_d2_M10,core,4,0.5,10,100000,C3,T3,0.5,0.5,0.5,0.4998494483630477,0.0011160053038966852,0.12454678383255327,0.35291186411419107,1.5518238807821743,0.246,0.0013619251080731274,0.05032,0.0006912879110761304,0.94968,0.0006912879110761306,0.94968,0.0006912879110761306,0.94968,0.0006912879110761306,0.94968,0.0006912879110761306,WITHIN,0.02968000000000004
core_S4_d2_M30,core,4,0.5,30,100000,P1,T2,0.5,0.5,0.5,0.500554575603526,0.000768280443325023,0.059025483959569414,0.24295160826709794,0.9298546796277254,0.56697,0.0015668918887402539,0.06663,0.0007886091750670925,0.93337,0.0007886091750670922,0.93337,0.0007886091750670922,0.93337,0.0007886091750670922,0.93337,0.0007886091750670922,WITHIN,0.013370000000000104
core_S4_d2_M30,core,4,0.5,30,100000,P2,T2,0.5,0.5,0.5,0.500554575603526,0.000768280443325023,0.059025483959569414,0.24295160826709794,0.9284122842804119,0.56803,0.0015664351857003214,0.06703,0.0007908032568218216,0.93297,0.0007908032568218218,0.93297,0.0007908032568218218,0.93297,0.0007908032568218218,0.93297,0.0007908032568218218,WITHIN,0.012970000000000037
core_S4_d2_M30,core,4,0.5,30,100000,P3,T2,0.5,0.5,0.5,0.500554575603526,0.000768280443325023,0.059025483959569414,0.24295160826709794,1.0532567792980292,0.48412,0.001580341183415784,0.0363,0.0005914584516261476,0.9637,0.0005914584516261476,0.9637,0.0005914584516261476,0.9637,0.0005914584516261476,0.9637,0.0005914584516261476,WITHIN,0.01629999999999998
core_S4_d2_M30,core,4,0.5,30,100000,P4,T2,0.5,0.5,0.5,0.5006082844789078,0.0007901447783236308,0.06243287707120998,0.24986571807915142,0.9298546796277254,0.5673,0.0015667504906653133,0.07125,0.0008134705741451254,0.92875,0.0008134705741451256,0.92875,0.0008134705741451256,0.92875,0.0008134705741451256,0.92875,0.0008134705741451256,WITHIN,0.008750000000000036
core_S4_d2_M30,core,4,0.5,30,100000,C1,T_DL,0.5,0.5,0.5,0.5001653012290325,0.0006407884959410468,0.04106098965303889,0.20263511456072686,0.7894361265459057,0.69049,0.0014618945238969875,0.06121,0.0007580457499386169,0.93879,0.0007580457499386167,0.93879,0.0007580457499386167,0.93879,0.0007580457499386167,0.93879,0.0007580457499386167,WITHIN,0.018790000000000084
core_S4_d2_M30,core,4,0.5,30,100000,C2,T_DL,0.5,0.5,0.5,0.5001653012290325,0.0006407884959410468,0.04106098965303889,0.20263511456072686,0.8195345596463881,0.66501,0.0014925538512897951,0.05137,0.0006980768088111794,0.94863,0.0006980768088111797,0.94863,0.0006980768088111797,0.94863,0.0006980768088111797,0.94863,0.0006980768088111797,WITHIN,0.028630000000000044
core_S4_d2_M30,core,4,0.5,30,100000,C3,T3,0.5,0.5,0.5,0.5001461696153857,0.0006418035058416956,0.04119117401106914,0.202956088874094,0.8254995720763639,0.65981,0.001498201468094328,0.04971,0.0006873057245505817,0.95029,0.0006873057245505819,0.95029,0.0006873057245505819,0.95029,0.0006873057245505819,0.95029,0.0006873057245505819,WITHIN,0.029710000000000014
core_S4_d2_M100,core,4,0.5,100,100000,P1,T2,0.5,0.5,0.5,0.4997039635414659,0.0004276502614311517,0.01828847461021324,0.13523488680888981,0.5224995115604892,0.95076,0.0006842179652713011,0.05722,0.0007344785333826987,0.94278,0.000734478533382699,0.94278,0.000734478533382699,0.94278,0.000734478533382699,0.94278,0.000734478533382699,WITHIN,0.022780000000000022
core_S4_d2_M100,core,4,0.5,100,100000,P2,T2,0.5,0.5,0.5,0.4997039635414659,0.0004276502614311517,0.01828847461021324,0.13523488680888981,0.5224335555005267,0.95079,0.0006840202913656874,0.05725,0.000734659359839647,0.94275,0.0007346593598396471,0.94275,0.0007346593598396471,0.94275,0.0007346593598396471,0.94275,0.0007346593598396471,WITHIN,0.022750000000000048
core_S4_d2_M100,core,4,0.5,100,100000,P3,T2,0.5,0.5,0.5,0.4997039635414659,0.0004276502614311517,0.01828847461021324,0.13523488680888981,0.5768741034316779,0.95017,0.0006880913536733334,0.03456,0.000577629694527558,0.96544,0.0005776296945275583,0.96544,0.0005776296945275583,0.96544,0.0005776296945275583,0.96544,0.0005776296945275583,WITHIN,0.014560000000000017
core_S4_d2_M100,core,4,0.5,100,100000,P4,T2,0.5,0.5,0.5,0.4997045109329911,0.0004321193359725756,0.01867271205213797,0.13664813226728703,0.5224995115604892,0.94907,0.0006952419370262414,0.05912,0.0007458205253276421,0.94088,0.0007458205253276418,0.94088,0.0007458205253276418,0.94088,0.0007458205253276418,0.94088,0.0007458205253276418,WITHIN,0.02088000000000012
core_S4_d2_M100,core,4,0.5,100,100000,C1,T_DL,0.5,0.5,0.5,0.49985982710341903,0.0003508718781832889,0.012311107489986872,0.11095543019603354,0.4356943078571609,0.99383,0.0002476273631891276,0.0533,0.000710345760879869,0.9467,0.000710345760879869,0.9467,0.000710345760879869,0.9467,0.000710345760879869,0.9467,0.000710345760879869,WITHIN,0.026700000000000057
core_S4_d2_M100,core,4,0.5,100,100000,C2,T_DL,0.5,0.5,0.5,0.49985982710341903,0.0003508718781832889,0.012311107489986872,0.11095543019603354,0.4387269327293907,0.99376,0.0002490193245513292,0.05075,0.0006940780755793977,0.94925,0.0006940780755793974,0.94925,0.0006940780755793974,0.94925,0.0006940780755793974,0.94925,0.0006940780755793974,WITHIN,0.02925000000000011
core_S4_d2_M100,core,4,0.5,100,100000,C3,T3,0.5,0.5,0.5,0.49994601519274845,0.000351516418483191,0.012356379246324989,0.11115925173517942,0.44130372378943866,0.99356,0.0002529530865595437,0.04983,0.0006880913536733331,0.95017,0.0006880913536733334,0.95017,0.0006880913536733334,0.95017,0.0006880913536733334,0.95017,0.0006880913536733334,WITHIN,0.029830000000000023
core_S4_d2_M300,core,4,0.5,300,100000,P1,T2,0.5,0.5,0.5,0.5002209406536424,0.00024732618325268627,0.006117024092234136,0.07821140640746806,0.30567665590791376,0.9999,3.162119542332152e-05,0.05213,0.0007029399910376419,0.94787,0.000702939991037642,0.94787,0.000702939991037642,0.94787,0.000702939991037642,0.94787,0.000702939991037642,WITHIN,0.02787000000000006
core_S4_d2_M300,core,4,0.5,300,100000,P2,T2,0.5,0.5,0.5,0.5002209406536424,0.00024732618325268627,0.006117024092234136,0.07821140640746806,0.3056724873319417,0.9999,3.162119542332152e-05,0.05213,0.0007029399910376419,0.94787,0.000702939991037642,0.94787,0.000702939991037642,0.94787,0.000702939991037642,0.94787,0.000702939991037642,WITHIN,0.02787000000000006
core_S4_d2_M300,core,4,0.5,300,100000,P3,T2,0.5,0.5,0.5,0.5002209406536424,0.00024732618325268627,0.006117024092234136,0.07821140640746806,0.33474319468726027,0.99991,2.999864996962938e-05,0.03254,0.0005610806394806365,0.96746,0.0005610806394806367,0.96746,0.0005610806394806367,0.96746,0.0005610806394806367,0.96746,0.0005610806394806367,WITHIN,0.012539999999999996
core_S4_d2_M300,core,4,0.5,300,100000,P4,T2,0.5,0.5,0.5,0.5002204881166553,0.00024828289414374354,0.006164439552439338,0.07851394495527109,0.30567665590791376,0.99988,3.463893762805219e-05,0.0529,0.0007078247664500022,0.9471,0.0007078247664500017,0.9471,0.0007078247664500017,0.9471,0.0007078247664500017,0.9471,0.0007078247664500017,WITHIN,0.027100000000000124
core_S4_d2_M300,core,4,0.5,300,100000,C1,T_DL,0.5,0.5,0.5,0.5002535184136258,0.00020233439776067496,0.004093920851717503,0.06398375459222054,0.2521164267252457,1.0,3.162277660168379e-153,0.05064,0.000693365635144979,0.94936,0.000693365635144979,0.94936,0.000693365635144979,0.94936,0.000693365635144979,0.94936,0.000693365635144979,WITHIN,0.029360000000000053
core_S4_d2_M300,core,4,0.5,300,100000,C2,T_DL,0.5,0.5,0.5,0.5002535184136258,0.00020233439776067496,0.004093920851717503,0.06398375459222054,0.2517387987799942,1.0,3.162277660168379e-153,0.05041,0.0006918730512167677,0.94959,0.0006918730512167673,0.94959,0.0006918730512167673,0.94959,0.0006918730512167673,0.94959,0.0006918730512167673,WITHIN,0.029590000000000116
core_S4_d2_M300,core,4,0.5,300,100000,C3,T3,0.5,0.5,0.5,0.5002850333784316,0.00020294354206394633,0.004118608126546075,0.06417638293442593,0.2531109523896074,1.0,3.162277660168379e-153,0.04989,0.0006884837536209551,0.95011,0.000688483753620955,0.95011,0.000688483753620955,0.95011,0.000688483753620955,0.95011,0.000688483753620955,WITHIN,0.029889999999999972
core_S5_d1_M3,core,5,0.0,3,100000,P1,T2,0.08361854460463167,0.0,0.0073860233323441915,0.03295649344169387,0.0022152127817348668,0.4907167668361527,0.7005117892199622,12.903602450352063,0.0104,0.0003208089774304952,0.0104,0.0003208089774304952,0.98956,0.0003214188295666575,0.9896,0.0003208089774304947,0.98959,0.00032096155377241104,0.98956,0.0003214188295666575,OUTSIDE_ABOVE,0.009560000000000013
core_S5_d1_M3,core,5,0.0,3,100000,P2,T2,0.08361854460463167,0.0,0.0073860233323441915,0.03295649344169387,0.0022152127817348668,0.4907167668361527,0.7005117892199622,4.36949675055557,0.07673,0.000841679910060826,0.07673,0.000841679910060826,0.92261,0.0008449898691700391,0.92327,0.0008416799100608257,0.92321,0.0008419815669003688,0.92261,0.0008449898691700391,WITHIN,0.0026100000000001122
core_S5_d1_M3,core,5,0.0,3,100000,P3,T2,0.08361854460463167,0.0,0.0073860233323441915,0.03295649344169387,0.0022152127817348668,0.4907167668361527,0.7005117892199622,16.484669213820283,0.00014,3.741395461589165e-05,0.00014,3.741395461589165e-05,0.99984,3.999679987199588e-05,0.99986,3.7413954615895524e-05,0.99986,3.7413954615895524e-05,0.99984,3.999679987199588e-05,OUTSIDE_ABOVE,0.01983999999999997
core_S5_d1_M3,core,5,0.0,3,100000,P4,T2,0.08361854460463167,0.0,0.0073860233323441915,0.047150353722887464,0.0024182202803035707,0.5847789324071482,0.7647083969770099,12.903602450352063,0.01053,0.00032278660288184203,0.01053,0.00032278660288184203,0.98953,0.00032187542776670574,0.98947,0.00032278660288184263,0.98945,0.00032308973211787385,0.98953,0.00032187542776670574,OUTSIDE_ABOVE,0.009530000000000038
core_S5_d1_M3,core,5,0.0,3,100000,C1,T_DL,0.08361854460463167,0.0,0.0073860233323441915,0.003016855845278001,0.0020518885836238385,0.42102467596058435,0.6488641429148203,2.2638926085369273,0.17615,0.0012046625149808555,0.17615,0.0012046625149808555,0.82165,0.0012105423474624917,0.82385,0.0012046625149808557,0.82392,0.0012044742986049971,0.82392,0.0012044742986049971,OUTSIDE_BELOW,0.09607999999999994
core_S5_d1_M3,core,5,0.0,3,100000,C2,T_DL,0.08361854460463167,0.0,0.0073860233323441915,0.003016855845278001,0.0020518885836238385,0.42102467596058435,0.6488641429148203,4.834330949082673,0.06072,0.000755202499995862,0.06072,0.000755202499995862,0.93834,0.0007606447554542136,0.93928,0.0007552024999958619,0.93929,0.0007551443299131632,0.93929,0.0007551443299131632,WITHIN,0.01929000000000003
core_S5_d1_M3,core,5,0.0,3,100000,C3,T3,0.08361854460463167,0.0,0.0073860233323441915,-0.0019745139161085057,0.002044333898599191,0.4179301088961768,0.6464751417465151,4.9297795721244375,0.04995,0.0006888758777893156,0.04995,0.0006888758777893156,0.94924,0.0006941427979890018,0.95005,0.0006888758777893159,0.95012,0.0006884183727937542,0.95005,0.0006888758777893159,WITHIN,0.029950000000000032
core_S5_d1_M5,core,5,0.0,5,100000,P1,T2,0.08361854460463167,0.0,0.0073860233323441915,0.0515649021525605,0.0017838570815633039,0.31821460874435487,0.5641051397960799,2.8324815427390013,0.06306,0.0007686575076066063,0.06306,0.0007686575076066063,0.93727,0.0007667786323313918,0.93694,0.0007686575076066063,0.93712,0.0007676334125088618,0.93727,0.0007667786323313918,WITHIN,0.01727000000000012
core_S5_d1_M5,core,5,0.0,5,100000,P2,T2,0.08361854460463167,0.0,0.0073860233323441915,0.0515649021525605,0.0017838570815633039,0.31821460874435487,0.5641051397960799,2.4711271646104707,0.0888,0.0008995252080959156,0.0888,0.0008995252080959156,0.91099,0.0009004844246293215,0.9112,0.0008995252080959154,0.91149,0.0008981980845002954,0.91099,0.0009004844246293215,OUTSIDE_BELOW,0.009009999999999962
core_S5_d1_M5,core,5,0.0,5,100000,P3,T2,0.08361854460463167,0.0,0.0073860233323441915,0.0515649021525605,0.0017838570815633039,0.31821460874435487,0.5641051397960799,3.4025133681097697,0.00641,0.0002523670323160297,0.00641,0.0002523670323160297,0.99238,0.00027498973799034684,0.99359,0.00025236703231603025,0.99365,0.000251190714398442,0.99238,0.00027498973799034684,OUTSIDE_ABOVE,0.012380000000000058
core_S5_d1_M5,core,5,0.0,5,100000,P4,T2,0.08361854460463167,0.0,0.0073860233323441915,0.06624201342895485,0.0019243086382226958,0.3702963735138487,0.6085198217920668,2.8324815427390013,0.06986,0.0008060991278992926,0.06986,0.0008060991278992926,0.93092,0.0008019224002358335,0.93014,0.0008060991278992927,0.93048,0.0008042820997635098,0.93092,0.0008019224002358335,WITHIN,0.01092000000000004
core_S5_d1_M5,core,5,0.0,5,100000,C1,T_DL,0.08361854460463167,0.0,0.0073860233323441915,0.006190529626889043,0.0015881970890226974,0.25223699935801697,0.5022320174560927,1.833269335011922,0.12822,0.001057258868962564,0.12822,0.001057258868962564,0.87013,0.0010630323753301216,0.87178,0.001057258868962564,0.87206,0.0010562734324028038,0.87206,0.0010562734324028038,OUTSIDE_BELOW,0.04793999999999998
core_S5_d1_M5,core,5,0.0,5,100000,C2,T_DL,0.08361854460463167,0.0,0.0073860233323441915,0.006190529626889043,0.0015881970890226974,0.25223699935801697,0.5022320174560927,2.570215491635141,0.05902,0.000745229089609363,0.05902,0.000745229089609363,0.94007,0.0007505890693315486,0.94098,0.0007452290896093628,0.94095,0.0007454065836843678,0.94095,0.0007454065836843678,WITHIN,0.020950000000000024
core_S5_d1_M5,core,5,0.0,5,100000,C3,T3,0.08361854460463167,0.0,0.0073860233323441915,-0.00011128950458337347,0.00158395517613373,0.25089140000008364,0.5008906068195765,2.611356713497005,0.05071,0.0006938191111521792,0.05071,0.0006938191111521792,0.94827,0.000700385658762371,0.94929,0.0006938191111521794,0.94933,0.0006935600269623387,0.94929,0.0006938191111521794,WITHIN,0.029290000000000038
core_S5_d1_M10,core,5,0.0,10,1000000,P1,T2,0.08361854460463167,0.0,0.0073860233323441915,0.06337307610811271,0.00041694129815113376,0.17384004610395265,0.4169412981511338,1.639794140636625,0.080997,0.0002728305078084194,0.080997,0.0002728305078084194,0.919244,0.00027246003094766037,0.919003,0.0002728305078084194,0.919513,0.00027204566313580517,0.919244,0.00027246003094766037,BOUNDARY_BELOW,0.0007559999999999789
core_S5_d1_M10,core,5,0.0,10,1000000,P2,T2,0.08361854460463167,0.0,0.0073860233323441915,0.06337307610811271,0.00041694129815113376,0.17384004610395265,0.4169412981511338,1.6086146612340078,0.08584,0.0002801276394788633,0.08584,0.0002801276394788633,0.914387,0.0002797917336716724,0.91416,0.00028012763947886333,0.914603,0.000279471559180894,0.914387,0.0002797917336716724,OUTSIDE_BELOW,0.005612999999999979
core_S5_d1_M10,core,5,0.0,10,1000000,P3,T2,0.08361854460463167,0.0,0.0073860233323441915,0.06337307610811271,0.00041694129815113376,0.17384004610395265,0.4169412981511338,1.847288390816338,0.017513,0.00013117276710887822,0.017513,0.00013117276710887822,0.977557,0.00014811924841491732,0.982487,0.00013117276710887822,0.982455,0.00013129041463488502,0.977557,0.00014811924841491732,WITHIN,0.002442999999999973
core_S5_d1_M10,core,5,0.0,10,1000000,P4,T2,0.08361854460463167,0.0,0.0073860233323441915,0.07480248524456821,0.0004428260414141219,0.19609490295450163,0.4428260414141219,1.639794140636625,0.090997,0.000287604843476253,0.090997,0.000287604843476253,0.910457,0.0002855259202787026,0.909003,0.000287604843476253,0.909549,0.00028682680592824646,0.910457,0.0002855259202787026,OUTSIDE_BELOW,0.009542999999999968
core_S5_d1_M10,core,5,0.0,10,1000000,C1,T_DL,0.08361854460463167,0.0,0.0073860233323441915,0.006783947119695914,0.0003541972153876547,0.12545566738836866,0.3541972153876547,1.3454538391299238,0.08694,0.00028174711427093624,0.08694,0.00028174711427093624,0.907418,0.0002898457749838697,0.91306,0.00028174711427093624,0.913322,0.00028136262068014656,0.913322,0.00028136262068014656,OUTSIDE_BELOW,0.006677999999999962
core_S5_d1_M10,core,5,0.0,10,1000000,C2,T_DL,0.08361854460463167,0.0,0.0073860233323441915,0.006783947119695914,0.0003541972153876547,0.12545566738836866,0.3541972153876547,1.5403225241475025,0.053863,0.0002257471533176,0.053863,0.0002257471533176,0.942015,0.0002337150824722272,0.946137,0.00022574715331759998,0.946246,0.00022553161083094312,0.946246,0.00022553161083094312,WITHIN,0.026246000000000103
core_S5_d1_M10,core,5,0.0,10,1000000,C3,T3,0.08361854460463167,0.0,0.0073860233323441915,-0.00013464689657506274,0.0003538409720039458,0.12520343346869717,0.3538409720039458,1.5569704025677773,0.049774,0.00021747769753241366,0.049774,0.00021747769753241366,0.945344,0.00022730754862960455,0.950226,0.00021747769753241363,0.950244,0.0002174404296905247,0.950226,0.00021747769753241363,WITHIN,0.029773999999999967
core_S5_d1_M30,core,5,0.0,30,100000,P1,T2,0.08361854460463167,0.0,0.0073860233323441915,0.07525882454662143,0.0007946163475893628,0.06314151398562592,0.2512797524386434,0.9486099518057721,0.07449,0.0008303086167203133,0.07449,0.0008303086167203133,0.9303,0.0008052447454035325,0.92551,0.0008303086167203129,0.92727,0.0008212207200259864,0.9303,0.0008052447454035325,WITHIN,0.010300000000000087
core_S5_d1_M30,core,5,0.0,30,100000,P2,T2,0.08361854460463167,0.0,0.0073860233323441915,0.07525882454662143,0.0007946163475893628,0.06314151398562592,0.2512797524386434,0.9471384631840795,0.07496,0.000832712425750931,0.07496,0.000832712425750931,0.92988,0.0008074848952147648,0.92504,0.0008327124257509312,0.927,0.0008226238508577293,0.92988,0.0008074848952147648,WITHIN,0.009880000000000111
core_S5_d1_M30,core,5,0.0,30,100000,P3,T2,0.08361854460463167,0.0,0.0073860233323441915,0.07525882454662143,0.0007946163475893628,0.06314151398562592,0.2512797524386434,1.0050509732691038,0.03544,0.0005846709023031675,0.03544,0.0005846709023031675,0.95967,0.0006221212992656655,0.96456,0.0005846709023031676,0.96525,0.00057915833327338,0.95967,0.0006221212992656655,WITHIN,0.02032999999999996
core_S5_d1_M30,core,5,0.0,30,100000,P4,T2,0.08361854460463167,0.0,0.0073860233323441915,0.08136827966064814,0.0008229594804535535,0.06772623064683828,0.26024263802620484,0.9486099518057721,0.08153,0.0008653488261966963,0.08153,0.0008653488261966963,0.9254,0.0008308720719822035,0.91847,0.0008653488261966962,0.92049,0.0008555007884274566,0.9254,0.0008308720719822035,WITHIN,0.005400000000000071
core_S5_d1_M30,core,5,0.0,30,100000,C1,T_DL,0.08361854460463167,0.0,0.0073860233323441915,0.006566252989074315,0.0006446076718491825,0.041551905060682334,0.20384284402618194,0.7963380304537762,0.06098,0.0007567128887497555,0.06098,0.0007567128887497555,0.92298,0.0008431365227529879,0.93902,0.0007567128887497559,0.93909,0.0007563066302763716,0.93909,0.0007563066302763716,WITHIN,0.01909000000000005
core_S5_d1_M30,core,5,0.0,30,100000,C2,T_DL,0.08361854460463167,0.0,0.0073860233323441915,0.006566252989074315,0.0006446076718491825,0.041551905060682334,0.20384284402618194,0.8228432815555318,0.05161,0.0006996170945595884,0.05161,0.0006996170945595884,0.93344,0.0007882243741473614,0.94839,0.0006996170945595886,0.94844,0.0006992965493980365,0.94844,0.0006992965493980365,WITHIN,0.02844000000000002
core_S5_d1_M30,core,5,0.0,30,100000,C3,T3,0.08361854460463167,0.0,0.0073860233323441915,-0.0007188857907894693,0.0006452219127712559,0.041631131672019824,0.20403708406076534,0.8284929308332414,0.04974,0.0006875022356327287,0.04974,0.0006875022356327287,0.9323,0.0007944602570298905,0.95026,0.0006875022356327287,0.95034,0.0006869780520511557,0.95026,0.0006875022356327287,WITHIN,0.02973999999999999
core_S5_d1_M100,core,5,0.0,100,100000,P1,T2,0.08361854460463167,0.0,0.0073860233323441915,0.08076671513109297,0.0004469702335358586,0.01997823896671,0.14134439842706892,0.539177782631931,0.08932,0.0009018976527300645,0.08932,0.0009018976527300645,0.94215,0.0007382640279737322,0.91068,0.0009018976527300644,0.91763,0.0008693973953262113,0.94215,0.0007382640279737322,WITHIN,0.022150000000000114
core_S5_d1_M100,core,5,0.0,100,100000,P2,T2,0.08361854460463167,0.0,0.0073860233323441915,0.08076671513109297,0.0004469702335358586,0.01997823896671,0.14134439842706892,0.5391097212435948,0.08938,0.000902170802010351,0.08938,0.000902170802010351,0.94212,0.0007384436715146257,0.91062,0.0009021708020103511,0.91756,0.0008697335592007472,0.94212,0.0007384436715146257,WITHIN,0.02212000000000003
core_S5_d1_M100,core,5,0.0,100,100000,P3,T2,0.08361854460463167,0.0,0.0073860233323441915,0.08076671513109297,0.0004469702335358586,0.01997823896671,0.14134439842706892,0.5547843923537001,0.06559,0.0007828662203722932,0.06559,0.0007828662203722932,0.95409,0.000661832848232845,0.93441,0.0007828662203722934,0.94043,0.0007484745493335095,0.95409,0.000661832848232845,WITHIN,0.02590999999999999
core_S5_d1_M100,core,5,0.0,100,100000,P4,T2,0.08361854460463167,0.0,0.0073860233323441915,0.0830816347916106,0.0004539192594099274,0.020604269406325704,0.1435418733552189,0.5391777826319307,0.0935,0.0009206397232359681,0.0935,0.0009206397232359681,0.9404,0.0007486510535623388,0.9065,0.0009206397232359682,0.91348,0.0008890123148753341,0.9404,0.0007486510535623388,WITHIN,0.020400000000000085
core_S5_d1_M100,core,5,0.0,100,100000,C1,T_DL,0.08361854460463167,0.0,0.0073860233323441915,0.007048446731887757,0.0003541667902660003,0.012543411532732108,0.11199737288317127,0.44045679689362355,0.05275,0.0007068764920408657,0.05275,0.0007068764920408657,0.89346,0.0009756496727821928,0.94725,0.0007068764920408654,0.94749,0.0007053559378072886,0.94749,0.0007053559378072886,WITHIN,0.027490000000000125
core_S5_d1_M100,core,5,0.0,100,100000,C2,T_DL,0.08361854460463167,0.0,0.0073860233323441915,0.007048446731887757,0.0003541667902660003,0.012543411532732108,0.11199737288317127,0.4407034182276901,0.05151,0.0006989758214702423,0.05151,0.0006989758214702423,0.89523,0.0009684691378665612,0.94849,0.0006989758214702419,0.94838,0.0006996811816820573,0.94838,0.0006996811816820573,WITHIN,0.028380000000000072
core_S5_d1_M100,core,5,0.0,100,100000,C3,T3,0.08361854460463167,0.0,0.0073860233323441915,-0.0003276828712482306,0.0003549110723026569,0.012596186924302175,0.11223273552890964,0.4430423990412835,0.05083,0.0006945956456817161,0.05083,0.0006945956456817161,0.88504,0.001008683292218127,0.94917,0.0006945956456817163,0.94845,0.0006992324184418225,0.94917,0.0006945956456817163,WITHIN,0.02917000000000003
core_S5_d1_M300,core,5,0.0,300,100000,P1,T2,0.08361854460463167,0.0,0.0073860233323441915,0.08315986819064702,0.0002605494132804383,0.006788599676078067,0.08239295889867086,0.31845908432422143,0.16623,0.0011772747644454118,0.16623,0.0011772747644454118,0.94635,0.0007125424724183112,0.83377,0.0011772747644454118,0.85526,0.0011126110389529666,0.94635,0.0007125424724183112,WITHIN,0.026350000000000096
core_S5_d1_M300,core,5,0.0,300,100000,P2,T2,0.08361854460463167,0.0,0.0073860233323441915,0.08315986819064702,0.0002605494132804383,0.006788599676078067,0.08239295889867086,0.3184547414316212,0.16623,0.0011772747644454118,0.16623,0.0011772747644454118,0.94635,0.0007125424724183112,0.83377,0.0011772747644454118,0.85523,0.001112706821674065,0.94635,0.0007125424724183112,WITHIN,0.026350000000000096
core_S5_d1_M300,core,5,0.0,300,100000,P3,T2,0.08361854460463167,0.0,0.0073860233323441915,0.08315986819064702,0.0002605494132804383,0.006788599676078067,0.08239295889867086,0.3244404432488775,0.14908,0.0011262999316345535,0.14908,0.0011262999316345535,0.95258,0.0006720962996476027,0.85092,0.0011262999316345535,0.87275,0.001053837926343515,0.95258,0.0006720962996476027,WITHIN,0.02742
core_S5_d1_M300,core,5,0.0,300,100000,P4,T2,0.08361854460463167,0.0,0.0073860233323441915,0.0840038234146156,0.0002621339296536473,0.006871419707566333,0.08289402697158785,0.31845908432422143,0.16934,0.0011860183995200074,0.16934,0.0011860183995200074,0.94562,0.0007170970338803528,0.83066,0.0011860183995200076,0.85187,0.0011233321107312832,0.94562,0.0007170970338803528,WITHIN,0.025620000000000087
core_S5_d1_M300,core,5,0.0,300,100000,C1,T_DL,0.08361854460463167,0.0,0.0073860233323441915,0.007728149455877483,0.0002032906326124153,0.0041327081307956015,0.06428614260317383,0.2552457008284816,0.05013,0.0006900506003185564,0.05013,0.0006900506003185564,0.7884,0.001291609228830454,0.94987,0.0006900506003185564,0.9519,0.0006766564120733655,0.9519,0.0006766564120733655,WITHIN,0.028100000000000014
core_S5_d1_M300,core,5,0.0,300,100000,C2,T_DL,0.08361854460463167,0.0,0.0073860233323441915,0.007728149455877483,0.0002032906326124153,0.0041327081307956015,0.06428614260317383,0.2530362077061234,0.05133,0.0006978196837292568,0.05133,0.0006978196837292568,0.78411,0.001301082272187274,0.94867,0.0006978196837292567,0.95011,0.000688483753620955,0.95011,0.000688483753620955,WITHIN,0.029889999999999972
core_S5_d1_M300,core,5,0.0,300,100000,C3,T3,0.08361854460463167,0.0,0.0073860233323441915,0.00034495805631577786,0.0002035857027223266,0.004144713835294355,0.06437945196484943,0.25426346064582167,0.04946,0.0006856654315334849,0.04946,0.0006856654315334849,0.75193,0.001365764529851321,0.95054,0.0006856654315334845,0.94953,0.00069226280486532,0.95054,0.0006856654315334845,WITHIN,0.02945999999999993
core_S5_d2_M3,core,5,0.5,3,100000,P1,T2,0.5836185446046317,0.5,0.5073860233323442,0.5389452476067412,0.0022249571018796025,0.49504341052044804,0.7035932138106848,12.900969802369652,0.01665,0.00040463288917239537,0.01013,0.00031666043485096147,0.98954,0.0003217233034767613,0.98987,0.00031666043485096103,0.98981,0.00031758721479303967,0.98954,0.0003217233034767613,OUTSIDE_ABOVE,0.009539999999999993
core_S5_d2_M3,core,5,0.5,3,100000,P2,T2,0.5836185446046317,0.5,0.5073860233323442,0.5389452476067412,0.0022249571018796025,0.49504341052044804,0.7035932138106848,4.368605267200534,0.12007,0.00102787740076334,0.0775,0.0008455397684319762,0.92159,0.0008500698318373613,0.9225,0.0008455397684319763,0.92258,0.0008451398913789363,0.92159,0.0008500698318373613,WITHIN,0.0015900000000000913
core_S5_d2_M3,core,5,0.5,3,100000,P3,T2,0.5836185446046317,0.5,0.5073860233323442,0.5389452476067412,0.0022249571018796025,0.49504341052044804,0.7035932138106848,17.84863196317643,0.00022,4.689899785709712e-05,0.00084,9.161301217621872e-05,0.99896,0.00010192734667399328,0.99916,9.161301217621611e-05,0.99913,9.32332076033018e-05,0.99896,0.00010192734667399328,OUTSIDE_ABOVE,0.018959999999999977
core_S5_d2_M3,core,5,0.5,3,100000,P4,T2,0.5836185446046317,0.5,0.5073860233323442,0.5539516315002914,0.0024300316033900302,0.5905053593474321,0.768443465290344,12.900969802369648,0.01689,0.0004074889924893677,0.01037,0.00032035079366219776,0.98956,0.0003214188295666575,0.98963,0.0003203507936621976,0.98968,0.000319585631717072,0.98956,0.0003214188295666575,OUTSIDE_ABOVE,0.009560000000000013
core_S5_d2_M3,core,5,0.5,3,100000,C1,T_DL,0.5836185446046317,0.5,0.5073860233323442,0.5078019991523836,0.002057110725682596,0.4231704537718377,0.6505155292318837,2.263259187416975,0.26327,0.001392691304991885,0.17746,0.001208171959615021,0.82072,0.0012130073437535323,0.82254,0.001208171959615021,0.82275,0.0012076110197410425,0.82275,0.0012076110197410425,OUTSIDE_BELOW,0.09724999999999995
core_S5_d2_M3,core,5,0.5,3,100000,C2,T_DL,0.5836185446046317,0.5,0.5073860233323442,0.5078019991523836,0.002057110725682596,0.4231704537718377,0.6505155292318837,4.8291744792998585,0.0913,0.0009108474625314603,0.06148,0.0007596065402562039,0.93763,0.0007647220612745524,0.93852,0.0007596065402562038,0.93862,0.0007590289559694018,0.93862,0.0007590289559694018,WITHIN,0.01862000000000008
core_S5_d2_M3,core,5,0.5,3,100000,C3,T3,0.5836185446046317,0.5,0.5073860233323442,0.5024615207746791,0.0020495624109145454,0.4200706076233844,0.6481285425155912,4.923743375323854,0.07757,0.000845889443721814,0.05136,0.0006980125385693298,0.94792,0.0007026213318708735,0.94864,0.0006980125385693295,0.94872,0.0006974981118254012,0.94864,0.0006980125385693295,WITHIN,0.02864000000000011
core_S5_d2_M5,core,5,0.5,5,100000,P1,T2,0.5836185446046317,0.5,0.5073860233323442,0.5481749280029098,0.0017907766000532233,0.32068808312981817,0.5662932836700593,2.836960442540045,0.144,0.0011102432165971561,0.06327,0.0007698500314996422,0.93687,0.0007690552847487625,0.93673,0.0007698500314996424,0.93678,0.0007695663168304604,0.93687,0.0007690552847487625,WITHIN,0.01687000000000005
core_S5_d2_M5,core,5,0.5,5,100000,P2,T2,0.5836185446046317,0.5,0.5073860233323442,0.5481749280029098,0.0017907766000532233,0.32068808312981817,0.5662932836700593,2.475034667907111,0.19043,0.001241637689102582,0.0887,0.0008990679062228837,0.91111,0.0008999364860922132,0.9113,0.0008990679062228837,0.91159,0.0008977397835675993,0.91111,0.0008999364860922132,OUTSIDE_BELOW,0.008889999999999953
core_S5_d2_M5,core,5,0.5,5,100000,P3,T2,0.5836185446046317,0.5,0.5073860233323442,0.5481749280029098,0.0017907766000532233,0.32068808312981817,0.5662932836700593,3.73186748935393,0.01429,0.0003753104834666892,0.01624,0.00039970316986483856,0.9768,0.00047604369547343025,0.98376,0.00039970316986483894,0.98321,0.0004063015616509488,0.9768,0.00047604369547343025,WITHIN,0.0031999999999999806
core_S5_d2_M5,core,5,0.5,5,100000,P4,T2,0.5836185446046317,0.5,0.5073860233323442,0.562354807113295,0.0019328997415346998,0.3736101410824909,0.6112365672000416,2.836960442540045,0.15455,0.001143084850306398,0.07011,0.0008074316559313241,0.93066,0.0008033178972237576,0.92989,0.0008074316559313241,0.93014,0.0008060991278992927,0.93066,0.0008033178972237576,WITHIN,0.010660000000000114
core_S5_d2_M5,core,5,0.5,5,100000,C1,T_DL,0.5836185446046317,0.5,0.5073860233323442,0.5043631487421742,0.0015926070313033876,0.25363971561569904,0.5036265636517786,1.83368192518821,0.26332,0.0013927762835430535,0.12785,0.001055956331956961,0.86895,0.00106712650374733,0.87215,0.0010559563319569613,0.8722,0.001055780090738597,0.8722,0.001055780090738597,OUTSIDE_BELOW,0.047799999999999954
core_S5_d2_M5,core,5,0.5,5,100000,C2,T_DL,0.5836185446046317,0.5,0.5073860233323442,0.5043631487421742,0.0015926070313033876,0.25363971561569904,0.5036265636517786,2.5692321558529017,0.13609,0.0010842947565122686,0.05817,0.0007401773510450045,0.9404,0.0007486510535623388,0.94183,0.000740177351045005,0.94187,0.0007399385319065362,0.94187,0.0007399385319065362,WITHIN,0.021870000000000056
core_S5_d2_M5,core,5,0.5,5,100000,C3,T3,0.5836185446046317,0.5,0.5073860233323442,0.49817876774413605,0.0015885397679654676,0.25234585944077825,0.502340382052626,2.6109589575083185,0.1243,0.0010433096855680004,0.04977,0.0006876986774743718,0.9482,0.0007008335037653377,0.95023,0.0006876986774743717,0.95002,0.0006890718366034126,0.95023,0.0006876986774743717,WITHIN,0.029769999999999963
core_S5_d2_M10,core,5,0.5,10,1000000,P1,T2,0.5836185446046317,0.5,0.5073860233323442,0.563474941317986,0.00041621921688202846,0.17323843650188903,0.41621921688202845,1.6396023093031133,0.301321,0.0004588318373423972,0.080979,0.0002728028620799276,0.919213,0.00027250772581892066,0.919021,0.0002728028620799277,0.919542,0.00027200093793220645,0.919213,0.00027250772581892066,BOUNDARY_BELOW,0.0007869999999999822
core_S5_d2_M10,core,5,0.5,10,1000000,P2,T2,0.5836185446046317,0.5,0.5073860233323442,0.563474941317986,0.00041621921688202846,0.17323843650188903,0.41621921688202845,1.6084264774321966,0.312403,0.0004634731551999533,0.085686,0.00027989982030004947,0.914414,0.00027975174102049845,0.914314,0.0002798998203000496,0.914762,0.00027923553383478976,0.914414,0.00027975174102049845,OUTSIDE_BELOW,0.00558599999999998
core_S5_d2_M10,core,5,0.5,10,1000000,P3,T2,0.5836185446046317,0.5,0.5073860233323442,0.563474941317986,0.00041621921688202846,0.17323843650188903,0.41621921688202845,2.0578833158649337,0.097079,0.0002960653099554218,0.027777,0.00016433331455003274,0.956916,0.00020304622366348017,0.972223,0.00016433331455003287,0.971142,0.0001674073350722723,0.956916,0.00020304622366348017,WITHIN,0.023083999999999993
core_S5_d2_M10,core,5,0.5,10,1000000,P4,T2,0.5836185446046317,0.5,0.5073860233323442,0.5748547556335101,0.00044196890841616493,0.19533651600657637,0.44196890841616493,1.6396023093031133,0.316117,0.0004649591834892607,0.090534,0.0002869452819685314,0.910459,0.00028552304516273286,0.909466,0.0002869452819685314,0.910054,0.0002861043814484497,0.910459,0.00028552304516273286,OUTSIDE_BELOW,0.00954099999999991
core_S5_d2_M10,core,5,0.5,10,1000000,C1,T_DL,0.5836185446046317,0.5,0.5073860233323442,0.5070974869363858,0.0003540163878682222,0.12532760287926353,0.3540163878682222,1.3455340918886807,0.341818,0.00047431893792679205,0.087136,0.00028203424881386303,0.907179,0.00029018142938341183,0.912864,0.00028203424881386303,0.913027,0.00028179548837942733,0.913027,0.00028179548837942733,OUTSIDE_BELOW,0.006972999999999896
core_S5_d2_M10,core,5,0.5,10,1000000,C2,T_DL,0.5836185446046317,0.5,0.5073860233323442,0.5070974869363858,0.0003540163878682222,0.12532760287926353,0.3540163878682222,1.540572523679936,0.258493,0.000437806314425683,0.053983,0.00022598414924724256,0.941724,0.00023426461069482943,0.946017,0.00022598414924724256,0.946021,0.00022597625441404237,0.946021,0.00022597625441404237,WITHIN,0.026021000000000072
core_S5_d2_M10,core,5,0.5,10,1000000,C3,T3,0.5836185446046317,0.5,0.5073860233323442,0.5001955207687974,0.0003538151657844587,0.12518517153908398,0.3538151657844587,1.5573189049272385,0.246164,0.0004307752141244897,0.049832,0.0002175977292528578,0.945119,0.0002277478338843203,0.950168,0.00021759772925285776,0.950108,0.00021772181410230817,0.950168,0.00021759772925285776,WITHIN,0.02983199999999997
core_S5_d2_M30,core,5,0.5,30,100000,P1,T2,0.5836185446046317,0.5,0.5073860233323442,0.576183353244696,0.0007987759324823776,0.06380429903130919,0.25259512867691886,0.9500854850694732,0.66265,0.001495142058468024,0.07503,0.0008330696195396876,0.92935,0.000810299805627522,0.92497,0.0008330696195396879,0.92659,0.0008247482761424845,0.92935,0.000810299805627522,WITHIN,0.00935000000000008
core_S5_d2_M30,core,5,0.5,30,100000,P2,T2,0.5836185446046317,0.5,0.5073860233323442,0.576183353244696,0.0007987759324823776,0.06380429903130919,0.25259512867691886,0.9486117075930153,0.66367,0.0014940285509320095,0.0754,0.0008349541304766388,0.92895,0.0008124155186848658,0.9246,0.0008349541304766389,0.92615,0.0008270198153611556,0.92895,0.0008124155186848658,WITHIN,0.008950000000000125
core_S5_d2_M30,core,5,0.5,30,100000,P3,T2,0.5836185446046317,0.5,0.5073860233323442,0.576183353244696,0.0007987759324823776,0.06380429903130919,0.25259512867691886,1.1459333545620973,0.53655,0.0015769086768104234,0.02372,0.0004812209637993757,0.95618,0.0006473006071370548,0.97628,0.00048122096379937525,0.97503,0.0004934217171953424,0.95618,0.0006473006071370548,WITHIN,0.023819999999999952
core_S5_d2_M30,core,5,0.5,30,100000,P4,T2,0.5836185446046317,0.5,0.5073860233323442,0.5823768415400182,0.0008276023521277062,0.06849256532473119,0.261710842963625,0.9500854850694733,0.66934,0.0014876960858992672,0.08212,0.0008681952867874831,0.92441,0.0008359195649104048,0.91788,0.0008681952867874829,0.91969,0.0008594201760489451,0.92441,0.0008359195649104048,WITHIN,0.004410000000000025
core_S5_d2_M30,core,5,0.5,30,100000,C1,T_DL,0.5836185446046317,0.5,0.5073860233323442,0.5072374221843281,0.0006456341677003799,0.04168434785021624,0.20416745051603166,0.7967042186711388,0.69442,0.0014567115829840853,0.06057,0.0007543293385518026,0.92288,0.0008436379887131682,0.93943,0.0007543293385518027,0.93991,0.0007515263927501147,0.93991,0.0007515263927501147,WITHIN,0.019910000000000094
core_S5_d2_M30,core,5,0.5,30,100000,C2,T_DL,0.5836185446046317,0.5,0.5073860233323442,0.5072374221843281,0.0006456341677003799,0.04168434785021624,0.20416745051603166,0.8229702588752027,0.67406,0.0014822385651439515,0.05147,0.000698719107367188,0.93401,0.0007850816511675711,0.94853,0.000698719107367188,0.94877,0.0006971763557379151,0.94877,0.0006971763557379151,WITHIN,0.028770000000000073
core_S5_d2_M30,core,5,0.5,30,100000,C3,T3,0.5836185446046317,0.5,0.5073860233323442,0.4999739730443437,0.00064622898655578,0.04176119030649106,0.20435554875385953,0.828570134399941,0.65605,0.0015021597701309938,0.04928,0.0006844814212233959,0.93207,0.00079571046932914,0.95072,0.0006844814212233959,0.95018,0.0006880259268370631,0.95072,0.0006844814212233959,WITHIN,0.029279999999999973
core_S5_d2_M100,core,5,0.5,100,100000,P1,T2,0.5836185446046317,0.5,0.5073860233323442,0.5812216813525454,0.0004483456527179242,0.020101382431106152,0.14177934416235022,0.5395243632409534,0.98799,0.00034446712324980977,0.09016,0.0009057106292850934,0.94144,0.0007425006828279685,0.90984,0.0009057106292850935,0.91658,0.0008744204000365043,0.94144,0.0007425006828279685,WITHIN,0.021440000000000126
core_S5_d2_M100,core,5,0.5,100,100000,P2,T2,0.5836185446046317,0.5,0.5073860233323442,0.5812216813525454,0.0004483456527179242,0.020101382431106152,0.14177934416235022,0.5394562581031194,0.988,0.0003443254274665176,0.09022,0.000905982072670315,0.94143,0.0007425601329185402,0.90978,0.0009059820726703149,0.91655,0.0008745633053130003,0.94143,0.0007425601329185402,WITHIN,0.02143000000000006
core_S5_d2_M100,core,5,0.5,100,100000,P3,T2,0.5836185446046317,0.5,0.5073860233323442,0.5812216813525454,0.0004483456527179242,0.020101382431106152,0.14177934416235022,0.6389293504919837,0.98346,0.0004033166051627431,0.02411,0.0004850639947470849,0.96594,0.0005735844872379306,0.97589,0.00048506399474708455,0.97735,0.00047049949521758204,0.96594,0.0005735844872379306,WITHIN,0.014059999999999961
core_S5_d2_M100,core,5,0.5,100,100000,P4,T2,0.5836185446046317,0.5,0.5073860233323442,0.5835491812744716,0.00045523851082499147,0.020724210173815594,0.14395905728301917,0.5395243632409534,0.98819,0.00034162148498008714,0.09426,0.000923986214182874,0.93968,0.0007528711549793898,0.90574,0.0009239862141828741,0.91263,0.0008929528716567296,0.93968,0.0007528711549793898,WITHIN,0.01968000000000003
core_S5_d2_M100,core,5,0.5,100,100000,C1,T_DL,0.5836185446046317,0.5,0.5073860233323442,0.5076561232031085,0.0003533090297583609,0.012482727050879439,0.111726125194063,0.4405051499035162,0.99424,0.00023930780179509374,0.05251,0.0007053559378072889,0.89374,0.000974519432335754,0.94749,0.0007053559378072886,0.94784,0.0007031311001513159,0.94784,0.0007031311001513159,WITHIN,0.027840000000000087
core_S5_d2_M100,core,5,0.5,100,100000,C2,T_DL,0.5836185446046317,0.5,0.5073860233323442,0.5076561232031085,0.0003533090297583609,0.012482727050879439,0.111726125194063,0.44072497034335645,0.99456,0.0002326028030785528,0.05217,0.0007031947888032163,0.8948,0.0009702214180278642,0.94783,0.0007031947888032166,0.94811,0.0007014087816672956,0.94811,0.0007014087816672956,WITHIN,0.02811000000000008
core_S5_d2_M100,core,5,0.5,100,100000,C3,T3,0.5836185446046317,0.5,0.5073860233323442,0.5002930954549707,0.000353789449952747,0.012516697489786732,0.11187804739888309,0.4430624825872604,0.99321,0.00025969012110590506,0.05089,0.0006949835098763135,0.88577,0.001005890188340656,0.94911,0.0006949835098763134,0.94889,0.0006964033881307585,0.94911,0.0006949835098763134,WITHIN,0.02911000000000008
core_S5_d2_M300,core,5,0.5,300,100000,P1,T2,0.5836185446046317,0.5,0.5073860233323442,0.5829985651730648,0.0002619048841636174,0.006859416834875787,0.08282159642795946,0.3185674393545454,1.0,3.162277660168379e-153,0.16811,0.0011825778109705932,0.94558,0.000717345548532923,0.83189,0.0011825778109705932,0.85452,0.0011149689215399685,0.94558,0.000717345548532923,WITHIN,0.025580000000000047
core_S5_d2_M300,core,5,0.5,300,100000,P2,T2,0.5836185446046317,0.5,0.5073860233323442,0.5829985651730648,0.0002619048841636174,0.006859416834875787,0.08282159642795946,0.3185630949842852,1.0,3.162277660168379e-153,0.16811,0.0011825778109705932,0.94557,0.0007174076602601898,0.83189,0.0011825778109705932,0.85452,0.0011149689215399685,0.94557,0.0007174076602601898,WITHIN,0.025570000000000093
core_S5_d2_M300,core,5,0.5,300,100000,P3,T2,0.5836185446046317,0.5,0.5073860233323442,0.5829985651730648,0.0002619048841636174,0.006859416834875787,0.08282159642795946,0.37526331520922956,0.99992,2.8283139853978198e-05,0.06813,0.000796795476267279,0.97241,0.0005179651716090572,0.93187,0.0007967954762672792,0.9443,0.0007252414080842322,0.97241,0.0005179651716090572,WITHIN,0.007589999999999986
core_S5_d2_M300,core,5,0.5,300,100000,P4,T2,0.5836185446046317,0.5,0.5073860233323442,0.5838445054538135,0.00026351628882177004,0.006944083447439853,0.08333116732315618,0.3185674393545454,1.0,3.162277660168379e-153,0.17194,0.001193216813491999,0.9449,0.0007215538094972546,0.82806,0.001193216813491999,0.85126,0.0011252395851550905,0.9449,0.0007215538094972546,WITHIN,0.024900000000000033
core_S5_d2_M300,core,5,0.5,300,100000,C1,T_DL,0.5836185446046317,0.5,0.5073860233323442,0.5075430602141157,0.00020400876915906908,0.004161957789379833,0.0645132373190172,0.2551235049885023,1.0,3.162277660168379e-153,0.0517,0.000700193616080581,0.78681,0.0012951448718193652,0.9483,0.0007001936160805808,0.95082,0.0006838225471567898,0.95082,0.0006838225471567898,WITHIN,0.029179999999999984
core_S5_d2_M300,core,5,0.5,300,100000,C2,T_DL,0.5836185446046317,0.5,0.5073860233323442,0.5075430602141157,0.00020400876915906908,0.004161957789379833,0.0645132373190172,0.25291732457939,1.0,3.162277660168379e-153,0.05335,0.0007106600980778363,0.78217,0.0013052972500545612,0.94665,0.0007106600980778364,0.94943,0.0006929117916445065,0.94943,0.0006929117916445065,WITHIN,0.029430000000000067
core_S5_d2_M300,core,5,0.5,300,100000,C3,T3,0.5836185446046317,0.5,0.5073860233323442,0.5001642858494864,0.00020443034964317953,0.004179176785523264,0.06464655277370375,0.25415585064558505,1.0,3.162277660168379e-153,0.05041,0.0006918730512167677,0.7496,0.0013700359119380775,0.94959,0.0006918730512167673,0.94933,0.0006935600269623387,0.94959,0.0006918730512167673,WITHIN,0.029590000000000116
D1_S1_d1_M3,D1,1,0.0,3,20000,P1,T2,0.0,0.0,0.0,0.0015318001755797806,0.0017848624433664947,0.06371467883480428,0.2524176674379277,5.204982242314195,0.0079,0.0006260027955209146,0.0079,0.0006260027955209146,0.9921,0.0006260027955209153,0.9921,0.0006260027955209153,0.9921,0.0006260027955209153,0.9921,0.0006260027955209153,OUTSIDE_ABOVE,0.0121
D1_S1_d1_M3,D1,1,0.0,3,20000,P2,T2,0.0,0.0,0.0,0.0015318001755797806,0.0017848624433664947,0.06371467883480428,0.2524176674379277,1.7625429086178024,0.0587,0.0016621418411194636,0.0587,0.0016621418411194636,0.9413,0.0016621418411194632,0.9413,0.0016621418411194632,0.9413,0.0016621418411194632,0.9413,0.0016621418411194632,WITHIN,0.021300000000000097
D1_S1_d1_M3,D1,1,0.0,3,20000,P3,T2,0.0,0.0,0.0,0.0015318001755797806,0.0017848624433664947,0.06371467883480428,0.2524176674379277,5.906539069678267,0.00015,8.659604494432757e-05,0.00015,8.659604494432757e-05,0.99985,8.65960449443228e-05,0.99985,8.65960449443228e-05,0.99985,8.65960449443228e-05,0.99985,8.65960449443228e-05,OUTSIDE_ABOVE,0.019850000000000034
D1_S1_d1_M3,D1,1,0.0,3,20000,P4,T2,0.0,0.0,0.0,0.001459498132092742,0.0018235227421153977,0.0665047038202412,0.25788505931953715,5.204982242314195,0.00805,0.000631870140930872,0.00805,0.000631870140930872,0.99195,0.000631870140930872,0.99195,0.000631870140930872,0.99195,0.000631870140930872,0.99195,0.000631870140930872,OUTSIDE_ABOVE,0.011950000000000016
D1_S1_d1_M3,D1,1,0.0,3,20000,C1,T_DL,0.0,0.0,0.0,0.00047996831779007474,0.0017665162697892906,0.0624115946286054,0.2498231266888744,1.0925454704687712,0.03635,0.001323417498373057,0.03635,0.001323417498373057,0.96365,0.0013234174983730567,0.96365,0.0013234174983730567,0.96365,0.0013234174983730567,0.96365,0.0013234174983730567,WITHIN,0.016349999999999976
D1_S1_d1_M3,D1,1,0.0,3,20000,C2,T_DL,0.0,0.0,0.0,0.00047996831779007474,0.0017665162697892906,0.0624115946286054,0.2498231266888744,1.9056399895524079,0.0497,0.0015367158162783385,0.0497,0.0015367158162783385,0.9503,0.001536715816278338,0.9503,0.001536715816278338,0.9503,0.001536715816278338,0.9503,0.001536715816278338,WITHIN,0.02969999999999995
D1_S1_d1_M3,D1,1,0.0,3,20000,C3,T3,0.0,0.0,0.0,0.0018701314523680164,0.0020038944899923336,0.0803118625404327,0.28339347653118746,2.111467246464084,0.04195,0.0014175718235772041,0.04195,0.0014175718235772041,0.95805,0.0014175718235772048,0.95805,0.0014175718235772048,0.95805,0.0014175718235772048,0.95805,0.0014175718235772048,WITHIN,0.021950000000000025
D1_S1_d1_M5,D1,1,0.0,5,20000,P1,T2,0.0,0.0,0.0,0.0001894597637690096,0.001333451237930461,0.03556184407876558,0.1885784825444451,1.0536127588576674,0.0434,0.0014407713212026398,0.0434,0.0014407713212026398,0.9566,0.0014407713212026396,0.9566,0.0014407713212026396,0.9566,0.0014407713212026396,0.9566,0.0014407713212026396,WITHIN,0.023399999999999976
D1_S1_d1_M5,D1,1,0.0,5,20000,P2,T2,0.0,0.0,0.0,0.0001894597637690096,0.001333451237930461,0.03556184407876558,0.1885784825444451,0.919197908303289,0.0642,0.0017331814677061371,0.0642,0.0017331814677061371,0.9358,0.0017331814677061376,0.9358,0.0017331814677061376,0.9358,0.0017331814677061376,0.9358,0.0017331814677061376,WITHIN,0.015800000000000036
D1_S1_d1_M5,D1,1,0.0,5,20000,P3,T2,0.0,0.0,0.0,0.0001894597637690096,0.001333451237930461,0.03556184407876558,0.1885784825444451,1.148722907670966,0.00725,0.0005998932196649668,0.00725,0.0005998932196649668,0.99275,0.0005998932196649659,0.99275,0.0005998932196649659,0.99275,0.0005998932196649659,0.99275,0.0005998932196649659,OUTSIDE_ABOVE,0.012750000000000039
D1_S1_d1_M5,D1,1,0.0,5,20000,P4,T2,0.0,0.0,0.0,0.00021033456710139154,0.00134596123361375,0.036232232847820955,0.1903476631004987,1.0536127588576674,0.04475,0.0014619753332392445,0.04475,0.0014619753332392445,0.95525,0.0014619753332392436,0.95525,0.0014619753332392436,0.95525,0.0014619753332392436,0.95525,0.0014619753332392436,WITHIN,0.02474999999999994
D1_S1_d1_M5,D1,1,0.0,5,20000,C1,T_DL,0.0,0.0,0.0,0.00040561824479968926,0.00130849148057674,0.03424299909483819,0.18504863980812772,0.7984405148853759,0.0368,0.001331273074917389,0.0368,0.001331273074917389,0.9632,0.0013312730749173898,0.9632,0.0013312730749173898,0.9632,0.0013312730749173898,0.9632,0.0013312730749173898,WITHIN,0.016800000000000037
D1_S1_d1_M5,D1,1,0.0,5,20000,C2,T_DL,0.0,0.0,0.0,0.00040561824479968926,0.00130849148057674,0.03424299909483819,0.18504863980812772,0.9690879844632978,0.0506,0.0015498328942179541,0.0506,0.0015498328942179541,0.9494,0.0015498328942179537,0.9494,0.0015498328942179537,0.9494,0.0015498328942179537,0.9494,0.0015498328942179537,WITHIN,0.029400000000000093
D1_S1_d1_M5,D1,1,0.0,5,20000,C3,T3,0.0,0.0,0.0,0.0004516319132264826,0.0015551678495611448,0.04837094080617271,0.21993394646159722,1.1200243464961515,0.0418,0.0014151459288709416,0.0418,0.0014151459288709416,0.9582,0.0014151459288709407,0.9582,0.0014151459288709407,0.9582,0.0014151459288709407,0.9582,0.0014151459288709407,WITHIN,0.02179999999999993
D1_S1_d1_M10,D1,1,0.0,10,20000,P1,T2,0.0,0.0,0.0,0.0002096100751845949,0.0009209560239570257,0.01696319996125467,0.13024284994292268,0.5595165052607013,0.05715,0.001641399974107469,0.05715,0.001641399974107469,0.94285,0.0016413999741074696,0.94285,0.0016413999741074696,0.94285,0.0016413999741074696,0.94285,0.0016413999741074696,WITHIN,0.022850000000000037
D1_S1_d1_M10,D1,1,0.0,10,20000,P2,T2,0.0,0.0,0.0,0.0002096100751845949,0.0009209560239570257,0.01696319996125467,0.13024284994292268,0.5488777104761146,0.06185,0.0017032994085010424,0.06185,0.0017032994085010424,0.93815,0.0017032994085010417,0.93815,0.0017032994085010417,0.93815,0.0017032994085010417,0.93815,0.0017032994085010417,WITHIN,0.01815000000000011
D1_S1_d1_M10,D1,1,0.0,10,20000,P3,T2,0.0,0.0,0.0,0.0002096100751845949,0.0009209560239570257,0.01696319996125467,0.13024284994292268,0.5894094272278981,0.0208,0.0010091422099981746,0.0208,0.0010091422099981746,0.9792,0.0010091422099981755,0.9792,0.0010091422099981755,0.9792,0.0010091422099981755,0.9792,0.0010091422099981755,WITHIN,0.0008000000000000229
D1_S1_d1_M10,D1,1,0.0,10,20000,P4,T2,0.0,0.0,0.0,0.0002655460996311949,0.0009242215484156798,0.01708370941111754,0.13070466484069165,0.5595165052607013,0.05815,0.0016548198920124206,0.05815,0.0016548198920124206,0.94185,0.0016548198920124213,0.94185,0.0016548198920124213,0.94185,0.0016548198920124213,0.94185,0.0016548198920124213,WITHIN,0.021850000000000036
D1_S1_d1_M10,D1,1,0.0,10,20000,C1,T_DL,0.0,0.0,0.0,2.2719508319639003e-05,0.0008914915951359413,0.015895145283960507,0.12607595045828726,0.5354702317758548,0.03575,0.0013128582844313397,0.03575,0.0013128582844313397,0.96425,0.0013128582844313386,0.96425,0.0013128582844313386,0.96425,0.0013128582844313386,0.96425,0.0013128582844313386,WITHIN,0.01574999999999993
D1_S1_d1_M10,D1,1,0.0,10,20000,C2,T_DL,0.0,0.0,0.0,2.2719508319639003e-05,0.0008914915951359413,0.015895145283960507,0.12607595045828726,0.5629908593881031,0.0482,0.0015145421750482882,0.0482,0.0015145421750482882,0.9518,0.0015145421750482886,0.9518,0.0015145421750482886,0.9518,0.0015145421750482886,0.9518,0.0015145421750482886,WITHIN,0.028200000000000003
D1_S1_d1_M10,D1,1,0.0,10,20000,C3,T3,0.0,0.0,0.0,-0.0005706059988795581,0.0010961931760736542,0.02403278958540891,0.15502512565842,0.6758374955765255,0.04505,0.0014666372676977767,0.04505,0.0014666372676977767,0.95495,0.0014666372676977774,0.95495,0.0014666372676977774,0.95495,0.0014666372676977774,0.95495,0.0014666372676977774,WITHIN,0.025050000000000017
D1_S1_d1_M30,D1,1,0.0,30,20000,P1,T2,0.0,0.0,0.0,0.00020729512356744363,0.0005259447417320261,0.005532357427111355,0.07437981868162462,0.2948030564774261,0.0574,0.0016447680687562,0.0574,0.0016447680687562,0.9426,0.0016447680687562002,0.9426,0.0016447680687562002,0.9426,0.0016447680687562002,0.9426,0.0016447680687562002,WITHIN,0.022600000000000064
D1_S1_d1_M30,D1,1,0.0,30,20000,P2,T2,0.0,0.0,0.0,0.00020729512356744363,0.0005259447417320261,0.005532357427111355,0.07437981868162462,0.29434575646447453,0.0577,0.0016487981986889725,0.0577,0.0016487981986889725,0.9423,0.0016487981986889719,0.9423,0.0016487981986889719,0.9423,0.0016487981986889719,0.9423,0.0016487981986889719,WITHIN,0.022300000000000098
D1_S1_d1_M30,D1,1,0.0,30,20000,P3,T2,0.0,0.0,0.0,0.00020729512356744363,0.0005259447417320261,0.005532357427111355,0.07437981868162462,0.30101953824499345,0.04,0.0013856406460551018,0.04,0.0013856406460551018,0.96,0.0013856406460551025,0.96,0.0013856406460551025,0.96,0.0013856406460551025,0.96,0.0013856406460551025,WITHIN,0.020000000000000018
D1_S1_d1_M30,D1,1,0.0,30,20000,P4,T2,0.0,0.0,0.0,0.00021704605894845992,0.0005264368177000081,0.005542714460602231,0.07444940873238841,0.2948030564774261,0.0577,0.0016487981986889725,0.0577,0.0016487981986889725,0.9423,0.0016487981986889719,0.9423,0.0016487981986889719,0.9423,0.0016487981986889719,0.9423,0.0016487981986889719,WITHIN,0.022300000000000098
D1_S1_d1_M30,D1,1,0.0,30,20000,C1,T_DL,0.0,0.0,0.0,0.0003023440638227276,0.0005042498077598322,0.0050853573725165545,0.07131169169579807,0.293767472241745,0.0424,0.0014248199886301427,0.0424,0.0014248199886301427,0.9576,0.0014248199886301427,0.9576,0.0014248199886301427,0.9576,0.0014248199886301427,0.9576,0.0014248199886301427,WITHIN,0.022399999999999975
D1_S1_d1_M30,D1,1,0.0,30,20000,C2,T_DL,0.0,0.0,0.0,0.0003023440638227276,0.0005042498077598322,0.0050853573725165545,0.07131169169579807,0.2916128535608129,0.0501,0.0015425626405433266,0.0501,0.0015425626405433266,0.9499,0.001542562640543327,0.9499,0.001542562640543327,0.9499,0.001542562640543327,0.9499,0.001542562640543327,WITHIN,0.029900000000000038
D1_S1_d1_M30,D1,1,0.0,30,20000,C3,T3,0.0,0.0,0.0,0.0003902865500012803,0.0006407286918650921,0.008210665131583044,0.09061272058371851,0.3626958146517515,0.04955,0.001534516169676944,0.04955,0.001534516169676944,0.95045,0.0015345161696769438,0.95045,0.0015345161696769438,0.95045,0.0015345161696769438,0.95045,0.0015345161696769438,WITHIN,0.029549999999999965
D1_S1_d1_M100,D1,1,0.0,100,20000,P1,T2,0.0,0.0,0.0,3.2807747632228844e-05,0.0002853017689245616,0.001627941987029679,0.040347763098214987,0.15810728944562563,0.0519,0.0015685405637088255,0.0519,0.0015685405637088255,0.9481,0.0015685405637088248,0.9481,0.0015685405637088248,0.9481,0.0015685405637088248,0.9481,0.0015685405637088248,WITHIN,0.028100000000000125
D1_S1_d1_M100,D1,1,0.0,100,20000,P2,T2,0.0,0.0,0.0,3.2807747632228844e-05,0.0002853017689245616,0.001627941987029679,0.040347763098214987,0.1580873312760342,0.0519,0.0015685405637088255,0.0519,0.0015685405637088255,0.9481,0.0015685405637088248,0.9481,0.0015685405637088248,0.9481,0.0015685405637088248,0.9481,0.0015685405637088248,WITHIN,0.028100000000000125
D1_S1_d1_M100,D1,1,0.0,100,20000,P3,T2,0.0,0.0,0.0,3.2807747632228844e-05,0.0002853017689245616,0.001627941987029679,0.040347763098214987,0.15915963143819722,0.0457,0.0014766771820543582,0.0457,0.0014766771820543582,0.9543,0.0014766771820543575,0.9543,0.0014766771820543575,0.9543,0.0014766771820543575,0.9543,0.0014766771820543575,WITHIN,0.025699999999999945
D1_S1_d1_M100,D1,1,0.0,100,20000,P4,T2,0.0,0.0,0.0,3.5727510613363954e-05,0.00028529880758110265,0.0016279081921439808,0.040347344301006734,0.15810728944562563,0.052,0.001569968152543229,0.052,0.001569968152543229,0.948,0.00156996815254323,0.948,0.00156996815254323,0.948,0.00156996815254323,0.948,0.00156996815254323,WITHIN,0.028000000000000025
D1_S1_d1_M100,D1,1,0.0,100,20000,C1,T_DL,0.0,0.0,0.0,-6.305116265909609e-05,0.00027248692570263337,0.0014849824935774488,0.038535470589801404,0.1559555323693667,0.04245,0.001425622627135246,0.04245,0.001425622627135246,0.95755,0.0014256226271352455,0.95755,0.0014256226271352455,0.95755,0.0014256226271352455,0.95755,0.0014256226271352455,WITHIN,0.02244999999999997
D1_S1_d1_M100,D1,1,0.0,100,20000,C2,T_DL,0.0,0.0,0.0,-6.305116265909609e-05,0.00027248692570263337,0.0014849824935774488,0.038535470589801404,0.1536644921062315,0.04745,0.0015033046514263168,0.04745,0.0015033046514263168,0.95255,0.0015033046514263168,0.95255,0.0015033046514263168,0.95255,0.0015033046514263168,0.95255,0.0015033046514263168,WITHIN,0.027449999999999974
D1_S1_d1_M100,D1,1,0.0,100,20000,C3,T3,0.0,0.0,0.0,7.626169613979972e-06,0.0003502140031053238,0.0024529969594211153,0.049527739292452216,0.1947156739384981,0.0519,0.0015685405637088255,0.0519,0.0015685405637088255,0.9481,0.0015685405637088248,0.9481,0.0015685405637088248,0.9481,0.0015685405637088248,0.9481,0.0015685405637088248,WITHIN,0.028100000000000125
D1_S1_d2_M3,D1,1,0.5,3,20000,P1,T2,0.5,0.5,0.5,0.5012518943231836,0.0017942415351262858,0.0643860537274466,0.25374407131487153,5.174459386667061,0.0474,0.0015025518293889232,0.0083,0.0006415259152988287,0.9917,0.0006415259152988277,0.9917,0.0006415259152988277,0.9917,0.0006415259152988277,0.9917,0.0006415259152988277,OUTSIDE_ABOVE,0.011700000000000044
D1_S1_d2_M3,D1,1,0.5,3,20000,P2,T2,0.5,0.5,0.5,0.5012518943231836,0.0017942415351262858,0.0643860537274466,0.25374407131487153,1.7522070726308383,0.29125,0.0032126580700410677,0.06055,0.0016864711307935276,0.93945,0.0016864711307935276,0.93945,0.0016864711307935276,0.93945,0.0016864711307935276,0.93945,0.0016864711307935276,WITHIN,0.01945000000000008
D1_S1_d2_M3,D1,1,0.5,3,20000,P3,T2,0.5,0.5,0.5,0.5012518943231836,0.0017942415351262858,0.0643860537274466,0.25374407131487153,8.302748944984614,0.00105,0.00022900846054240006,0.0014,0.0002643898636483631,0.9986,0.000264389863648359,0.9986,0.000264389863648359,0.9986,0.000264389863648359,0.9986,0.000264389863648359,OUTSIDE_ABOVE,0.01860000000000006
D1_S1_d2_M3,D1,1,0.5,3,20000,P4,T2,0.5,0.5,0.5,0.5016319481151796,0.0018291902707931005,0.06691874093528272,0.2586865689116517,5.174459386667061,0.04775,0.0015078119494817649,0.00845,0.0006472479239055155,0.99155,0.0006472479239055139,0.99155,0.0006472479239055139,0.99155,0.0006472479239055139,0.99155,0.0006472479239055139,OUTSIDE_ABOVE,0.01155000000000006
D1_S1_d2_M3,D1,1,0.5,3,20000,C1,T_DL,0.5,0.5,0.5,0.5001273742818928,0.0017837614453573845,0.06363609787886931,0.2522619628062648,1.0901971415900957,0.4895,0.0035347542347382507,0.03705,0.0013356140441759363,0.96295,0.0013356140441759367,0.96295,0.0013356140441759367,0.96295,0.0013356140441759367,0.96295,0.0013356140441759367,WITHIN,0.01705000000000001
D1_S1_d2_M3,D1,1,0.5,3,20000,C2,T_DL,0.5,0.5,0.5,0.5001273742818928,0.0017837614453573845,0.06363609787886931,0.2522619628062648,1.8946262808841399,0.25695,0.003089714367866389,0.05095,0.0015548970625092837,0.94905,0.0015548970625092846,0.94905,0.0015548970625092846,0.94905,0.0015548970625092846,0.94905,0.0015548970625092846,WITHIN,0.02905000000000002
D1_S1_d2_M3,D1,1,0.5,3,20000,C3,T3,0.5,0.5,0.5,0.5007700116454751,0.002015892675257939,0.0812764655631722,0.28509027616383587,2.094286280662841,0.21665,0.0029130119936244684,0.0426,0.00142802731066321,0.9574,0.0014280273106632095,0.9574,0.0014280273106632095,0.9574,0.0014280273106632095,0.9574,0.0014280273106632095,WITHIN,0.022599999999999953
D1_S1_d2_M5,D1,1,0.5,5,20000,P1,T2,0.5,0.5,0.5,0.4996028411482195,0.001344353788372087,0.03614574216620764,0.1901203360143455,1.063807741998685,0.50045,0.0035355324740412157,0.04195,0.0014175718235772041,0.95805,0.0014175718235772048,0.95805,0.0014175718235772048,0.95805,0.0014175718235772048,0.95805,0.0014175718235772048,WITHIN,0.021950000000000025
D1_S1_d2_M5,D1,1,0.5,5,20000,P2,T2,0.5,0.5,0.5,0.4996028411482195,0.001344353788372087,0.03614574216620764,0.1901203360143455,0.9280922645073375,0.59,0.0034777866524558403,0.0627,0.001714186541774261,0.9373,0.0017141865417742606,0.9373,0.0017141865417742606,0.9373,0.0017141865417742606,0.9373,0.0017141865417742606,WITHIN,0.017300000000000093
D1_S1_d2_M5,D1,1,0.5,5,20000,P3,T2,0.5,0.5,0.5,0.4996028411482195,0.001344353788372087,0.03614574216620764,0.1901203360143455,1.7236681868295087,0.0774,0.0018895666169786128,0.01115,0.000742484932507051,0.98885,0.0007424849325070507,0.98885,0.0007424849325070507,0.98885,0.0007424849325070507,0.98885,0.0007424849325070507,OUTSIDE_ABOVE,0.008850000000000025
D1_S1_d2_M5,D1,1,0.5,5,20000,P4,T2,0.5,0.5,0.5,0.4994528240517521,0.0013581968163710449,0.03689397184000884,0.1920780358083892,1.063807741998685,0.49895,0.00353552611007188,0.0434,0.0014407713212026398,0.9566,0.0014407713212026396,0.9566,0.0014407713212026396,0.9566,0.0014407713212026396,0.9566,0.0014407713212026396,WITHIN,0.023399999999999976
D1_S1_d2_M5,D1,1,0.5,5,20000,C1,T_DL,0.5,0.5,0.5,0.4991565129559577,0.0013157361906015537,0.03462323446517376,0.1860731965253829,0.8013521161024456,0.7079,0.003215412803980229,0.0373,0.001339938617997108,0.9627,0.001339938617997108,0.9627,0.001339938617997108,0.9627,0.001339938617997108,0.9627,0.001339938617997108,WITHIN,0.017299999999999982
D1_S1_d2_M5,D1,1,0.5,5,20000,C2,T_DL,0.5,0.5,0.5,0.4991565129559577,0.0013157361906015537,0.03462323446517376,0.1860731965253829,0.9781875540847472,0.5564,0.003512969114580998,0.0487,0.001521977496548487,0.9513,0.0015219774965484867,0.9513,0.0015219774965484867,0.9513,0.0015219774965484867,0.9513,0.0015219774965484867,WITHIN,0.028699999999999948
D1_S1_d2_M5,D1,1,0.5,5,20000,C3,T3,0.5,0.5,0.5,0.5004896792542846,0.0015576557823917079,0.04852583072836647,0.22028579329672276,1.1257924548050455,0.46475,0.0035267367175620015,0.04155,0.0014110917316035834,0.95845,0.0014110917316035832,0.95845,0.0014110917316035832,0.95845,0.0014110917316035832,0.95845,0.0014110917316035832,WITHIN,0.021549999999999958
D1_S1_d2_M10,D1,1,0.5,10,20000,P1,T2,0.5,0.5,0.5,0.49918477859764715,0.0009251276258696982,0.017117222482946087,0.13083280354309498,0.561311695648257,0.91125,0.002010888329818441,0.0593,0.0016700824829929807,0.9407,0.0016700824829929811,0.9407,0.0016700824829929811,0.9407,0.0016700824829929811,0.9407,0.0016700824829929811,WITHIN,0.02070000000000005
D1_S1_d2_M10,D1,1,0.5,10,20000,P2,T2,0.5,0.5,0.5,0.49918477859764715,0.0009251276258696982,0.017117222482946087,0.13083280354309498,0.5506387666389372,0.91775,0.0019427421020300152,0.06425,0.0017338099304710422,0.93575,0.0017338099304710424,0.93575,0.0017338099304710424,0.93575,0.0017338099304710424,0.93575,0.0017338099304710424,WITHIN,0.015750000000000042
D1_S1_d2_M10,D1,1,0.5,10,20000,P3,T2,0.5,0.5,0.5,0.49918477859764715,0.0009251276258696982,0.017117222482946087,0.13083280354309498,0.9366851603739366,0.6149,0.0034409155031764438,0.01325,0.0008085306889661022,0.98675,0.0008085306889661017,0.98675,0.0008085306889661017,0.98675,0.0008085306889661017,0.98675,0.0008085306889661017,OUTSIDE_ABOVE,0.006750000000000034
D1_S1_d2_M10,D1,1,0.5,10,20000,P4,T2,0.5,0.5,0.5,0.49910374852894274,0.0009290069040919995,0.017261076557012034,0.1313814163305147,0.561311695648257,0.90985,0.0020251293477207815,0.06135,0.0016968526379741997,0.93865,0.0016968526379741997,0.93865,0.0016968526379741997,0.93865,0.0016968526379741997,0.93865,0.0016968526379741997,WITHIN,0.018650000000000055
D1_S1_d2_M10,D1,1,0.5,10,20000,C1,T_DL,0.5,0.5,0.5,0.49941722272176287,0.0008949163124447044,0.016017504125592552,0.12656027862482191,0.5364444461654154,0.9496,0.0015469298626634629,0.03885,0.001366394480009342,0.96115,0.0013663944800093428,0.96115,0.0013663944800093428,0.96115,0.0013663944800093428,0.96115,0.0013663944800093428,WITHIN,0.018850000000000033
D1_S1_d2_M10,D1,1,0.5,10,20000,C2,T_DL,0.5,0.5,0.5,0.49941722272176287,0.0008949163124447044,0.016017504125592552,0.12656027862482191,0.5644227290931628,0.91805,0.0019395127932034886,0.05215,0.0015721065087963982,0.94785,0.0015721065087963987,0.94785,0.0015721065087963987,0.94785,0.0015721065087963987,0.94785,0.0015721065087963987,WITHIN,0.02785000000000004
D1_S1_d2_M10,D1,1,0.5,10,20000,C3,T3,0.5,0.5,0.5,0.49949019912603926,0.0011067963503271672,0.02449996322195075,0.15652464094177232,0.6766332230325722,0.8143,0.002749686436668734,0.0481,0.0015130497348071542,0.9519,0.0015130497348071548,0.9519,0.0015130497348071548,0.9519,0.0015130497348071548,0.9519,0.0015130497348071548,WITHIN,0.028100000000000014
D1_S1_d2_M30,D1,1,0.5,30,20000,P1,T2,0.5,0.5,0.5,0.49898759662807135,0.0005162137844168403,0.00532953342443912,0.07300365350062366,0.2951245140365081,1.0,7.071067811865475e-153,0.05395,0.0015974886149829049,0.94605,0.0015974886149829057,0.94605,0.0015974886149829057,0.94605,0.0015974886149829057,0.94605,0.0015974886149829057,WITHIN,0.026050000000000018
D1_S1_d2_M30,D1,1,0.5,30,20000,P2,T2,0.5,0.5,0.5,0.49898759662807135,0.0005162137844168403,0.00532953342443912,0.07300365350062366,0.29466671537694245,1.0,7.071067811865475e-153,0.05425,0.0016016700268781955,0.94575,0.001601670026878196,0.94575,0.001601670026878196,0.94575,0.001601670026878196,0.94575,0.001601670026878196,WITHIN,0.02575000000000005
D1_S1_d2_M30,D1,1,0.5,30,20000,P3,T2,0.5,0.5,0.5,0.49898759662807135,0.0005162137844168403,0.00532953342443912,0.07300365350062366,0.508205126290598,0.9977,0.00033872629068319813,0.00565,0.00053000365564777,0.99435,0.0005300036556477721,0.99435,0.0005300036556477721,0.99435,0.0005300036556477721,0.99435,0.0005300036556477721,OUTSIDE_ABOVE,0.014349999999999974
D1_S1_d2_M30,D1,1,0.5,30,20000,P4,T2,0.5,0.5,0.5,0.49898122223989666,0.0005162572548845612,0.005330431064418856,0.07300980115312503,0.2951245140365081,1.0,7.071067811865475e-153,0.05405,0.001598883946695319,0.94595,0.0015988839466953197,0.94595,0.0015988839466953197,0.94595,0.0015988839466953197,0.94595,0.0015988839466953197,WITHIN,0.02595000000000003
D1_S1_d2_M30,D1,1,0.5,30,20000,C1,T_DL,0.5,0.5,0.5,0.49915845076888693,0.0004973495516506776,0.004947131530542603,0.07033584811845665,0.29401883797358513,1.0,7.071067811865475e-153,0.04015,0.001388127830929126,0.95985,0.0013881278309291261,0.95985,0.0013881278309291261,0.95985,0.0013881278309291261,0.95985,0.0013881278309291261,WITHIN,0.02015
D1_S1_d2_M30,D1,1,0.5,30,20000,C2,T_DL,0.5,0.5,0.5,0.49915845076888693,0.0004973495516506776,0.004947131530542603,0.07033584811845665,0.29210637902060466,1.0,7.071067811865475e-153,0.0474,0.0015025518293889232,0.9526,0.0015025518293889232,0.9526,0.0015025518293889232,0.9526,0.0015025518293889232,0.9526,0.0015025518293889232,WITHIN,0.02739999999999998
D1_S1_d2_M30,D1,1,0.5,30,20000,C3,T3,0.5,0.5,0.5,0.4994337318822865,0.0006337419546079263,0.008032577300605498,0.08962464672513637,0.3633648335945967,0.99895,0.00022900846054239955,0.04635,0.0014866350846794918,0.95365,0.0014866350846794918,0.95365,0.0014866350846794918,0.95365,0.0014866350846794918,0.95365,0.0014866350846794918,WITHIN,0.026349999999999985
D1_S1_d2_M100,D1,1,0.5,100,20000,P1,T2,0.5,0.5,0.5,0.49984759601898204,0.0002842492140229718,0.0016159523134535447,0.04019890935651793,0.15791935031153304,1.0,7.071067811865475e-153,0.05255,0.0015777911379520422,0.94745,0.001577791137952042,0.94745,0.001577791137952042,0.94745,0.001577791137952042,0.94745,0.001577791137952042,WITHIN,0.027450000000000085
D1_S1_d2_M100,D1,1,0.5,100,20000,P2,T2,0.5,0.5,0.5,0.49984759601898204,0.0002842492140229718,0.0016159523134535447,0.04019890935651793,0.15789941586583897,1.0,7.071067811865475e-153,0.05255,0.0015777911379520422,0.94745,0.001577791137952042,0.94745,0.001577791137952042,0.94745,0.001577791137952042,0.94745,0.001577791137952042,WITHIN,0.027450000000000085
D1_S1_d2_M100,D1,1,0.5,100,20000,P3,T2,0.5,0.5,0.5,0.49984759601898204,0.0002842492140229718,0.0016159523134535447,0.04019890935651793,0.27814078431167594,1.0,7.071067811865475e-153,0.00195,0.00031194530770633496,0.99805,0.00031194530770633556,0.99805,0.00031194530770633556,0.99805,0.00031194530770633556,0.99805,0.00031194530770633556,OUTSIDE_ABOVE,0.01805000000000001
D1_S1_d2_M100,D1,1,0.5,100,20000,P4,T2,0.5,0.5,0.5,0.49985508929191586,0.0002842397364822705,0.001615844555910212,0.04019756902985816,0.15791935031153304,1.0,7.071067811865475e-153,0.053,0.0015841559266688366,0.947,0.0015841559266688372,0.947,0.0015841559266688372,0.947,0.0015841559266688372,0.947,0.0015841559266688372,WITHIN,0.027000000000000024
D1_S1_d2_M100,D1,1,0.5,100,20000,C1,T_DL,0.5,0.5,0.5,0.4997541766478598,0.0002719865497086515,0.0014795336644483348,0.03846470673810389,0.1558302769917545,1.0,7.071067811865475e-153,0.04385,0.001447880822098283,0.95615,0.0014478808220982822,0.95615,0.0014478808220982822,0.95615,0.0014478808220982822,0.95615,0.0014478808220982822,WITHIN,0.023849999999999927
D1_S1_d2_M100,D1,1,0.5,100,20000,C2,T_DL,0.5,0.5,0.5,0.4997541766478598,0.0002719865497086515,0.0014795336644483348,0.03846470673810389,0.15354016084384015,1.0,7.071067811865475e-153,0.0492,0.0015293684971255292,0.9508,0.0015293684971255297,0.9508,0.0015293684971255297,0.9508,0.0015293684971255297,0.9508,0.0015293684971255297,WITHIN,0.029200000000000004
D1_S1_d2_M100,D1,1,0.5,100,20000,C3,T3,0.5,0.5,0.5,0.49944064519876585,0.00034856594289297486,0.0024299643308973717,0.04929466838206108,0.1945938746007417,1.0,7.071067811865475e-153,0.0491,0.0015278938117552542,0.9509,0.0015278938117552546,0.9509,0.0015278938117552546,0.9509,0.0015278938117552546,0.9509,0.0015278938117552546,WITHIN,0.029100000000000015
D1_S2_d1_M3,D1,2,0.0,3,20000,P1,T2,0.0,0.0,0.0,-0.0014954155257811085,0.002902089211130977,0.16844243578725634,0.41041739215980644,7.872263183432777,0.00995,0.0007018189759475017,0.00995,0.0007018189759475017,0.99005,0.0007018189759475022,0.99005,0.0007018189759475022,0.99005,0.0007018189759475022,0.99005,0.0007018189759475022,OUTSIDE_ABOVE,0.010050000000000003
D1_S2_d1_M3,D1,2,0.0,3,20000,P2,T2,0.0,0.0,0.0,-0.0014954155257811085,0.002902089211130977,0.16844243578725634,0.41041739215980644,2.6657538878679,0.07225,0.0018307093911923869,0.07225,0.0018307093911923869,0.92775,0.0018307093911923873,0.92775,0.0018307093911923873,0.92775,0.0018307093911923873,0.92775,0.0018307093911923873,WITHIN,0.007750000000000035
D1_S2_d1_M3,D1,2,0.0,3,20000,P3,T2,0.0,0.0,0.0,-0.0014954155257811085,0.002902089211130977,0.16844243578725634,0.41041739215980644,9.698308989643106,5e-05,4.999874998437461e-05,5e-05,4.999874998437461e-05,0.99995,4.999874998437186e-05,0.99995,4.999874998437186e-05,0.99995,4.999874998437186e-05,0.99995,4.999874998437186e-05,OUTSIDE_ABOVE,0.019950000000000023
D1_S2_d1_M3,D1,2,0.0,3,20000,P4,T2,0.0,0.0,0.0,-0.0012050484390842002,0.003105183950370458,0.1928433473127657,0.43913932562771657,7.872263183432777,0.0101,0.0007070357133837017,0.0101,0.0007070357133837017,0.9899,0.0007070357133837017,0.9899,0.0007070357133837017,0.9899,0.0007070357133837017,0.9899,0.0007070357133837017,OUTSIDE_ABOVE,0.00990000000000002
D1_S2_d1_M3,D1,2,0.0,3,20000,C1,T_DL,0.0,0.0,0.0,-0.0008875548546124438,0.0027939030202068513,0.15611788172641933,0.3951175543131681,1.4475063902569585,0.1283,0.0023647315915342275,0.1283,0.0023647315915342275,0.8717,0.002364731591534227,0.8717,0.002364731591534227,0.8717,0.002364731591534227,0.8717,0.002364731591534227,OUTSIDE_BELOW,0.0482999999999999
D1_S2_d1_M3,D1,2,0.0,3,20000,C2,T_DL,0.0,0.0,0.0,-0.0008875548546124438,0.0027939030202068513,0.15611788172641933,0.3951175543131681,2.9120931742584193,0.0592,0.0016687624156841501,0.0592,0.0016687624156841501,0.9408,0.0016687624156841504,0.9408,0.0016687624156841504,0.9408,0.0016687624156841504,0.9408,0.0016687624156841504,WITHIN,0.02080000000000004
D1_S2_d1_M3,D1,2,0.0,3,20000,C3,T3,0.0,0.0,0.0,-0.002731111893690347,0.0028696445222673142,0.16469719368357605,0.4058290202580097,3.0638405004486753,0.04645,0.0014881598956429378,0.04645,0.0014881598956429378,0.95355,0.0014881598956429378,0.95355,0.0014881598956429378,0.95355,0.0014881598956429378,0.95355,0.0014881598956429378,WITHIN,0.026449999999999974
D1_S2_d1_M5,D1,2,0.0,5,20000,P1,T2,0.0,0.0,0.0,0.002725271591981836,0.002285454377186606,0.10446603420402834,0.3232120576402253,1.6796807866559742,0.06095,0.0016916722126345872,0.06095,0.0016916722126345872,0.93905,0.0016916722126345866,0.93905,0.0016916722126345866,0.93905,0.0016916722126345866,0.93905,0.0016916722126345866,WITHIN,0.019050000000000122
D1_S2_d1_M5,D1,2,0.0,5,20000,P2,T2,0.0,0.0,0.0,0.002725271591981836,0.002285454377186606,0.10446603420402834,0.3232120576402253,1.4653951869236688,0.08645,0.001987163776592156,0.08645,0.001987163776592156,0.91355,0.001987163776592156,0.91355,0.001987163776592156,0.91355,0.001987163776592156,0.91355,0.001987163776592156,OUTSIDE_BELOW,0.006449999999999956
D1_S2_d1_M5,D1,2,0.0,5,20000,P3,T2,0.0,0.0,0.0,0.002725271591981836,0.002285454377186606,0.10446603420402834,0.3232120576402253,1.959574260704386,0.0061,0.0005505810567028256,0.0061,0.0005505810567028256,0.9939,0.0005505810567028253,0.9939,0.0005505810567028253,0.9939,0.0005505810567028253,0.9939,0.0005505810567028253,OUTSIDE_ABOVE,0.013900000000000023
D1_S2_d1_M5,D1,2,0.0,5,20000,P4,T2,0.0,0.0,0.0,0.002634795446288417,0.002421979775733112,0.11731972068120435,0.34251966466351147,1.6796807866559742,0.06555,0.001750045677975292,0.06555,0.001750045677975292,0.93445,0.001750045677975292,0.93445,0.001750045677975292,0.93445,0.001750045677975292,0.93445,0.001750045677975292,WITHIN,0.014450000000000074
D1_S2_d1_M5,D1,2,0.0,5,20000,C1,T_DL,0.0,0.0,0.0,0.0027034697189553952,0.00215522080210349,0.09289953411639224,0.30479424882433764,1.1195001540264293,0.113,0.0022386491462486925,0.113,0.0022386491462486925,0.887,0.0022386491462486925,0.887,0.0022386491462486925,0.887,0.0022386491462486925,0.887,0.0022386491462486925,OUTSIDE_BELOW,0.03299999999999992
D1_S2_d1_M5,D1,2,0.0,5,20000,C2,T_DL,0.0,0.0,0.0,0.0027034697189553952,0.00215522080210349,0.09289953411639224,0.30479424882433764,1.5323219097018124,0.06485,0.001741328192788482,0.06485,0.001741328192788482,0.93515,0.0017413281927884812,0.93515,0.0017413281927884812,0.93515,0.0017413281927884812,0.93515,0.0017413281927884812,WITHIN,0.015150000000000108
D1_S2_d1_M5,D1,2,0.0,5,20000,C3,T3,0.0,0.0,0.0,0.002610562480133837,0.0022271038226309796,0.09919982873555046,0.31496004307776954,1.6240809024683867,0.05,0.0015411035007422442,0.05,0.0015411035007422442,0.95,0.0015411035007422448,0.95,0.0015411035007422448,0.95,0.0015411035007422448,0.95,0.0015411035007422448,WITHIN,0.030000000000000027
D1_S2_d1_M10,D1,2,0.0,10,78670,P1,T2,0.0,0.0,0.0,-7.887154601831652e-05,0.0008322751639808965,0.054493288894743606,0.23343797654782653,0.9494470786706283,0.0753654506164993,0.0009411668750490562,0.0753654506164993,0.0009411668750490562,0.9246345493835006,0.0009411668750490567,0.9246345493835006,0.0009411668750490567,0.9246345493835006,0.0009411668750490567,0.9246345493835006,0.0009411668750490567,WITHIN,0.004634549383500719
D1_S2_d1_M10,D1,2,0.0,10,78670,P2,T2,0.0,0.0,0.0,-7.887154601831652e-05,0.0008322751639808965,0.054493288894743606,0.23343797654782653,0.9313940408534583,0.07953476547603915,0.0009646674447558539,0.07953476547603915,0.0009646674447558539,0.9204652345239609,0.0009646674447558537,0.9204652345239609,0.0009646674447558537,0.9204652345239609,0.0009646674447558537,0.9204652345239609,0.0009646674447558537,WITHIN,0.00046523452396096676
D1_S2_d1_M10,D1,2,0.0,10,78670,P3,T2,0.0,0.0,0.0,-7.887154601831652e-05,0.0008322751639808965,0.054493288894743606,0.23343797654782653,1.0448411058090439,0.018876318800050845,0.00048519459676322444,0.018876318800050845,0.00048519459676322444,0.9811236811999492,0.00048519459676322395,0.9811236811999492,0.00048519459676322395,0.9811236811999492,0.00048519459676322395,0.9811236811999492,0.00048519459676322395,BOUNDARY_ABOVE,0.0011236811999492113
D1_S2_d1_M10,D1,2,0.0,10,78670,P4,T2,0.0,0.0,0.0,2.376643755776867e-05,0.0008684800038694469,0.05933743887191492,0.24359277261839055,0.9494470786706283,0.08153044362527012,0.0009756357608039286,0.08153044362527012,0.0009756357608039286,0.9184695563747299,0.0009756357608039283,0.9184695563747299,0.0009756357608039283,0.9184695563747299,0.0009756357608039283,0.9184695563747299,0.0009756357608039283,BOUNDARY_BELOW,0.0015304436252699949
D1_S2_d1_M10,D1,2,0.0,10,78670,C1,T_DL,0.0,0.0,0.0,-0.0004503217324623449,0.0007634373601475588,0.04585175554770999,0.2141302303452504,0.8033421708375492,0.0867547985254862,0.0010035427486067958,0.0867547985254862,0.0010035427486067958,0.9132452014745138,0.0010035427486067958,0.9132452014745138,0.0010035427486067958,0.9132452014745138,0.0010035427486067958,0.9132452014745138,0.0010035427486067958,OUTSIDE_BELOW,0.006754798525486105
D1_S2_d1_M10,D1,2,0.0,10,78670,C2,T_DL,0.0,0.0,0.0,-0.0004503217324623449,0.0007634373601475588,0.04585175554770999,0.2141302303452504,0.9209404230059965,0.0594508707258167,0.0008430731877152776,0.0594508707258167,0.0008430731877152776,0.9405491292741833,0.0008430731877152775,0.9405491292741833,0.0008430731877152775,0.9405491292741833,0.0008430731877152775,0.9405491292741833,0.0008430731877152775,WITHIN,0.020549129274183398
D1_S2_d1_M10,D1,2,0.0,10,78670,C3,T3,0.0,0.0,0.0,-0.00024312088058342076,0.0007938996093539104,0.049583859314239365,0.2226743346554321,0.9750334198544661,0.048519130545315876,0.0007660409041238791,0.048519130545315876,0.0007660409041238791,0.9514808694546841,0.000766040904123879,0.9514808694546841,0.000766040904123879,0.9514808694546841,0.000766040904123879,0.9514808694546841,0.000766040904123879,WITHIN,0.02851913054531585
D1_S2_d1_M30,D1,2,0.0,30,20000,P1,T2,0.0,0.0,0.0,-0.0009195588472814893,0.0009805667079208677,0.01923022137365537,0.13867307371532286,0.5320816021274797,0.0645,0.0017369477539638319,0.0645,0.0017369477539638319,0.9355,0.0017369477539638319,0.9355,0.0017369477539638319,0.9355,0.0017369477539638319,0.9355,0.0017369477539638319,WITHIN,0.01550000000000007
D1_S2_d1_M30,D1,2,0.0,30,20000,P2,T2,0.0,0.0,0.0,-0.0009195588472814893,0.0009805667079208677,0.01923022137365537,0.13867307371532286,0.5312562344177564,0.06485,0.001741328192788482,0.06485,0.001741328192788482,0.93515,0.0017413281927884812,0.93515,0.0017413281927884812,0.93515,0.0017413281927884812,0.93515,0.0017413281927884812,WITHIN,0.015150000000000108
D1_S2_d1_M30,D1,2,0.0,30,20000,P3,T2,0.0,0.0,0.0,-0.0009195588472814893,0.0009805667079208677,0.01923022137365537,0.13867307371532286,0.5549324512071377,0.0349,0.0012977285925801281,0.0349,0.0012977285925801281,0.9651,0.0012977285925801288,0.9651,0.0012977285925801288,0.9651,0.0012977285925801288,0.9651,0.0012977285925801288,WITHIN,0.014900000000000024
D1_S2_d1_M30,D1,2,0.0,30,20000,P4,T2,0.0,0.0,0.0,-0.0010338008541122636,0.0010030730262141332,0.02012310991836759,0.14185594777226504,0.5320816021274797,0.06835,0.0017843525086148196,0.06835,0.0017843525086148196,0.93165,0.0017843525086148199,0.93165,0.0017843525086148199,0.93165,0.0017843525086148199,0.93165,0.0017843525086148199,WITHIN,0.01165000000000005
D1_S2_d1_M30,D1,2,0.0,30,20000,C1,T_DL,0.0,0.0,0.0,-4.6248477146057374e-05,0.0008689696601945962,0.015102165406774238,0.12289086787379377,0.47206355861561705,0.06245,0.00171099382669839,0.06245,0.00171099382669839,0.93755,0.0017109938266983901,0.93755,0.0017109938266983901,0.93755,0.0017109938266983901,0.93755,0.0017109938266983901,WITHIN,0.017550000000000066
D1_S2_d1_M30,D1,2,0.0,30,20000,C2,T_DL,0.0,0.0,0.0,-4.6248477146057374e-05,0.0008689696601945962,0.015102165406774238,0.12289086787379377,0.49223664553562774,0.05265,0.0015792083063991273,0.05265,0.0015792083063991273,0.94735,0.001579208306399127,0.94735,0.001579208306399127,0.94735,0.001579208306399127,0.94735,0.001579208306399127,WITHIN,0.027350000000000096
D1_S2_d1_M30,D1,2,0.0,30,20000,C3,T3,0.0,0.0,0.0,-5.824340350694657e-06,0.0009111856966429626,0.016605187475334425,0.12886111700328545,0.5197516377323913,0.05045,0.0015476562522084806,0.05045,0.0015476562522084806,0.94955,0.0015476562522084806,0.94955,0.0015476562522084806,0.94955,0.0015476562522084806,0.94955,0.0015476562522084806,WITHIN,0.029550000000000076
D1_S2_d1_M100,D1,2,0.0,100,20000,P1,T2,0.0,0.0,0.0,6.266045049765463e-05,0.0005315303246774719,0.005650489721034773,0.07516973939714554,0.2953008339325079,0.05305,0.0015848611532244708,0.05305,0.0015848611532244708,0.94695,0.0015848611532244714,0.94695,0.0015848611532244714,0.94695,0.0015848611532244714,0.94695,0.0015848611532244714,WITHIN,0.02695000000000003
D1_S2_d1_M100,D1,2,0.0,100,20000,P2,T2,0.0,0.0,0.0,6.266045049765463e-05,0.0005315303246774719,0.005650489721034773,0.07516973939714554,0.2952635575732408,0.0531,0.001585565987273945,0.0531,0.001585565987273945,0.9469,0.0015855659872739455,0.9469,0.0015855659872739455,0.9469,0.0015855659872739455,0.9469,0.0015855659872739455,WITHIN,0.026900000000000035
D1_S2_d1_M100,D1,2,0.0,100,20000,P3,T2,0.0,0.0,0.0,6.266045049765463e-05,0.0005315303246774719,0.005650489721034773,0.07516973939714554,0.2994570002608217,0.04125,0.001406208332716031,0.04125,0.001406208332716031,0.95875,0.001406208332716031,0.95875,0.001406208332716031,0.95875,0.001406208332716031,0.95875,0.001406208332716031,WITHIN,0.02124999999999999
D1_S2_d1_M100,D1,2,0.0,100,20000,P4,T2,0.0,0.0,0.0,5.7699725714734716e-05,0.0005359581225841357,0.005745022183278228,0.07579592458225065,0.2953008339325079,0.05455,0.0016058377486533315,0.05455,0.0016058377486533315,0.94545,0.0016058377486533313,0.94545,0.0016058377486533313,0.94545,0.0016058377486533313,0.94545,0.0016058377486533313,WITHIN,0.025450000000000084
D1_S2_d1_M100,D1,2,0.0,100,20000,C1,T_DL,0.0,0.0,0.0,-0.0001768471575227462,0.00046707581771515054,0.004363196389885531,0.06605449560692694,0.26060595390060887,0.0507,0.0015512818892773807,0.0507,0.0015512818892773807,0.9493,0.0015512818892773803,0.9493,0.0015512818892773803,0.9493,0.0015512818892773803,0.9493,0.0015512818892773803,WITHIN,0.029300000000000104
D1_S2_d1_M100,D1,2,0.0,100,20000,C2,T_DL,0.0,0.0,0.0,-0.0001768471575227462,0.00046707581771515054,0.004363196389885531,0.06605449560692694,0.26364435390106994,0.0472,0.0014995359282124587,0.0472,0.0014995359282124587,0.9528,0.001499535928212459,0.9528,0.001499535928212459,0.9528,0.001499535928212459,0.9528,0.001499535928212459,WITHIN,0.027200000000000002
D1_S2_d1_M100,D1,2,0.0,100,20000,C3,T3,0.0,0.0,0.0,-0.00031755612283434386,0.0004916287081762194,0.004833975734060365,0.0695267986754774,0.2776438245564582,0.04845,0.0015182654165197863,0.04845,0.0015182654165197863,0.95155,0.001518265416519786,0.95155,0.001518265416519786,0.95155,0.001518265416519786,0.95155,0.001518265416519786,WITHIN,0.028449999999999975
D1_S2_d2_M3,D1,2,0.5,3,20000,P1,T2,0.5,0.5,0.5,0.5017791149415894,0.002894577331082518,0.16757155851233585,0.40935505189546134,7.8941997134656425,0.02495,0.001102893863887183,0.0084,0.000645346418600119,0.9916,0.0006453464186001177,0.9916,0.0006453464186001177,0.9916,0.0006453464186001177,0.9916,0.0006453464186001177,OUTSIDE_ABOVE,0.011600000000000055
D1_S2_d2_M3,D1,2,0.5,3,20000,P2,T2,0.5,0.5,0.5,0.5017791149415894,0.002894577331082518,0.16757155851233585,0.40935505189546134,2.6731821697811005,0.16965,0.002653948732549293,0.07435,0.0018550212599859873,0.92565,0.0018550212599859877,0.92565,0.0018550212599859877,0.92565,0.0018550212599859877,0.92565,0.0018550212599859877,WITHIN,0.005650000000000044
D1_S2_d2_M3,D1,2,0.5,3,20000,P3,T2,0.5,0.5,0.5,0.5017791149415894,0.002894577331082518,0.16757155851233585,0.40935505189546134,11.201328025808412,0.0005,0.0001580743495953724,0.0014,0.0002643898636483631,0.9986,0.000264389863648359,0.9986,0.000264389863648359,0.9986,0.000264389863648359,0.9986,0.000264389863648359,OUTSIDE_ABOVE,0.01860000000000006
D1_S2_d2_M3,D1,2,0.5,3,20000,P4,T2,0.5,0.5,0.5,0.5024032844092134,0.003098280821331393,0.1919868809565986,0.4381630757567308,7.8941997134656425,0.02495,0.001102893863887183,0.0083,0.0006415259152988287,0.9917,0.0006415259152988277,0.9917,0.0006415259152988277,0.9917,0.0006415259152988277,0.9917,0.0006415259152988277,OUTSIDE_ABOVE,0.011700000000000044
D1_S2_d2_M3,D1,2,0.5,3,20000,C1,T_DL,0.5,0.5,0.5,0.5011444621967638,0.0027888639780395148,0.15555524576012775,0.39440492613572636,1.453666189660702,0.3469,0.0033657123317360326,0.12805,0.002362765302563926,0.87195,0.002362765302563926,0.87195,0.002362765302563926,0.87195,0.002362765302563926,0.87195,0.002362765302563926,OUTSIDE_BELOW,0.048049999999999926
D1_S2_d2_M3,D1,2,0.5,3,20000,C2,T_DL,0.5,0.5,0.5,0.5011444621967638,0.0027888639780395148,0.15555524576012775,0.39440492613572636,2.9242944319877875,0.1466,0.002501084164917286,0.06035,0.0016838627838989732,0.93965,0.0016838627838989732,0.93965,0.0016838627838989732,0.93965,0.0016838627838989732,0.93965,0.0016838627838989732,WITHIN,0.019650000000000056
D1_S2_d2_M3,D1,2,0.5,3,20000,C3,T3,0.5,0.5,0.5,0.49958449153625817,0.0028739516095745835,0.16519195708352677,0.4064381343864362,3.075488385261849,0.1212,0.002307710553774021,0.04705,0.001497269139132975,0.95295,0.0014972691391329754,0.95295,0.0014972691391329754,0.95295,0.0014972691391329754,0.95295,0.0014972691391329754,WITHIN,0.02705000000000002
D1_S2_d2_M5,D1,2,0.5,5,320259,P1,T2,0.5,0.5,0.5,0.500208996962937,0.0005704916606179878,0.10423172947741638,0.3228493913226667,1.6867812300651106,0.24940751079594953,0.0007645505402167352,0.05818103472501944,0.0004136411763097642,0.9418189652749805,0.0004136411763097643,0.9418189652749805,0.0004136411763097643,0.9418189652749805,0.0004136411763097643,0.9418189652749805,0.0004136411763097643,WITHIN,0.021818965274980617
D1_S2_d2_M5,D1,2,0.5,5,320259,P2,T2,0.5,0.5,0.5,0.500208996962937,0.0005704916606179878,0.10423172947741638,0.3228493913226667,1.471589789897897,0.31555397350269626,0.0008212128913621543,0.08178380623183111,0.0004842342028734269,0.9182161937681689,0.00048423420287342693,0.9182161937681689,0.00048423420287342693,0.9182161937681689,0.00048423420287342693,0.9182161937681689,0.00048423420287342693,OUTSIDE_BELOW,0.0017838062318310532
D1_S2_d2_M5,D1,2,0.5,5,320259,P3,T2,0.5,0.5,0.5,0.500208996962937,0.0005704916606179878,0.10423172947741638,0.3228493913226667,2.3087875338895762,0.03444399689001714,0.00032225141514839224,0.021576286692957886,0.00025674450973920147,0.9784237133070421,0.00025674450973920136,0.9784237133070421,0.00025674450973920136,0.9784237133070421,0.00025674450973920136,0.9784237133070421,0.00025674450973920136,WITHIN,0.00157628669295784
D1_S2_d2_M5,D1,2,0.5,5,320259,P4,T2,0.5,0.5,0.5,0.5001650327076876,0.000604356308341469,0.1169734940340661,0.3420138798851095,1.6867812300651106,0.2557273956391546,0.0007709105214644215,0.062355780789923154,0.0004272742587441869,0.9376442192100768,0.00042727425874418705,0.9376442192100768,0.00042727425874418705,0.9376442192100768,0.00042727425874418705,0.9376442192100768,0.00042727425874418705,WITHIN,0.01764421921007686
D1_S2_d2_M5,D1,2,0.5,5,320259,C1,T_DL,0.5,0.5,0.5,0.5002346438917861,0.0005370509561587599,0.09237029518947559,0.3039248183177471,1.122503743331506,0.44353476405034675,0.0008778739863310357,0.10851217296001049,0.0005495994219163269,0.8914878270399895,0.0005495994219163269,0.8914878270399895,0.0005495994219163269,0.8914878270399895,0.0005495994219163269,0.8914878270399895,0.0005495994219163269,OUTSIDE_BELOW,0.028512172960010407
D1_S2_d2_M5,D1,2,0.5,5,320259,C2,T_DL,0.5,0.5,0.5,0.5002346438917861,0.0005370509561587599,0.09237029518947559,0.3039248183177471,1.5391543441161608,0.27355671503376955,0.0007877236329024044,0.06231206617144249,0.00042713441836904223,0.9376879338285575,0.0004271344183690422,0.9376879338285575,0.0004271344183690422,0.9376879338285575,0.0004271344183690422,0.9376879338285575,0.0004271344183690422,WITHIN,0.0176879338285576
D1_S2_d2_M5,D1,2,0.5,5,320259,C3,T3,0.5,0.5,0.5,0.5004801646900506,0.0005555130193529781,0.09883023472571156,0.31437276396932284,1.6285511319590167,0.24300019671578316,0.0007578801358396328,0.04778320047211788,0.00037692493231398166,0.9522167995278821,0.0003769249323139819,0.9522167995278821,0.0003769249323139819,0.9522167995278821,0.0003769249323139819,0.9522167995278821,0.0003769249323139819,WITHIN,0.027783200472117908
D1_S2_d2_M10,D1,2,0.5,10,87181,P1,T2,0.5,0.5,0.5,0.49981165143040146,0.0007892860480417428,0.0543113625263813,0.23304798331326812,0.948638519679858,0.5532168706484211,0.0016837793056801535,0.07552104242896962,0.0008948939666600603,0.9244789575710304,0.0008948939666600603,0.9244789575710304,0.0008948939666600603,0.9244789575710304,0.0008948939666600603,0.9244789575710304,0.0008948939666600603,WITHIN,0.004478957571030451
D1_S2_d2_M10,D1,2,0.5,10,87181,P2,T2,0.5,0.5,0.5,0.49981165143040146,0.0007892860480417428,0.0543113625263813,0.23304798331326812,0.9306008560171465,0.5665110517199848,0.0016783490422129313,0.08006331654833049,0.0009191467028723623,0.9199366834516696,0.000919146702872362,0.9199366834516696,0.000919146702872362,0.9199366834516696,0.000919146702872362,0.9199366834516696,0.000919146702872362,BOUNDARY_BELOW,6.331654833036104e-05
D1_S2_d2_M10,D1,2,0.5,10,87181,P3,T2,0.5,0.5,0.5,0.49981165143040146,0.0007892860480417428,0.0543113625263813,0.23304798331326812,1.2570283193402532,0.2795219141785481,0.0015198733347325524,0.034307934068202935,0.0006164611213265134,0.965692065931797,0.0006164611213265138,0.965692065931797,0.0006164611213265138,0.965692065931797,0.0006164611213265138,0.965692065931797,0.0006164611213265138,WITHIN,0.014307934068202965
D1_S2_d2_M10,D1,2,0.5,10,87181,P4,T2,0.5,0.5,0.5,0.4997438435882296,0.0008241813491284011,0.059219864730068156,0.2433513195568665,0.948638519679858,0.5552700703134857,0.001683020431953277,0.08189857881877932,0.0009286938925772672,0.9181014211812207,0.000928693892577267,0.9181014211812207,0.000928693892577267,0.9181014211812207,0.000928693892577267,0.9181014211812207,0.000928693892577267,BOUNDARY_BELOW,0.0018985788187791952
D1_S2_d2_M10,D1,2,0.5,10,87181,C1,T_DL,0.5,0.5,0.5,0.5002548357198336,0.0007224053977030971,0.04549710999097173,0.2133005156837923,0.8029587877113682,0.6646287608538558,0.0015989745451412685,0.08675055344627844,0.0009532787516400111,0.9132494465537215,0.0009532787516400113,0.9132494465537215,0.0009532787516400113,0.9132494465537215,0.0009532787516400113,0.9132494465537215,0.0009532787516400113,OUTSIDE_BELOW,0.006750553446278396
D1_S2_d2_M10,D1,2,0.5,10,87181,C2,T_DL,0.5,0.5,0.5,0.5002548357198336,0.0007224053977030971,0.04549710999097173,0.2133005156837923,0.9201247584653233,0.5674516236335899,0.0016779184190271093,0.059875431573393284,0.0008035374202922371,0.9401245684266067,0.000803537420292237,0.9401245684266067,0.000803537420292237,0.9401245684266067,0.000803537420292237,0.9401245684266067,0.000803537420292237,WITHIN,0.020124568426606815
D1_S2_d2_M10,D1,2,0.5,10,87181,C3,T3,0.5,0.5,0.5,0.5002256221382435,0.0007525748875093384,0.04937661241594038,0.2222084886226005,0.9736842564215411,0.5303219738245719,0.0016902813873133466,0.04963237402645072,0.0007355588383234537,0.9503676259735493,0.0007355588383234537,0.9503676259735493,0.0007355588383234537,0.9503676259735493,0.0007355588383234537,0.9503676259735493,0.0007355588383234537,WITHIN,0.029632374026450692
D1_S2_d2_M30,D1,2,0.5,30,20000,P1,T2,0.5,0.5,0.5,0.5010262644979175,0.0009634067541848792,0.018563051480180892,0.13624628978500988,0.5308566704049569,0.94315,0.0016373465958678382,0.06255,0.0017122718461155635,0.93745,0.0017122718461155635,0.93745,0.0017122718461155635,0.93745,0.0017122718461155635,0.93745,0.0017122718461155635,WITHIN,0.017450000000000077
D1_S2_d2_M30,D1,2,0.5,30,20000,P2,T2,0.5,0.5,0.5,0.5010262644979175,0.0009634067541848792,0.018563051480180892,0.13624628978500988,0.530033202815603,0.9433,0.0016353151072499754,0.0629,0.0017167351280847024,0.9371,0.001716735128084702,0.9371,0.001716735128084702,0.9371,0.001716735128084702,0.9371,0.001716735128084702,WITHIN,0.017100000000000115
D1_S2_d2_M30,D1,2,0.5,30,20000,P3,T2,0.5,0.5,0.5,0.5010262644979175,0.0009634067541848792,0.018563051480180892,0.13624628978500988,0.6841396706348086,0.9196,0.0019227043454467982,0.02835,0.0011735901648360896,0.97165,0.0011735901648360894,0.97165,0.0011735901648360894,0.97165,0.0011735901648360894,0.97165,0.0011735901648360894,WITHIN,0.008349999999999969
D1_S2_d2_M30,D1,2,0.5,30,20000,P4,T2,0.5,0.5,0.5,0.501021372903559,0.0009845402863677168,0.019386391509620515,0.1392350225683916,0.5308566704049569,0.9389,0.001693617282623203,0.0674,0.0017728118907543462,0.9326,0.0017728118907543464,0.9326,0.0017728118907543464,0.9326,0.0017728118907543464,0.9326,0.0017728118907543464,WITHIN,0.012600000000000056
D1_S2_d2_M30,D1,2,0.5,30,20000,C1,T_DL,0.5,0.5,0.5,0.501078386468938,0.0008611451013121912,0.014831417710279682,0.12178430814468538,0.471580228076118,0.98315,0.0009101120123369439,0.0611,0.0016936172826232023,0.9389,0.001693617282623203,0.9389,0.001693617282623203,0.9389,0.001693617282623203,0.9389,0.001693617282623203,WITHIN,0.018900000000000028
D1_S2_d2_M30,D1,2,0.5,30,20000,C2,T_DL,0.5,0.5,0.5,0.501078386468938,0.0008611451013121912,0.014831417710279682,0.12178430814468538,0.49167718756533524,0.9793,0.0010067648682785878,0.05165,0.0015649644964023945,0.94835,0.001564964496402394,0.94835,0.001564964496402394,0.94835,0.001564964496402394,0.94835,0.001564964496402394,WITHIN,0.028350000000000097
D1_S2_d2_M30,D1,2,0.5,30,20000,C3,T3,0.5,0.5,0.5,0.5006038416945219,0.0009035232372031912,0.016327084803322678,0.1277774815971996,0.5190499476193707,0.9653,0.001294138902900302,0.0474,0.0015025518293889232,0.9526,0.0015025518293889232,0.9526,0.0015025518293889232,0.9526,0.0015025518293889232,0.9526,0.0015025518293889232,WITHIN,0.02739999999999998
D1_S2_d2_M100,D1,2,0.5,100,20000,P1,T2,0.5,0.5,0.5,0.4998085056415326,0.0005361212695705066,0.0057485203137178364,0.07581899705032925,0.2952209955576209,0.99985,8.65960449443228e-05,0.0555,0.0016189464166549798,0.9445,0.0016189464166549798,0.9445,0.0016189464166549798,0.9445,0.0016189464166549798,0.9445,0.0016189464166549798,WITHIN,0.024500000000000077
D1_S2_d2_M100,D1,2,0.5,100,20000,P2,T2,0.5,0.5,0.5,0.4998085056415326,0.0005361212695705066,0.0057485203137178364,0.07581899705032925,0.2951837292764965,0.99985,8.65960449443228e-05,0.0555,0.0016189464166549798,0.9445,0.0016189464166549798,0.9445,0.0016189464166549798,0.9445,0.0016189464166549798,0.9445,0.0016189464166549798,WITHIN,0.024500000000000077
D1_S2_d2_M100,D1,2,0.5,100,20000,P3,T2,0.5,0.5,0.5,0.4998085056415326,0.0005361212695705066,0.0057485203137178364,0.07581899705032925,0.3753511588675408,0.9999,7.070714249635216e-05,0.02065,0.0010055739033009955,0.97935,0.0010055739033009942,0.97935,0.0010055739033009942,0.97935,0.0010055739033009942,0.97935,0.0010055739033009942,WITHIN,0.0006499999999999284
D1_S2_d2_M100,D1,2,0.5,100,20000,P4,T2,0.5,0.5,0.5,0.499793347990913,0.00054068524942143,0.0058468107788382795,0.07646444127068659,0.2952209955576209,0.99975,0.00011178942257655069,0.0579,0.0016514779744216997,0.9421,0.001651477974421699,0.9421,0.001651477974421699,0.9421,0.001651477974421699,0.9421,0.001651477974421699,WITHIN,0.02210000000000012
D1_S2_d2_M100,D1,2,0.5,100,20000,C1,T_DL,0.5,0.5,0.5,0.500094921984733,0.00047060801183924016,0.004429438016145648,0.06655402329044915,0.2606948845594262,1.0,7.071067811865475e-153,0.051,0.001555618847918731,0.949,0.0015556188479187317,0.949,0.0015556188479187317,0.949,0.0015556188479187317,0.949,0.0015556188479187317,WITHIN,0.029000000000000026
D1_S2_d2_M100,D1,2,0.5,100,20000,C2,T_DL,0.5,0.5,0.5,0.500094921984733,0.00047060801183924016,0.004429438016145648,0.06655402329044915,0.2638865894461377,1.0,7.071067811865475e-153,0.0483,0.0015160328162675109,0.9517,0.0015160328162675109,0.9517,0.0015160328162675109,0.9517,0.0015160328162675109,0.9517,0.0015160328162675109,WITHIN,0.028299999999999992
D1_S2_d2_M100,D1,2,0.5,100,20000,C3,T3,0.5,0.5,0.5,0.5004072815094421,0.0004956042191469358,0.004912470840724881,0.07008902082869242,0.27790256716366296,1.0,7.071067811865475e-153,0.0496,0.0015352498168050698,0.9504,0.0015352498168050694,0.9504,0.0015352498168050694,0.9504,0.0015352498168050694,0.9504,0.0015352498168050694,WITHIN,0.02959999999999996
D1_S3_d1_M3,D1,3,0.0,3,20000,P1,T2,0.08361854460463167,0.0,0.01923982029783763,0.035126950663983234,0.002991645756673318,0.17899888666842942,0.4230826002903327,7.951747243528355,0.0107,0.0007275132301202502,0.0107,0.0007275132301202502,0.9898,0.0007104913792580452,0.9893,0.0007275132301202516,0.98955,0.0007190548483947507,0.9898,0.0007104913792580452,OUTSIDE_ABOVE,0.009800000000000031
D1_S3_d1_M3,D1,3,0.0,3,20000,P2,T2,0.08361854460463167,0.0,0.01923982029783763,0.035126950663983234,0.002991645756673318,0.17899888666842942,0.4230826002903327,2.6926692662395517,0.0735,0.0018452337250332272,0.0735,0.0018452337250332272,0.92645,0.0018458114408032042,0.9265,0.0018452337250332274,0.9265,0.0018452337250332274,0.92645,0.0018458114408032042,WITHIN,0.006450000000000067
D1_S3_d1_M3,D1,3,0.0,3,20000,P3,T2,0.08361854460463167,0.0,0.01923982029783763,0.035126950663983234,0.002991645756673318,0.17899888666842942,0.4230826002903327,10.001940628687661,0.00045,0.00014996624620227048,0.00045,0.00014996624620227048,0.9996,0.0001413930691370613,0.99955,0.0001499662462022622,0.99955,0.0001499662462022622,0.9996,0.0001413930691370613,OUTSIDE_ABOVE,0.019600000000000062
D1_S3_d1_M3,D1,3,0.0,3,20000,P4,T2,0.08361854460463167,0.0,0.01923982029783763,0.04981976135449011,0.0032309529626904825,0.20878114094236813,0.4569257499226413,7.951747243528355,0.01085,0.0007325393334149369,0.01085,0.0007325393334149369,0.98975,0.0007122126613589505,0.98915,0.0007325393334149377,0.98945,0.000722450603847763,0.98975,0.0007122126613589505,OUTSIDE_ABOVE,0.009750000000000036
D1_S3_d1_M3,D1,3,0.0,3,20000,C1,T_DL,0.08361854460463167,0.0,0.01923982029783763,0.008975557488223849,0.0028260711660320318,0.15973356470955297,0.3996668171234046,1.4680108458843624,0.13185,0.0023923375336686917,0.13185,0.0023923375336686917,0.8657,0.0024110527783522285,0.86815,0.002392337533668692,0.8687,0.0023880987207399946,0.8687,0.0023880987207399946,OUTSIDE_BELOW,0.0512999999999999
D1_S3_d1_M3,D1,3,0.0,3,20000,C2,T_DL,0.08361854460463167,0.0,0.01923982029783763,0.008975557488223849,0.0028260711660320318,0.15973356470955297,0.3996668171234046,2.9487606051073687,0.0613,0.0016962062079829798,0.0613,0.0016962062079829798,0.9387,0.0016962062079829802,0.9387,0.0016962062079829802,0.9395,0.0016858195336393513,0.9395,0.0016858195336393513,WITHIN,0.019500000000000073
D1_S3_d1_M3,D1,3,0.0,3,20000,C3,T3,0.08361854460463167,0.0,0.01923982029783763,-0.0009981831089956267,0.0028811227533648777,0.1660173663991363,0.4074522872670324,3.0923331218318193,0.04805,0.0015123028383891898,0.04805,0.0015123028383891898,0.94985,0.0015432915716092023,0.95195,0.0015123028383891904,0.95235,0.0015063113472984259,0.95195,0.0015123028383891904,WITHIN,0.02805000000000002
D1_S3_d1_M5,D1,3,0.0,5,20000,P1,T2,0.08361854460463167,0.0,0.01923982029783763,0.05504841458148676,0.0023927217839719984,0.11450235070988285,0.3383819597878747,1.714116934338976,0.06305,0.0017186433239622465,0.06305,0.0017186433239622465,0.93825,0.001702012595429305,0.93695,0.0017186433239622474,0.9382,0.0017026561602390539,0.93825,0.001702012595429305,WITHIN,0.0182500000000001
D1_S3_d1_M5,D1,3,0.0,5,20000,P2,T2,0.08361854460463167,0.0,0.01923982029783763,0.05504841458148676,0.0023927217839719984,0.11450235070988285,0.3383819597878747,1.495438136436313,0.0897,0.0020205681131800534,0.0897,0.0020205681131800534,0.9119,0.0020042254114744674,0.9103,0.0020205681131800534,0.91185,0.0020047391039733817,0.9119,0.0020042254114744674,OUTSIDE_BELOW,0.008099999999999885
D1_S3_d1_M5,D1,3,0.0,5,20000,P3,T2,0.08361854460463167,0.0,0.01923982029783763,0.05504841458148676,0.0023927217839719984,0.11450235070988285,0.3383819597878747,2.04160247325858,0.00685,0.0005832271212829527,0.00685,0.0005832271212829527,0.9898,0.0007104913792580452,0.99315,0.0005832271212829537,0.99305,0.0005874392521784704,0.9898,0.0007104913792580452,OUTSIDE_ABOVE,0.009800000000000031
D1_S3_d1_M5,D1,3,0.0,5,20000,P4,T2,0.08361854460463167,0.0,0.01923982029783763,0.06868093054753445,0.002555097688051325,0.13057048390970455,0.3613453803630324,1.714116934338976,0.06915,0.0017939938336014425,0.06915,0.0017939938336014425,0.93325,0.0017648574659161569,0.93085,0.001793993833601443,0.9331,0.0017666973425009725,0.93325,0.0017648574659161569,WITHIN,0.013250000000000095
D1_S3_d1_M5,D1,3,0.0,5,20000,C1,T_DL,0.08361854460463167,0.0,0.01923982029783763,0.020456202443121223,0.002198665995789879,0.09668264322085404,0.3109383270374594,1.1377097820859512,0.1154,0.002259234826218824,0.1154,0.002259234826218824,0.8813,0.0022870320286344924,0.8846,0.0022592348262188235,0.88565,0.0022502675118749767,0.88565,0.0022502675118749767,OUTSIDE_BELOW,0.03434999999999988
D1_S3_d1_M5,D1,3,0.0,5,20000,C2,T_DL,0.08361854460463167,0.0,0.01923982029783763,0.020456202443121223,0.002198665995789879,0.09668264322085404,0.3109383270374594,1.5581422368435642,0.0652,0.0017456941312841718,0.0652,0.0017456941312841718,0.9324,0.0017752498415716023,0.9348,0.0017456941312841724,0.9346,0.0017481824847538087,0.9346,0.0017481824847538087,WITHIN,0.014600000000000057
D1_S3_d1_M5,D1,3,0.0,5,20000,C3,T3,0.08361854460463167,0.0,0.01923982029783763,0.006598464199048142,0.0022614978239603226,0.10228744815554547,0.31982408939219303,1.6466867908618799,0.0517,0.001565680522967569,0.0517,0.001565680522967569,0.947,0.0015841559266688372,0.9483,0.0015656805229675684,0.9491,0.0015541748614618619,0.9483,0.0015656805229675684,WITHIN,0.028300000000000103
D1_S3_d1_M10,D1,3,0.0,10,43282,P1,T2,0.08361854460463167,0.0,0.01923982029783763,0.06263171117119824,0.001193457545025592,0.061648323343597586,0.2482908039851609,0.9776979920342767,0.08241301233769234,0.0013218064205013124,0.08241301233769234,0.0013218064205013124,0.9202208770389538,0.0013023778740127966,0.9175869876623076,0.0013218064205013128,0.9198974169400674,0.0013047860349117669,0.9202208770389538,0.0013023778740127966,WITHIN,0.00022087703895390387
D1_S3_d1_M10,D1,3,0.0,10,43282,P2,T2,0.08361854460463167,0.0,0.01923982029783763,0.06263171117119824,0.001193457545025592,0.061648323343597586,0.2482908039851609,0.9591077838799904,0.08742664387043113,0.0013576947403232057,0.08742664387043113,0.0013576947403232057,0.9158541657039878,0.0013343685965534608,0.9125733561295689,0.0013576947403232053,0.9151379326278822,0.0013395114249158035,0.9158541657039878,0.0013343685965534608,OUTSIDE_BELOW,0.004145834296012119
D1_S3_d1_M10,D1,3,0.0,10,43282,P3,T2,0.08361854460463167,0.0,0.01923982029783763,0.06263171117119824,0.001193457545025592,0.061648323343597586,0.2482908039851609,1.1050382712417712,0.0192458758837392,0.0006603820369742485,0.0192458758837392,0.0006603820369742485,0.9675615729402522,0.0008515605604675078,0.9807541241162608,0.0006603820369742477,0.9805230811884849,0.0006642558337691748,0.9675615729402522,0.0008515605604675078,WITHIN,0.012438427059747736
D1_S3_d1_M10,D1,3,0.0,10,43282,P4,T2,0.08361854460463167,0.0,0.01923982029783763,0.0739062489448315,0.0012654176738519606,0.06930668273254872,0.2632616241166736,0.9776979920342767,0.09241717111039231,0.0013920851807497703,0.09241717111039231,0.0013920851807497703,0.9136130493045608,0.001350366199966475,0.9075828288896077,0.00139208518074977,0.910956055635137,0.0013689804560152645,0.9136130493045608,0.001350366199966475,OUTSIDE_BELOW,0.006386950695439153
D1_S3_d1_M10,D1,3,0.0,10,43282,C1,T_DL,0.08361854460463167,0.0,0.01923982029783763,0.01691576967000577,0.001042856967330633,0.047071367419847354,0.21695936813110273,0.8177363189741627,0.08839702416709025,0.0013644826860207404,0.08839702416709025,0.0013644826860207404,0.9024074673074257,0.0014264480979767878,0.9116029758329097,0.0013644826860207406,0.9129892333995656,0.0013547702935597533,0.9129892333995656,0.0013547702935597533,OUTSIDE_BELOW,0.007010766600434315
D1_S3_d1_M10,D1,3,0.0,10,43282,C2,T_DL,0.08361854460463167,0.0,0.01923982029783763,0.01691576967000577,0.001042856967330633,0.047071367419847354,0.21695936813110273,0.9314659663346097,0.060972228640081325,0.0011501423435164037,0.060972228640081325,0.0011501423435164037,0.9318192320133081,0.0012115549572096905,0.9390277713599187,0.001150142343516404,0.9398826301926898,0.0011425708429693819,0.9398826301926898,0.0011425708429693819,WITHIN,0.019882630192689876
D1_S3_d1_M10,D1,3,0.0,10,43282,C3,T3,0.08361854460463167,0.0,0.01923982029783763,-0.0002533551552569415,0.001079880286915187,0.05047293354933231,0.22466182040865848,0.9817436454348181,0.04868074488239915,0.0010343989968096684,0.04868074488239915,0.0010343989968096684,0.9389584584815859,0.0011507534225356918,0.9513192551176008,0.0010343989968096684,0.9511806293609353,0.0010357952772713764,0.9513192551176008,0.0010343989968096684,WITHIN,0.028680744882399134
D1_S3_d1_M30,D1,3,0.0,30,20000,P1,T2,0.08361854460463167,0.0,0.01923982029783763,0.07666697921580548,0.0010759277116701384,0.023152408814794814,0.15215915619769588,0.565758796586919,0.08815,0.0020047391039733826,0.08815,0.0020047391039733826,0.93075,0.0017951941051039583,0.91185,0.0020047391039733817,0.92485,0.0018641684137974237,0.93075,0.0017951941051039583,WITHIN,0.010750000000000037
D1_S3_d1_M30,D1,3,0.0,30,20000,P2,T2,0.08361854460463167,0.0,0.01923982029783763,0.07666697921580548,0.0010759277116701384,0.023152408814794814,0.15215915619769588,0.5648811886404542,0.08845,0.0020078171916287596,0.08845,0.0020078171916287596,0.9304,0.001799386562137219,0.91155,0.00200781719162876,0.9243,0.00187042120924673,0.9304,0.001799386562137219,WITHIN,0.010400000000000076
D1_S3_d1_M30,D1,3,0.0,30,20000,P3,T2,0.08361854460463167,0.0,0.01923982029783763,0.07666697921580548,0.0010759277116701384,0.023152408814794814,0.15215915619769588,0.6096836199248769,0.0382,0.0013553737491924505,0.0382,0.0013553737491924505,0.9538,0.0014843442996825234,0.9618,0.001355373749192451,0.968,0.0012445079348883243,0.9538,0.0014843442996825234,WITHIN,0.0262
D1_S3_d1_M30,D1,3,0.0,30,20000,P4,T2,0.08361854460463167,0.0,0.01923982029783763,0.08281405809058191,0.0011229287339816504,0.025219378832032655,0.15880610451752997,0.565758796586919,0.09705,0.002093218783357344,0.09705,0.002093218783357344,0.926,0.0018509997298757225,0.90295,0.002093218783357344,0.9161,0.001960367184993668,0.926,0.0018509997298757225,WITHIN,0.006000000000000116
D1_S3_d1_M30,D1,3,0.0,30,20000,C1,T_DL,0.08361854460463167,0.0,0.01923982029783763,0.019281505987847253,0.0008759414505295166,0.01534546849511507,0.12387682791836038,0.484936884221156,0.0632,0.0017205487496726153,0.0632,0.0017205487496726153,0.909,0.0020337035182149826,0.9368,0.0017205487496726158,0.9401,0.0016779748210268227,0.9401,0.0016779748210268227,WITHIN,0.020100000000000118
D1_S3_d1_M30,D1,3,0.0,30,20000,C2,T_DL,0.08361854460463167,0.0,0.01923982029783763,0.019281505987847253,0.0008759414505295166,0.01534546849511507,0.12387682791836038,0.49943824558461963,0.056,0.001625792114632126,0.056,0.001625792114632126,0.9176,0.001944353877255887,0.944,0.0016257921146321267,0.9479,0.0015713941262458639,0.9479,0.0015713941262458639,WITHIN,0.027900000000000036
D1_S3_d1_M30,D1,3,0.0,30,20000,C3,T3,0.08361854460463167,0.0,0.01923982029783763,0.0010027362112539043,0.0009107388154128136,0.016588903797990696,0.12879791845364078,0.5238216666389981,0.04835,0.001516777463901676,0.04835,0.001516777463901676,0.9061,0.0020625565446794423,0.95165,0.001516777463901676,0.95075,0.0015301051842928973,0.95165,0.001516777463901676,WITHIN,0.028349999999999986
D1_S3_d1_M100,D1,3,0.0,100,20000,P1,T2,0.08361854460463167,0.0,0.01923982029783763,0.08151915068138127,0.0006139545076148179,0.007538802748411069,0.08682627913489711,0.32397461789675636,0.1535,0.002548899272234978,0.1535,0.002548899272234978,0.9355,0.0017369477539638319,0.8465,0.002548899272234978,0.89285,0.0021871085649779708,0.9355,0.0017369477539638319,WITHIN,0.01550000000000007
D1_S3_d1_M100,D1,3,0.0,100,20000,P2,T2,0.08361854460463167,0.0,0.01923982029783763,0.08151915068138127,0.0006139545076148179,0.007538802748411069,0.08682627913489711,0.32393372199379084,0.1536,0.002549578788741387,0.1536,0.002549578788741387,0.9355,0.0017369477539638319,0.8464,0.002549578788741387,0.8928,0.0021875575421003214,0.9355,0.0017369477539638319,WITHIN,0.01550000000000007
D1_S3_d1_M100,D1,3,0.0,100,20000,P3,T2,0.08361854460463167,0.0,0.01923982029783763,0.08151915068138127,0.0006139545076148179,0.007538802748411069,0.08682627913489711,0.3400367403661344,0.1105,0.002216864339557114,0.1105,0.002216864339557114,0.94615,0.0015960917501823,0.8895,0.0022168643395571144,0.93005,0.0018035658776435082,0.94615,0.0015960917501823,WITHIN,0.026150000000000118
D1_S3_d1_M100,D1,3,0.0,100,20000,P4,T2,0.08361854460463167,0.0,0.01923982029783763,0.0838404744319532,0.000626456070280485,0.007848944159825361,0.08859426708216148,0.32397461789675636,0.1614,0.0026014422922678872,0.1614,0.0026014422922678872,0.9345,0.0017494249055046633,0.8386,0.0026014422922678872,0.88595,0.0022476943464359205,0.9345,0.0017494249055046633,WITHIN,0.014500000000000068
D1_S3_d1_M100,D1,3,0.0,100,20000,C1,T_DL,0.08361854460463167,0.0,0.01923982029783763,0.019396478693693812,0.00048198324309024494,0.004646156932395803,0.06816272392147928,0.26879960230916883,0.06205,0.001705869243230559,0.06205,0.001705869243230559,0.84465,0.0025614095484713098,0.93795,0.0017058692432305597,0.9471,0.0015827442939401165,0.9471,0.0015827442939401165,WITHIN,0.027100000000000124
D1_S3_d1_M100,D1,3,0.0,100,20000,C2,T_DL,0.08361854460463167,0.0,0.01923982029783763,0.019396478693693812,0.00048198324309024494,0.004646156932395803,0.06816272392147928,0.26784666000648527,0.0624,0.0017103543492504702,0.0624,0.0017103543492504702,0.8449,0.002559726450228618,0.9376,0.0017103543492504704,0.94825,0.0015663961424237478,0.94825,0.0015663961424237478,WITHIN,0.02825000000000011
D1_S3_d1_M100,D1,3,0.0,100,20000,C3,T3,0.08361854460463167,0.0,0.01923982029783763,0.00048406223970728164,0.0005035103874844875,0.005070454206095575,0.07120712187762945,0.28044253527508056,0.0515,0.0015628139684556188,0.0515,0.0015628139684556188,0.78735,0.0028933542601969776,0.9485,0.0015628139684556186,0.94185,0.0016548198920124213,0.9485,0.0015628139684556186,WITHIN,0.02850000000000008
D1_S3_d2_M3,D1,3,0.5,3,20000,P1,T2,0.5836185446046317,0.5,0.5192398202978377,0.5369421255104535,0.00298322030653843,0.1779920679468649,0.42189106170534696,7.979927149644617,0.0275,0.0011563682371978226,0.01115,0.000742484932507051,0.9889,0.0007408370266124662,0.98885,0.0007424849325070507,0.9891,0.0007342067147609051,0.9889,0.0007408370266124662,OUTSIDE_ABOVE,0.008900000000000019
D1_S3_d2_M3,D1,3,0.5,3,20000,P2,T2,0.5836185446046317,0.5,0.5192398202978377,0.5369421255104535,0.00298322030653843,0.1779920679468649,0.42189106170534696,2.7022117183322707,0.1825,0.00273124284896089,0.07515,0.0018641684137974228,0.9254,0.0018578864335583056,0.92485,0.0018641684137974237,0.92545,0.0018573138870422523,0.9254,0.0018578864335583056,WITHIN,0.005400000000000071
D1_S3_d2_M3,D1,3,0.5,3,20000,P3,T2,0.5836185446046317,0.5,0.5192398202978377,0.5369421255104535,0.00298322030653843,0.1779920679468649,0.42189106170534696,12.122800504012792,0.0003,0.00012245611458804333,0.0015,0.00027365580571221215,0.9978,0.0003312974494317742,0.9985,0.0002736558057122072,0.9983,0.0002912996738755499,0.9978,0.0003312974494317742,OUTSIDE_ABOVE,0.017800000000000038
D1_S3_d2_M3,D1,3,0.5,3,20000,P4,T2,0.5836185446046317,0.5,0.5192398202978377,0.5516876566711617,0.003213737862116481,0.20656222092802023,0.45449116705170434,7.979927149644617,0.02795,0.0011655212889518578,0.01135,0.0007490386338500839,0.9887,0.000747405846913174,0.98865,0.0007490386338500829,0.98905,0.0007358701481919216,0.9887,0.000747405846913174,OUTSIDE_ABOVE,0.008700000000000041
D1_S3_d2_M3,D1,3,0.5,3,20000,C1,T_DL,0.5836185446046317,0.5,0.5192398202978377,0.5116633750601317,0.0028170629529222827,0.15871687361454423,0.3983928634081492,1.4713723261620821,0.35365,0.003380692809913376,0.12475,0.002336529878901616,0.87185,0.002363552173107249,0.87525,0.0023365298789016164,0.87595,0.002330896796299656,0.87595,0.002330896796299656,OUTSIDE_BELOW,0.04404999999999992
D1_S3_d2_M3,D1,3,0.5,3,20000,C2,T_DL,0.5836185446046317,0.5,0.5192398202978377,0.5116633750601317,0.0028170629529222827,0.15871687361454423,0.3983928634081492,2.959953466650949,0.14975,0.002523142262140603,0.06055,0.0016864711307935276,0.9377,0.0017090744571258449,0.93945,0.0016864711307935276,0.93935,0.0016877733482313314,0.93935,0.0016877733482313314,WITHIN,0.01935000000000009
D1_S3_d2_M3,D1,3,0.5,3,20000,C3,T3,0.5836185446046317,0.5,0.5192398202978377,0.5008285409807628,0.002881353112250896,0.16604391514955852,0.4074848649331144,3.1035240141566804,0.12535,0.0023413391200336614,0.0478,0.001508561566526206,0.9511,0.0015249391791150237,0.9522,0.0015085615665262051,0.9526,0.0015025518293889232,0.9522,0.0015085615665262051,WITHIN,0.027799999999999936
D1_S3_d2_M5,D1,3,0.5,5,46644,P1,T2,0.5836185446046317,0.5,0.5192398202978377,0.5486798920270172,0.0015703011161796142,0.1150169019553332,0.33914141881423626,1.719244710569961,0.2720607152045279,0.002060547370954424,0.06039361975816825,0.0011029875627402157,0.9396492582111311,0.0011026211039658848,0.9396063802418317,0.001102987562740216,0.9411714261212589,0.001089508527085506,0.9396492582111311,0.0011026211039658848,WITHIN,0.01964925821113117
D1_S3_d2_M5,D1,3,0.5,5,46644,P2,T2,0.5836185446046317,0.5,0.5192398202978377,0.5486798920270172,0.0015703011161796142,0.1150169019553332,0.33914141881423626,1.4999117356274227,0.3439456307349284,0.0021994643199195357,0.08442672155046738,0.0012873262460254967,0.9151230597718892,0.0012904367233299184,0.9155732784495326,0.0012873262460254967,0.9166666666666666,0.0012797266177959786,0.9151230597718892,0.0012904367233299184,OUTSIDE_BELOW,0.004876940228110693
D1_S3_d2_M5,D1,3,0.5,5,46644,P3,T2,0.5836185446046317,0.5,0.5192398202978377,0.5486798920270172,0.0015703011161796142,0.1150169019553332,0.33914141881423626,2.571644807194576,0.02922133607752337,0.0007798521118942102,0.01837320984478175,0.000621824494543971,0.9711431266615214,0.0007751189661631346,0.9816267901552183,0.000621824494543971,0.9792685018437527,0.0006597332051598575,0.9711431266615214,0.0007751189661631346,WITHIN,0.008856873338478621
D1_S3_d2_M5,D1,3,0.5,5,46644,P4,T2,0.5836185446046317,0.5,0.5192398202978377,0.5630426960250128,0.0016811408903328353,0.1318268910272456,0.36307973095071777,1.719244710569961,0.28760397907555096,0.0020958504699788404,0.06684675413772403,0.0011564284148405024,0.9347826086956522,0.0011432445247576257,0.933153245862276,0.0011564284148405022,0.9348469256496013,0.0011427199655890386,0.9347826086956522,0.0011432445247576257,WITHIN,0.014782608695652288
D1_S3_d2_M5,D1,3,0.5,5,46644,C1,T_DL,0.5836185446046317,0.5,0.5192398202978377,0.5135277891614082,0.0014320244157372153,0.0956525675434659,0.30927749278514577,1.1406950262453404,0.4514835777377583,0.0023041879596866007,0.10983191836034645,0.0014477794244159318,0.8841437269530915,0.0014819150834674303,0.8901680816396536,0.0014477794244159318,0.8902323985936026,0.001447407743241996,0.8902323985936026,0.001447407743241996,OUTSIDE_BELOW,0.029767601406397337
D1_S3_d2_M5,D1,3,0.5,5,46644,C2,T_DL,0.5836185446046317,0.5,0.5192398202978377,0.5135277891614082,0.0014320244157372153,0.0956525675434659,0.30927749278514577,1.5614870120249773,0.281643941342938,0.002082678303581993,0.06290198096218164,0.0011241565052242666,0.9348040476803019,0.0011430697070689963,0.9370980190378184,0.0011241565052242661,0.9380413343624046,0.0011162568130028765,0.9380413343624046,0.0011162568130028765,WITHIN,0.018041334362404626
D1_S3_d2_M5,D1,3,0.5,5,46644,C3,T3,0.5836185446046317,0.5,0.5192398202978377,0.49828388234287935,0.0014706687708744691,0.10088475125882418,0.3176235999714508,1.646734169128792,0.24022382299974274,0.001978121575071853,0.04834491038504416,0.0009931555496606134,0.9468741960380757,0.0010384868583077369,0.9516550896149558,0.0009931555496606136,0.9512048709373124,0.0009975332370450562,0.9516550896149558,0.0009931555496606136,WITHIN,0.028344910385044164
D1_S3_d2_M10,D1,3,0.5,10,22464,P1,T2,0.5836185446046317,0.5,0.5192398202978377,0.5632916175268786,0.0016725470167508441,0.0628410973861116,0.2506812665240696,0.9813139500906196,0.6119569088319088,0.0032512985747030774,0.08097400284900284,0.0018200912317417205,0.921073717948718,0.0017989308619127385,0.9190259971509972,0.00182009123174172,0.9223201566951567,0.0017858767165644994,0.921073717948718,0.0017989308619127385,WITHIN,0.0010737179487180226
D1_S3_d2_M10,D1,3,0.5,10,22464,P2,T2,0.5836185446046317,0.5,0.5192398202978377,0.5632916175268786,0.0016725470167508441,0.0628410973861116,0.2506812665240696,0.9626549871536783,0.6248219373219374,0.0032303777296377473,0.0858707264957265,0.0018693164670276086,0.9154647435897436,0.0018560779167348944,0.9141292735042735,0.0018693164670276082,0.9170673076923077,0.0018400089811872662,0.9154647435897436,0.0018560779167348944,BOUNDARY_BELOW,0.004535256410256316
D1_S3_d2_M10,D1,3,0.5,10,22464,P3,T2,0.5836185446046317,0.5,0.5192398202978377,0.5632916175268786,0.0016725470167508441,0.0628410973861116,0.2506812665240696,1.4455735882742387,0.26112891737891736,0.002930679144471117,0.020566239316239316,0.0009469377545334946,0.9586004273504274,0.001329147543501835,0.9794337606837606,0.0009469377545334955,0.9753828347578347,0.0010338630866018183,0.9586004273504274,0.001329147543501835,WITHIN,0.021399572649572596
D1_S3_d2_M10,D1,3,0.5,10,22464,P4,T2,0.5836185446046317,0.5,0.5192398202978377,0.5749102360431839,0.0017765245228759635,0.07089726864084889,0.26626541014718547,0.9813139500906196,0.6267806267806267,0.0032269803921958417,0.0917022792022792,0.0019255758563437432,0.9122150997150997,0.0018880565297022818,0.9082977207977208,0.0019255758563437436,0.9124821937321937,0.0018854580124129413,0.9122150997150997,0.0018880565297022818,OUTSIDE_BELOW,0.007784900284900198
D1_S3_d2_M10,D1,3,0.5,10,22464,C1,T_DL,0.5836185446046317,0.5,0.5192398202978377,0.5161714093216471,0.0014488455403661466,0.04715538197398039,0.21715289998980072,0.8191156098139726,0.6706285612535613,0.003135742888334525,0.08747329059829059,0.001885024414150267,0.9019764957264957,0.001983897257905637,0.9125267094017094,0.0018850244141502667,0.9143073361823362,0.0018675592053250308,0.9143073361823362,0.0018675592053250308,OUTSIDE_BELOW,0.005692663817663757
D1_S3_d2_M10,D1,3,0.5,10,22464,C2,T_DL,0.5836185446046317,0.5,0.5192398202978377,0.5161714093216471,0.0014488455403661466,0.04715538197398039,0.21715289998980072,0.93289303642445,0.5805288461538461,0.003292451660002751,0.059161324786324784,0.0015741023992800875,0.9330039173789174,0.0016681031140854258,0.9408386752136753,0.0015741023992800868,0.9415509259259259,0.001565190416124102,0.9415509259259259,0.001565190416124102,WITHIN,0.021550925925926
D1_S3_d2_M10,D1,3,0.5,10,22464,C3,T3,0.5836185446046317,0.5,0.5192398202978377,0.4996715637557758,0.0014930062619258216,0.0500737767712352,0.22377170681575273,0.981994693074825,0.5201210826210826,0.0033333008948351873,0.04874465811965812,0.0014367080443325702,0.9403935185185185,0.001579639596758741,0.9512553418803419,0.00143670804433257,0.9508992165242165,0.001441676802892948,0.9512553418803419,0.00143670804433257,WITHIN,0.028744658119658095
D1_S3_d2_M30,D1,3,0.5,30,20000,P1,T2,0.5836185446046317,0.5,0.5192398202978377,0.5762529397267024,0.0010954237717830503,0.023999064795748093,0.154916315460148,0.566225904672954,0.97535,0.0010964118181595807,0.09295,0.002053171905856887,0.92415,0.0018721214904487366,0.90705,0.0020531719058568864,0.91725,0.0019481072544908812,0.92415,0.0018721214904487366,WITHIN,0.004150000000000098
D1_S3_d2_M30,D1,3,0.5,30,20000,P2,T2,0.5836185446046317,0.5,0.5192398202978377,0.5762529397267024,0.0010954237717830503,0.023999064795748093,0.154916315460148,0.5653475721460308,0.9756,0.0010909775433069183,0.09365,0.0020600931714366707,0.9238,0.001876080488678458,0.90635,0.0020600931714366707,0.9169,0.001951850276020166,0.9238,0.001876080488678458,WITHIN,0.0038000000000000256
D1_S3_d2_M30,D1,3,0.5,30,20000,P3,T2,0.5836185446046317,0.5,0.5192398202978377,0.5762529397267024,0.0010954237717830503,0.023999064795748093,0.154916315460148,0.823387507011027,0.9167,0.0019539845188741903,0.01215,0.0007746733989237012,0.9633,0.0013295320605385933,0.98785,0.0007746733989237011,0.9839,0.0008899660105869214,0.9633,0.0013295320605385933,WITHIN,0.016699999999999937
D1_S3_d2_M30,D1,3,0.5,30,20000,P4,T2,0.5836185446046317,0.5,0.5192398202978377,0.5824977830646,0.001146028676771518,0.02626763455965353,0.16207292975587728,0.566225904672954,0.9761,0.0010800182868822184,0.10275,0.0021470029983677247,0.92025,0.001915593087009869,0.89725,0.0021470029983677247,0.91005,0.002023104019817073,0.92025,0.001915593087009869,WITHIN,0.0002500000000000835
D1_S3_d2_M30,D1,3,0.5,30,20000,C1,T_DL,0.5836185446046317,0.5,0.5192398202978377,0.5189848097816897,0.0008811456984996785,0.015528354839689729,0.12461281972449596,0.4848818631267038,0.9819,0.0009426661657235823,0.06735,0.001772201702685109,0.9059,0.0020645240371572325,0.93265,0.0017722017026851095,0.93755,0.0017109938266983901,0.93755,0.0017109938266983901,WITHIN,0.017550000000000066
D1_S3_d2_M30,D1,3,0.5,30,20000,C2,T_DL,0.5836185446046317,0.5,0.5192398202978377,0.5189848097816897,0.0008811456984996785,0.015528354839689729,0.12461281972449596,0.49947595638963305,0.97995,0.0009911608724117395,0.05925,0.001669422617254241,0.9169,0.001951850276020166,0.94075,0.0016694226172542413,0.94425,0.0016223738394710383,0.94425,0.0016223738394710383,WITHIN,0.024250000000000105
D1_S3_d2_M30,D1,3,0.5,30,20000,C3,T3,0.5836185446046317,0.5,0.5192398202978377,0.5005442115701262,0.0009160484777420958,0.016782896271472225,0.12954881810141003,0.5239707691019134,0.95815,0.00141595511051728,0.05175,0.0015663961424237486,0.9044,0.0020791902269874205,0.94825,0.0015663961424237478,0.9475,0.001577081957286938,0.94825,0.0015663961424237478,WITHIN,0.02825000000000011
D1_S3_d2_M100,D1,3,0.5,100,20000,P1,T2,0.5836185446046317,0.5,0.5192398202978377,0.5804469441610685,0.0006153171908334517,0.007572304906703409,0.08701899164379813,0.3235477664242464,1.0,7.071067811865475e-153,0.1561,0.002566444914663083,0.93635,0.0017262484974649506,0.8439,0.0025664449146630833,0.89155,0.002198733698063502,0.93635,0.0017262484974649506,WITHIN,0.016350000000000087
D1_S3_d2_M100,D1,3,0.5,100,20000,P2,T2,0.5836185446046317,0.5,0.5192398202978377,0.5804469441610685,0.0006153171908334517,0.007572304906703409,0.08701899164379813,0.3235069244035156,1.0,7.071067811865475e-153,0.15615,0.002566779864928039,0.9363,0.0017268802795793342,0.84385,0.002566779864928039,0.8915,0.00219917882401591,0.9363,0.0017268802795793342,WITHIN,0.016300000000000092
D1_S3_d2_M100,D1,3,0.5,100,20000,P3,T2,0.5836185446046317,0.5,0.5192398202978377,0.5804469441610685,0.0006153171908334517,0.007572304906703409,0.08701899164379813,0.46394758801854624,0.9988,0.00024480196077645894,0.009,0.000667794878686562,0.97875,0.001019765598066536,0.991,0.0006677948786865623,0.99385,0.0005528190255409083,0.97875,0.001019765598066536,WITHIN,0.0012499999999999734
D1_S3_d2_M100,D1,3,0.5,100,20000,P4,T2,0.5836185446046317,0.5,0.5192398202978377,0.582752974355988,0.000627599811858071,0.007877630476885722,0.08875601656724869,0.3235477664242464,1.0,7.071067811865475e-153,0.16355,0.0026153527247772907,0.9352,0.0017407033061380675,0.83645,0.0026153527247772907,0.886,0.0022472650043997926,0.9352,0.0017407033061380675,WITHIN,0.015200000000000102
D1_S3_d2_M100,D1,3,0.5,100,20000,C1,T_DL,0.5836185446046317,0.5,0.5192398202978377,0.5188521463851995,0.0004858343861433825,0.004720701015186346,0.06870735779511788,0.26884382741783713,1.0,7.071067811865475e-153,0.06235,0.0017097145595098616,0.8395,0.0025955707464833237,0.93765,0.0017097145595098618,0.94575,0.001601670026878196,0.94575,0.001601670026878196,WITHIN,0.02575000000000005
D1_S3_d2_M100,D1,3,0.5,100,20000,C2,T_DL,0.5836185446046317,0.5,0.5192398202978377,0.5188521463851995,0.0004858343861433825,0.004720701015186346,0.06870735779511788,0.26800371352569585,1.0,7.071067811865475e-153,0.0626,0.0017129103887827874,0.83945,0.002595897701181616,0.9374,0.0017129103887827872,0.94655,0.0015904888792443663,0.94655,0.0015904888792443663,WITHIN,0.026550000000000074
D1_S3_d2_M100,D1,3,0.5,100,20000,C3,T3,0.5836185446046317,0.5,0.5192398202978377,0.4995979654993044,0.0005056712366541902,0.005114067991587562,0.07151271209783308,0.2806894819695791,1.0,7.071067811865475e-153,0.051,0.001555618847918731,0.7796,0.002931073523472245,0.949,0.0015556188479187317,0.9397,0.0016832098799614982,0.949,0.0015556188479187317,WITHIN,0.029000000000000026
D1_S4_d1_M3,D1,4,0.0,3,20000,P1,T2,0.0,0.0,0.0,0.004679676975560195,0.004890352926943907,0.4783110350013769,0.6916003434075035,12.819288865141445,0.0099,0.0007000710678209749,0.0099,0.0007000710678209749,0.9901,0.0007000710678209755,0.9901,0.0007000710678209755,0.9901,0.0007000710678209755,0.9901,0.0007000710678209755,OUTSIDE_ABOVE,0.010099999999999998
D1_S4_d1_M3,D1,4,0.0,3,20000,P2,T2,0.0,0.0,0.0,0.004679676975560195,0.004890352926943907,0.4783110350013769,0.6916003434075035,4.340945968863176,0.0743,0.0018544474918422468,0.0743,0.0018544474918422468,0.9257,0.0018544474918422472,0.9257,0.0018544474918422472,0.9257,0.0018544474918422472,0.9257,0.0018544474918422472,WITHIN,0.005700000000000038
D1_S4_d1_M3,D1,4,0.0,3,20000,P3,T2,0.0,0.0,0.0,0.004679676975560195,0.004890352926943907,0.4783110350013769,0.6916003434075035,16.273181937484328,0.0002,9.998999949994999e-05,0.0002,9.998999949994999e-05,0.9998,9.998999949994449e-05,0.9998,9.998999949994449e-05,0.9998,9.998999949994449e-05,0.9998,9.998999949994449e-05,OUTSIDE_ABOVE,0.01980000000000004
D1_S4_d1_M3,D1,4,0.0,3,20000,P4,T2,0.0,0.0,0.0,0.005651862607410978,0.005326758453423493,0.567487112422373,0.7533174048317037,12.819288865141445,0.01,0.0007035623639735144,0.01,0.0007035623639735144,0.99,0.0007035623639735148,0.99,0.0007035623639735148,0.99,0.0007035623639735148,0.99,0.0007035623639735148,OUTSIDE_ABOVE,0.010000000000000009
D1_S4_d1_M3,D1,4,0.0,3,20000,C1,T_DL,0.0,0.0,0.0,0.0029765982575405384,0.004544618784848714,0.4130711979919961,0.6427061521348587,2.240223919423957,0.17455,0.002684048225162879,0.17455,0.002684048225162879,0.82545,0.002684048225162879,0.82545,0.002684048225162879,0.82545,0.002684048225162879,0.82545,0.002684048225162879,OUTSIDE_BELOW,0.09454999999999991
D1_S4_d1_M3,D1,4,0.0,3,20000,C2,T_DL,0.0,0.0,0.0,0.0029765982575405384,0.004544618784848714,0.4130711979919961,0.6427061521348587,4.796449181059462,0.0564,0.0016312424712469939,0.0564,0.0016312424712469939,0.9436,0.0016312424712469939,0.9436,0.0016312424712469939,0.9436,0.0016312424712469939,0.9436,0.0016312424712469939,WITHIN,0.023600000000000065
D1_S4_d1_M3,D1,4,0.0,3,20000,C3,T3,0.0,0.0,0.0,0.0029670356114421983,0.004553086548061696,0.4146119422828075,0.643903674692735,4.896572714558283,0.04615,0.0014835797501314178,0.04615,0.0014835797501314178,0.95385,0.0014835797501314182,0.95385,0.0014835797501314182,0.95385,0.0014835797501314182,0.95385,0.0014835797501314182,WITHIN,0.026150000000000007
D1_S4_d1_M5,D1,4,0.0,5,20000,P1,T2,0.0,0.0,0.0,-0.0025239623977384214,0.003907396398904619,0.30535493236345573,0.5525892980898705,2.8248636498973814,0.0625,0.0017116329922036442,0.0625,0.0017116329922036442,0.9375,0.0017116329922036442,0.9375,0.0017116329922036442,0.9375,0.0017116329922036442,0.9375,0.0017116329922036442,WITHIN,0.01750000000000007
D1_S4_d1_M5,D1,4,0.0,5,20000,P2,T2,0.0,0.0,0.0,-0.0025239623977384214,0.003907396398904619,0.30535493236345573,0.5525892980898705,2.464481125914728,0.0872,0.0019949456132937558,0.0872,0.0019949456132937558,0.9128,0.0019949456132937566,0.9128,0.0019949456132937566,0.9128,0.0019949456132937566,0.9128,0.0019949456132937566,OUTSIDE_BELOW,0.007199999999999984
D1_S4_d1_M5,D1,4,0.0,5,20000,P3,T2,0.0,0.0,0.0,-0.0025239623977384214,0.003907396398904619,0.30535493236345573,0.5525892980898705,3.351802840908115,0.00605,0.0005483337259370428,0.00605,0.0005483337259370428,0.99395,0.0005483337259370428,0.99395,0.0005483337259370428,0.99395,0.0005483337259370428,0.99395,0.0005483337259370428,OUTSIDE_ABOVE,0.013950000000000018
D1_S4_d1_M5,D1,4,0.0,5,20000,P4,T2,0.0,0.0,0.0,-0.0026903510850840515,0.004202901847088224,0.3532876787251522,0.5943800793475099,2.8248636498973814,0.0676,0.0017752498415716023,0.0676,0.0017752498415716023,0.9324,0.0017752498415716023,0.9324,0.0017752498415716023,0.9324,0.0017752498415716023,0.9324,0.0017752498415716023,WITHIN,0.012400000000000078
D1_S4_d1_M5,D1,4,0.0,5,20000,C1,T_DL,0.0,0.0,0.0,-0.0028812203647477657,0.0035137405409964998,0.24692745178884748,0.4969179527737426,1.8148895971785408,0.12635,0.0023493156184301845,0.12635,0.0023493156184301845,0.87365,0.002349315618430184,0.87365,0.002349315618430184,0.87365,0.002349315618430184,0.87365,0.002349315618430184,OUTSIDE_BELOW,0.04634999999999989
D1_S4_d1_M5,D1,4,0.0,5,20000,C2,T_DL,0.0,0.0,0.0,-0.0028812203647477657,0.0035137405409964998,0.24692745178884748,0.4969179527737426,2.561867590970129,0.05835,0.0016574872171452786,0.05835,0.0016574872171452786,0.94165,0.0016574872171452788,0.94165,0.0016574872171452788,0.94165,0.0016574872171452788,0.94165,0.0016574872171452788,WITHIN,0.021650000000000058
D1_S4_d1_M5,D1,4,0.0,5,20000,C3,T3,0.0,0.0,0.0,-0.0027965722866358815,0.003533917588545111,0.2497714704525698,0.49977141820293186,2.6096265000345573,0.05035,0.0015462030510253173,0.05035,0.0015462030510253173,0.94965,0.0015462030510253173,0.94965,0.0015462030510253173,0.94965,0.0015462030510253173,0.94965,0.0015462030510253173,WITHIN,0.029650000000000065
D1_S4_d1_M10,D1,4,0.0,10,59516,P1,T2,0.0,0.0,0.0,0.0004364594831319111,0.0016675094102381232,0.16548945357947697,0.4068039498081072,1.6244876545556608,0.07776060219100746,0.0010977028092283988,0.07776060219100746,0.0010977028092283988,0.9222393978089926,0.0010977028092283986,0.9222393978089926,0.0010977028092283986,0.9222393978089926,0.0010977028092283986,0.9222393978089926,0.0010977028092283986,WITHIN,0.002239397808992627
D1_S4_d1_M10,D1,4,0.0,10,59516,P2,T2,0.0,0.0,0.0,0.0004364594831319111,0.0016675094102381232,0.16548945357947697,0.4068039498081072,1.5935992167268969,0.08221318637005175,0.0011259647113925964,0.08221318637005175,0.0011259647113925964,0.9177868136299483,0.001125964711392596,0.9177868136299483,0.001125964711392596,0.9177868136299483,0.001125964711392596,0.9177868136299483,0.001125964711392596,BOUNDARY_BELOW,0.002213186370051634
D1_S4_d1_M10,D1,4,0.0,10,59516,P3,T2,0.0,0.0,0.0,0.0004364594831319111,0.0016675094102381232,0.16548945357947697,0.4068039498081072,1.8114448171019064,0.01695342428926675,0.0005291744844801011,0.01695342428926675,0.0005291744844801011,0.9830465757107333,0.0005291744844801006,0.9830465757107333,0.0005291744844801006,0.9830465757107333,0.0005291744844801006,0.9830465757107333,0.0005291744844801006,OUTSIDE_ABOVE,0.0030465757107333014
D1_S4_d1_M10,D1,4,0.0,10,59516,P4,T2,0.0,0.0,0.0,0.0002734993622950346,0.0017616495400535072,0.1847024961128902,0.42977028295694225,1.6244876545556608,0.08653135291350225,0.0011524356971644378,0.08653135291350225,0.0011524356971644378,0.9134686470864978,0.0011524356971644378,0.9134686470864978,0.0011524356971644378,0.9134686470864978,0.0011524356971644378,0.9134686470864978,0.0011524356971644378,OUTSIDE_BELOW,0.006531352913502153
D1_S4_d1_M10,D1,4,0.0,10,59516,C1,T_DL,0.0,0.0,0.0,0.00045581714314095863,0.0014364966879138155,0.12281261905979823,0.35044631409075805,1.3265518300768842,0.08669937495799449,0.0011534479277871769,0.08669937495799449,0.0011534479277871769,0.9133006250420055,0.0011534479277871773,0.9133006250420055,0.0011534479277871773,0.9133006250420055,0.0011534479277871773,0.9133006250420055,0.0011534479277871773,OUTSIDE_BELOW,0.006699374957994442
D1_S4_d1_M10,D1,4,0.0,10,59516,C2,T_DL,0.0,0.0,0.0,0.00045581714314095863,0.0014364966879138155,0.12281261905979823,0.35044631409075805,1.5313882220647883,0.05213724040594126,0.0009112339312814001,0.05213724040594126,0.0009112339312814001,0.9478627595940587,0.0009112339312814001,0.9478627595940587,0.0009112339312814001,0.9478627595940587,0.0009112339312814001,0.9478627595940587,0.0009112339312814001,WITHIN,0.027862759594058817
D1_S4_d1_M10,D1,4,0.0,10,59516,C3,T3,0.0,0.0,0.0,0.00022927232206224656,0.0014460711812255133,0.12445520868945034,0.3527820980285853,1.5533193211797578,0.04931447005847167,0.0008875416848295242,0.04931447005847167,0.0008875416848295242,0.9506855299415283,0.0008875416848295242,0.9506855299415283,0.0008875416848295242,0.9506855299415283,0.0008875416848295242,0.9506855299415283,0.0008875416848295242,WITHIN,0.029314470058471653
D1_S4_d1_M30,D1,4,0.0,30,20000,P1,T2,0.0,0.0,0.0,-0.0010910055594573664,0.0017073424197260668,0.05830036276392121,0.2414546805591501,0.928325401797827,0.0641,0.0017319236415038626,0.0641,0.0017319236415038626,0.9359,0.0017319236415038633,0.9359,0.0017319236415038633,0.9359,0.0017319236415038633,0.9359,0.0017319236415038633,WITHIN,0.015900000000000025
D1_S4_d1_M30,D1,4,0.0,30,20000,P2,T2,0.0,0.0,0.0,-0.0010910055594573664,0.0017073424197260668,0.05830036276392121,0.2414546805591501,0.9268853786741252,0.06455,0.001737574422866543,0.06455,0.001737574422866543,0.93545,0.001737574422866543,0.93545,0.001737574422866543,0.93545,0.001737574422866543,0.93545,0.001737574422866543,WITHIN,0.015450000000000075
D1_S4_d1_M30,D1,4,0.0,30,20000,P3,T2,0.0,0.0,0.0,-0.0010910055594573664,0.0017073424197260668,0.05830036276392121,0.2414546805591501,0.9712797297990524,0.03185,0.0012416838869051979,0.03185,0.0012416838869051979,0.96815,0.0012416838869051985,0.96815,0.0012416838869051985,0.96815,0.0012416838869051985,0.96815,0.0012416838869051985,WITHIN,0.011850000000000027
D1_S4_d1_M30,D1,4,0.0,30,20000,P4,T2,0.0,0.0,0.0,-0.0010143413971111111,0.001755163836678943,0.06161200187171095,0.24821765020181574,0.928325401797827,0.06905,0.0017927924796250123,0.06905,0.0017927924796250123,0.93095,0.0017927924796250117,0.93095,0.0017927924796250117,0.93095,0.0017927924796250117,0.93095,0.0017927924796250117,WITHIN,0.010950000000000126
D1_S4_d1_M30,D1,4,0.0,30,20000,C1,T_DL,0.0,0.0,0.0,-0.002231485768208131,0.0014200872973894067,0.040332958644134984,0.20083067157218537,0.7815581761141167,0.059,0.0016661182431028118,0.059,0.0016661182431028118,0.941,0.0016661182431028125,0.941,0.0016661182431028125,0.941,0.0016661182431028125,0.941,0.0016661182431028125,WITHIN,0.02100000000000002
D1_S4_d1_M30,D1,4,0.0,30,20000,C2,T_DL,0.0,0.0,0.0,-0.002231485768208131,0.0014200872973894067,0.040332958644134984,0.20083067157218537,0.8156408309409972,0.0489,0.0015249391791150228,0.0489,0.0015249391791150228,0.9511,0.0015249391791150237,0.9511,0.0015249391791150237,0.9511,0.0015249391791150237,0.9511,0.0015249391791150237,WITHIN,0.028900000000000037
D1_S4_d1_M30,D1,4,0.0,30,20000,C3,T3,0.0,0.0,0.0,-0.002448218320925235,0.0014338603207781561,0.04111910839004074,0.2027784712193105,0.8243226749209392,0.04845,0.0015182654165197863,0.04845,0.0015182654165197863,0.95155,0.001518265416519786,0.95155,0.001518265416519786,0.95155,0.001518265416519786,0.95155,0.001518265416519786,WITHIN,0.028449999999999975
D1_S4_d1_M100,D1,4,0.0,100,20000,P1,T2,0.0,0.0,0.0,0.0005772399647174057,0.0009526688159045283,0.018151557455938723,0.13472771599021013,0.5222440633239473,0.05735,0.0016440951538764415,0.05735,0.0016440951538764415,0.94265,0.0016440951538764417,0.94265,0.0016440951538764417,0.94265,0.0016440951538764417,0.94265,0.0016440951538764417,WITHIN,0.02265000000000006
D1_S4_d1_M100,D1,4,0.0,100,20000,P2,T2,0.0,0.0,0.0,0.0005772399647174057,0.0009526688159045283,0.018151557455938723,0.13472771599021013,0.5221781395096786,0.05735,0.0016440951538764415,0.05735,0.0016440951538764415,0.94265,0.0016440951538764417,0.94265,0.0016440951538764417,0.94265,0.0016440951538764417,0.94265,0.0016440951538764417,WITHIN,0.02265000000000006
D1_S4_d1_M100,D1,4,0.0,100,20000,P3,T2,0.0,0.0,0.0,0.0005772399647174057,0.0009526688159045283,0.018151557455938723,0.13472771599021013,0.5307208988103048,0.04465,0.0014604173632903712,0.04465,0.0014604173632903712,0.95535,0.0014604173632903705,0.95535,0.0014604173632903705,0.95535,0.0014604173632903705,0.95535,0.0014604173632903705,WITHIN,0.02464999999999995
D1_S4_d1_M100,D1,4,0.0,100,20000,P4,T2,0.0,0.0,0.0,0.0006089263908498625,0.0009625904757036745,0.018531608478308526,0.13613085057513058,0.5222440633239473,0.05965,0.0016746921732067657,0.05965,0.0016746921732067657,0.94035,0.0016746921732067655,0.94035,0.0016746921732067655,0.94035,0.0016746921732067655,0.94035,0.0016746921732067655,WITHIN,0.02035000000000009
D1_S4_d1_M100,D1,4,0.0,100,20000,C1,T_DL,0.0,0.0,0.0,-0.0001723665334805201,0.0007764239488321315,0.012056682966401607,0.10980292785896743,0.4315786744779568,0.0524,0.001575662400389119,0.0524,0.001575662400389119,0.9476,0.001575662400389119,0.9476,0.001575662400389119,0.9476,0.001575662400389119,0.9476,0.001575662400389119,WITHIN,0.02760000000000007
D1_S4_d1_M100,D1,4,0.0,100,20000,C2,T_DL,0.0,0.0,0.0,-0.0001723665334805201,0.0007764239488321315,0.012056682966401607,0.10980292785896743,0.4370609549174385,0.0487,0.001521977496548487,0.0487,0.001521977496548487,0.9513,0.0015219774965484867,0.9513,0.0015219774965484867,0.9513,0.0015219774965484867,0.9513,0.0015219774965484867,WITHIN,0.028699999999999948
D1_S4_d1_M100,D1,4,0.0,100,20000,C3,T3,0.0,0.0,0.0,-0.0002612211004553731,0.0007839865319740618,0.012292697646334335,0.11087243862355664,0.4412675422285458,0.0486,0.0015204939986727998,0.0486,0.0015204939986727998,0.9514,0.0015204939986727996,0.9514,0.0015204939986727996,0.9514,0.0015204939986727996,0.9514,0.0015204939986727996,WITHIN,0.02859999999999996
D1_S4_d2_M3,D1,4,0.5,3,1000000,P1,T2,0.5,0.5,0.5,0.5006857365060223,0.0006920390733619057,0.4789180790596051,0.6920390733619057,12.855507410341616,0.016016,0.0001255367983660568,0.009974,9.937061599889576e-05,0.990026,9.937061599889595e-05,0.990026,9.937061599889595e-05,0.990026,9.937061599889595e-05,0.990026,9.937061599889595e-05,OUTSIDE_ABOVE,0.01002599999999998
D1_S4_d2_M3,D1,4,0.5,3,1000000,P2,T2,0.5,0.5,0.5,0.5006857365060223,0.0006920390733619057,0.4789180790596051,0.6920390733619057,4.353210514068355,0.114658,0.00031860876170626567,0.076747,0.0002661895903129948,0.923253,0.0002661895903129948,0.923253,0.0002661895903129948,0.923253,0.0002661895903129948,0.923253,0.0002661895903129948,WITHIN,0.0032530000000000614
D1_S4_d2_M3,D1,4,0.5,3,1000000,P3,T2,0.5,0.5,0.5,0.5006857365060223,0.0006920390733619057,0.4789180790596051,0.6920390733619057,17.197211709752025,0.000284,1.684990634988812e-05,0.000738,2.715612925289611e-05,0.999262,2.7156129252896416e-05,0.999262,2.7156129252896416e-05,0.999262,2.7156129252896416e-05,0.999262,2.7156129252896416e-05,OUTSIDE_ABOVE,0.019262
D1_S4_d2_M3,D1,4,0.5,3,1000000,P4,T2,0.5,0.5,0.5,0.5005725179084183,0.0007543407622003305,0.5690299855169754,0.7543407622003304,12.855507410341616,0.016198,0.00012623638459651797,0.010058,9.978394979153712e-05,0.989942,9.978394979153717e-05,0.989942,9.978394979153717e-05,0.989942,9.978394979153717e-05,0.989942,9.978394979153717e-05,OUTSIDE_ABOVE,0.009942000000000006
D1_S4_d2_M3,D1,4,0.5,3,1000000,C1,T_DL,0.5,0.5,0.5,0.5007400430166692,0.0006419796843933954,0.41213791517384346,0.6419796843933954,2.244382328203321,0.259343,0.00043827412466514604,0.174488,0.0003795285731746689,0.825512,0.0003795285731746689,0.825512,0.0003795285731746689,0.825512,0.0003795285731746689,0.825512,0.0003795285731746689,OUTSIDE_BELOW,0.0944879999999999
D1_S4_d2_M3,D1,4,0.5,3,1000000,C2,T_DL,0.5,0.5,0.5,0.5007400430166692,0.0006419796843933954,0.41213791517384346,0.6419796843933954,4.807765205547942,0.090073,0.0002862863158989616,0.059909,0.0002373181655899944,0.940091,0.0002373181655899944,0.940091,0.0002373181655899944,0.940091,0.0002373181655899944,0.940091,0.0002373181655899944,WITHIN,0.02009100000000008
D1_S4_d2_M3,D1,4,0.5,3,1000000,C3,T3,0.5,0.5,0.5,0.5008663628628915,0.0006432571200287055,0.41377972246762446,0.6432571200287055,4.906792234718614,0.077441,0.0002672899016405221,0.049423,0.00021674954918292217,0.950577,0.00021674954918292217,0.950577,0.00021674954918292217,0.950577,0.00021674954918292217,0.950577,0.00021674954918292217,WITHIN,0.029422999999999977
D1_S4_d2_M5,D1,4,0.5,5,27016,P1,T2,0.5,0.5,0.5,0.4988694657174169,0.0033755951956769576,0.3078376732638899,0.5548312115084099,2.803876877603648,0.13658572697660645,0.002089304536670721,0.06336985490079952,0.001482227607999633,0.9366301450992005,0.0014822276079996329,0.9366301450992005,0.0014822276079996329,0.9366301450992005,0.0014822276079996329,0.9366301450992005,0.0014822276079996329,WITHIN,0.016630145099200577
D1_S4_d2_M5,D1,4,0.5,5,27016,P2,T2,0.5,0.5,0.5,0.4988694657174169,0.0033755951956769576,0.3078376732638899,0.5548312115084099,2.4461717451367724,0.18037459283387622,0.0023392943089749155,0.08779982232750963,0.001721794717126855,0.9122001776724904,0.0017217947171268547,0.9122001776724904,0.0017217947171268547,0.9122001776724904,0.0017217947171268547,0.9122001776724904,0.0017217947171268547,OUTSIDE_BELOW,0.007799822327509531
D1_S4_d2_M5,D1,4,0.5,5,27016,P3,T2,0.5,0.5,0.5,0.4988694657174169,0.0033755951956769576,0.3078376732638899,0.5548312115084099,3.5403288963380057,0.01584246372519988,0.000759684294678079,0.016804856381403614,0.0007820359918477582,0.9831951436185964,0.000782035991847758,0.9831951436185964,0.000782035991847758,0.9831951436185964,0.000782035991847758,0.9831951436185964,0.000782035991847758,OUTSIDE_ABOVE,0.0031951436185964077
D1_S4_d2_M5,D1,4,0.5,5,27016,P4,T2,0.5,0.5,0.5,0.49826445129841473,0.003628486224619363,0.3556902862173329,0.5963977583939538,2.803876877603648,0.14354456618300265,0.0021332179985998844,0.06932928634883033,0.0015454176392533626,0.9306707136511697,0.0015454176392533622,0.9306707136511697,0.0015454176392533622,0.9306707136511697,0.0015454176392533622,0.9306707136511697,0.0015454176392533622,WITHIN,0.010670713651169783
D1_S4_d2_M5,D1,4,0.5,5,27016,C1,T_DL,0.5,0.5,0.5,0.5009882585788632,0.0030232242018260838,0.24692312166488006,0.49691359577383276,1.8017307122840045,0.2639176784127924,0.0026815562475123447,0.12714687592537754,0.002026809393427472,0.8728531240746225,0.002026809393427472,0.8728531240746225,0.002026809393427472,0.8728531240746225,0.002026809393427472,0.8728531240746225,0.002026809393427472,OUTSIDE_BELOW,0.047146875925377474
D1_S4_d2_M5,D1,4,0.5,5,27016,C2,T_DL,0.5,0.5,0.5,0.5009882585788632,0.0030232242018260838,0.24692312166488006,0.49691359577383276,2.536730681184008,0.1344018359490672,0.0020751535618831513,0.056151909979271546,0.0014006279655897136,0.9438480900207284,0.0014006279655897136,0.9438480900207284,0.0014006279655897136,0.9438480900207284,0.0014006279655897136,0.9438480900207284,0.0014006279655897136,WITHIN,0.02384809002072852
D1_S4_d2_M5,D1,4,0.5,5,27016,C3,T3,0.5,0.5,0.5,0.5016049596313663,0.0030327416814436,0.24848025722556644,0.49847794056062944,2.583921571518018,0.12344536570920936,0.0020013192217291807,0.050007403020432335,0.0013260708773867023,0.9499925969795676,0.001326070877386703,0.9499925969795676,0.001326070877386703,0.9499925969795676,0.001326070877386703,0.9499925969795676,0.001326070877386703,WITHIN,0.029992596979567687
D1_S4_d2_M10,D1,4,0.5,10,233643,P1,T2,0.5,0.5,0.5,0.49960191419036487,0.000842837911365407,0.16597432015043756,0.4073994601744553,1.6217110845264906,0.269886108293422,0.0009183520173220292,0.07862850588290683,0.0005568407508946988,0.9213714941170932,0.0005568407508946988,0.9213714941170932,0.0005568407508946988,0.9213714941170932,0.0005568407508946988,0.9213714941170932,0.0005568407508946988,WITHIN,0.0013714941170932526
D1_S4_d2_M10,D1,4,0.5,10,233643,P2,T2,0.5,0.5,0.5,0.49960191419036487,0.000842837911365407,0.16597432015043756,0.4073994601744553,1.5908754411344728,0.27987998784470325,0.0009287781209685608,0.08314394182577693,0.0005712017083901609,0.9168560581742231,0.0005712017083901607,0.9168560581742231,0.0005712017083901607,0.9168560581742231,0.0005712017083901607,0.9168560581742231,0.0005712017083901607,OUTSIDE_BELOW,0.0031439418257768192
D1_S4_d2_M10,D1,4,0.5,10,233643,P3,T2,0.5,0.5,0.5,0.49960191419036487,0.000842837911365407,0.16597432015043756,0.4073994601744553,1.9367278951709914,0.1019418514571376,0.0006259679539993483,0.03252397889087197,0.00036698266755764004,0.967476021109128,0.0003669826675576402,0.967476021109128,0.0003669826675576402,0.967476021109128,0.0003669826675576402,0.967476021109128,0.0003669826675576402,WITHIN,0.012523978890871978
D1_S4_d2_M10,D1,4,0.5,10,233643,P4,T2,0.5,0.5,0.5,0.49960267299011835,0.0008900596338515801,0.1850934219278132,0.43022485043034553,1.6217110845264906,0.27839909605680463,0.0009272696763884448,0.08718429398698013,0.0005836255450240875,0.9128157060130199,0.0005836255450240875,0.9128157060130199,0.0005836255450240875,0.9128157060130199,0.0005836255450240875,0.9128157060130199,0.0005836255450240875,OUTSIDE_BELOW,0.0071842939869800615
D1_S4_d2_M10,D1,4,0.5,10,233643,C1,T_DL,0.5,0.5,0.5,0.4992964354271791,0.0007265195593335301,0.12332394125281612,0.3511750863213621,1.3246098845966494,0.3409432339081419,0.000980677164330346,0.08817298185693558,0.0005866074919464471,0.9118270181430644,0.0005866074919464471,0.9118270181430644,0.0005866074919464471,0.9118270181430644,0.0005866074919464471,0.9118270181430644,0.0005866074919464471,OUTSIDE_BELOW,0.00817298185693549
D1_S4_d2_M10,D1,4,0.5,10,233643,C2,T_DL,0.5,0.5,0.5,0.4992964354271791,0.0007265195593335301,0.12332394125281612,0.3511750863213621,1.5293603963380422,0.2540457022037895,0.0009006076866443715,0.054043990190161914,0.0004677704537775109,0.9459560098098381,0.00046777045377751096,0.9459560098098381,0.00046777045377751096,0.9459560098098381,0.00046777045377751096,0.9459560098098381,0.00046777045377751096,WITHIN,0.025956009809838143
D1_S4_d2_M10,D1,4,0.5,10,233643,C3,T3,0.5,0.5,0.5,0.4991745868539423,0.0007312329620373575,0.12492929638898018,0.35345338644435165,1.5515253823752495,0.24590507740441614,0.0008908823797540039,0.05043164143586583,0.0004527289662648292,0.9495683585641341,0.0004527289662648294,0.9495683585641341,0.0004527289662648294,0.9495683585641341,0.0004527289662648294,0.9495683585641341,0.0004527289662648294,WITHIN,0.0295683585641342
D1_S4_d2_M30,D1,4,0.5,30,20000,P1,T2,0.5,0.5,0.5,0.4982076230998964,0.0017230786642444997,0.05938000166349219,0.2436801216010288,0.9295800785624074,0.5682,0.0035024902569457633,0.06765,0.001775858630353216,0.93235,0.0017758586303532158,0.93235,0.0017758586303532158,0.93235,0.0017758586303532158,0.93235,0.0017758586303532158,WITHIN,0.012350000000000083
D1_S4_d2_M30,D1,4,0.5,30,20000,P2,T2,0.5,0.5,0.5,0.4982076230998964,0.0017230786642444997,0.05938000166349219,0.2436801216010288,0.9281381091776746,0.5694,0.003501311468578595,0.06835,0.0017843525086148196,0.93165,0.0017843525086148199,0.93165,0.0017843525086148199,0.93165,0.0017843525086148199,0.93165,0.0017843525086148199,WITHIN,0.01165000000000005
D1_S4_d2_M30,D1,4,0.5,30,20000,P3,T2,0.5,0.5,0.5,0.4982076230998964,0.0017230786642444997,0.05938000166349219,0.2436801216010288,1.0496799406471078,0.4852,0.0035339847198311426,0.0388,0.0013655504384679463,0.9612,0.0013655504384679452,0.9612,0.0013655504384679452,0.9612,0.0013655504384679452,0.9612,0.0013655504384679452,WITHIN,0.018799999999999928
D1_S4_d2_M30,D1,4,0.5,30,20000,P4,T2,0.5,0.5,0.5,0.49801902998092007,0.0017713696868440314,0.06275501134939845,0.25050950351114115,0.9295800785624074,0.5693,0.003501410501497932,0.0727,0.001835956290329375,0.9273,0.0018359562903293748,0.9273,0.0018359562903293748,0.9273,0.0018359562903293748,0.9273,0.0018359562903293748,WITHIN,0.007300000000000084
D1_S4_d2_M30,D1,4,0.5,30,20000,C1,T_DL,0.5,0.5,0.5,0.5006418374897207,0.00142349276763125,0.04052663318996952,0.20131227779241265,0.7819601842306223,0.7038,0.003228510182731348,0.0621,0.0017065109141168714,0.9379,0.001706510914116872,0.9379,0.001706510914116872,0.9379,0.001706510914116872,0.9379,0.001706510914116872,WITHIN,0.017900000000000027
D1_S4_d2_M30,D1,4,0.5,30,20000,C2,T_DL,0.5,0.5,0.5,0.5006418374897207,0.00142349276763125,0.04052663318996952,0.20131227779241265,0.8167452375328343,0.6743,0.0033137554979207505,0.0512,0.0015585018447213978,0.9488,0.0015585018447213982,0.9488,0.0015585018447213982,0.9488,0.0015585018447213982,0.9488,0.0015585018447213982,WITHIN,0.028800000000000048
D1_S4_d2_M30,D1,4,0.5,30,20000,C3,T3,0.5,0.5,0.5,0.5010444933456486,0.0014347205684980904,0.04116846219342968,0.20290012861856366,0.8257830038055439,0.6659,0.0033352450434713187,0.0499,0.0015396426533452493,0.9501,0.0015396426533452502,0.9501,0.0015396426533452502,0.9501,0.0015396426533452502,0.9501,0.0015396426533452502,WITHIN,0.029900000000000038
D1_S4_d2_M100,D1,4,0.5,100,20000,P1,T2,0.5,0.5,0.5,0.4995375412473283,0.0009486502461595052,0.017998745790769793,0.13415940440673474,0.5229669295260109,0.9527,0.001501044802795706,0.05365,0.0015932934051831132,0.94635,0.0015932934051831127,0.94635,0.0015932934051831127,0.94635,0.0015932934051831127,0.94635,0.0015932934051831127,WITHIN,0.026350000000000096
D1_S4_d2_M100,D1,4,0.5,100,20000,P2,T2,0.5,0.5,0.5,0.4995375412473283,0.0009486502461595052,0.017998745790769793,0.13415940440673474,0.5229009144630318,0.9527,0.001501044802795706,0.0537,0.001593993569623165,0.9463,0.0015939935696231648,0.9463,0.0015939935696231648,0.9463,0.0015939935696231648,0.9463,0.0015939935696231648,WITHIN,0.0263000000000001
D1_S4_d2_M100,D1,4,0.5,100,20000,P3,T2,0.5,0.5,0.5,0.4995375412473283,0.0009486502461595052,0.017998745790769793,0.13415940440673474,0.5771970232554526,0.95275,0.001500290596851157,0.032,0.0012445079348883236,0.968,0.0012445079348883243,0.968,0.0012445079348883243,0.968,0.0012445079348883243,0.968,0.0012445079348883243,WITHIN,0.01200000000000001
D1_S4_d2_M100,D1,4,0.5,100,20000,P4,T2,0.5,0.5,0.5,0.4995536059919975,0.0009588310344366265,0.018387139051976226,0.13559918529245013,0.5229669295260109,0.9515,0.0015190087228189309,0.055,0.0016120638945153508,0.945,0.0016120638945153515,0.945,0.0016120638945153515,0.945,0.0016120638945153515,0.945,0.0016120638945153515,WITHIN,0.025000000000000022
D1_S4_d2_M100,D1,4,0.5,100,20000,C1,T_DL,0.5,0.5,0.5,0.49940149307889387,0.0007756090144729215,0.012031386866633131,0.10968767873664358,0.4319002065340681,0.99465,0.0005158186454559376,0.0543,0.001602365594987611,0.9457,0.001602365594987611,0.9457,0.001602365594987611,0.9457,0.001602365594987611,0.9457,0.001602365594987611,WITHIN,0.025700000000000056
D1_S4_d2_M100,D1,4,0.5,100,20000,C2,T_DL,0.5,0.5,0.5,0.49940149307889387,0.0007756090144729215,0.012031386866633131,0.10968767873664358,0.4371973327209844,0.9945,0.0005229603235428071,0.0504,0.0015469298626634629,0.9496,0.0015469298626634629,0.9496,0.0015469298626634629,0.9496,0.0015469298626634629,0.9496,0.0015469298626634629,WITHIN,0.02960000000000007
D1_S4_d2_M100,D1,4,0.5,100,20000,C3,T3,0.5,0.5,0.5,0.49943952545896236,0.0007826565501571663,0.01225102551007834,0.11068435079124031,0.44139252674700147,0.99405,0.0005438105138740888,0.04905,0.0015271558122863561,0.95095,0.0015271558122863568,0.95095,0.0015271558122863568,0.95095,0.0015271558122863568,0.95095,0.0015271558122863568,WITHIN,0.02905000000000002
D1_S5_d1_M3,D1,5,0.0,3,20000,P1,T2,0.08361854460463167,0.0,0.007520030420393065,0.03153820182970408,0.0049731284300644435,0.4946401276383048,0.7033065673220354,12.91324791849403,0.0098,0.0006965615550688969,0.0098,0.0006965615550688969,0.9903,0.000693033548971478,0.9902,0.0006965615550688981,0.9901,0.0007000710678209755,0.9903,0.000693033548971478,OUTSIDE_ABOVE,0.010299999999999976
D1_S5_d1_M3,D1,5,0.0,3,20000,P2,T2,0.08361854460463167,0.0,0.007520030420393065,0.03153820182970408,0.0049731284300644435,0.4946401276383048,0.7033065673220354,4.3727629579473515,0.07725,0.0018878882051117326,0.07725,0.0018878882051117326,0.92135,0.0019034728458793419,0.92275,0.001887888205111733,0.92255,0.001890125624131899,0.92135,0.0019034728458793419,WITHIN,0.0013500000000000734
D1_S5_d1_M3,D1,5,0.0,3,20000,P3,T2,0.08361854460463167,0.0,0.007520030420393065,0.03153820182970408,0.0049731284300644435,0.4946401276383048,0.7033065673220354,16.575318836602534,0.00025,0.00011178942257655686,0.00025,0.00011178942257655686,0.99965,0.00013226441320324253,0.99975,0.00011178942257655069,0.99975,0.00011178942257655069,0.99965,0.00013226441320324253,OUTSIDE_ABOVE,0.019650000000000056
D1_S5_d1_M3,D1,5,0.0,3,20000,P4,T2,0.08361854460463167,0.0,0.007520030420393065,0.045592975089617946,0.005453646180917024,0.5948451333326168,0.771262039343709,12.91324791849403,0.00985,0.0006983186056521765,0.00985,0.0006983186056521765,0.9902,0.0006965615550688981,0.99015,0.0006983186056521774,0.99,0.0007035623639735148,0.9902,0.0006965615550688981,OUTSIDE_ABOVE,0.010199999999999987
D1_S5_d1_M3,D1,5,0.0,3,20000,C1,T_DL,0.08361854460463167,0.0,0.007520030420393065,0.0016446695049451207,0.004558485152178038,0.4155957376525526,0.6446671526086564,2.2634198812394026,0.17165,0.0026663296636012584,0.17165,0.0026663296636012584,0.825,0.002686773157525585,0.82835,0.0026663296636012584,0.8281,0.002667867968996967,0.8281,0.002667867968996967,OUTSIDE_BELOW,0.09189999999999998
D1_S5_d1_M3,D1,5,0.0,3,20000,C2,T_DL,0.08361854460463167,0.0,0.007520030420393065,0.0016446695049451207,0.004558485152178038,0.4155957376525526,0.6446671526086564,4.845695285821616,0.0603,0.001683209879961498,0.0603,0.001683209879961498,0.9394,0.0016871224021984888,0.9397,0.0016832098799614982,0.9397,0.0016832098799614982,0.9397,0.0016832098799614982,WITHIN,0.01970000000000005
D1_S5_d1_M3,D1,5,0.0,3,20000,C3,T3,0.08361854460463167,0.0,0.007520030420393065,-0.0031976758576848625,0.00457026758957129,0.4177469168057153,0.6463334408845912,4.94622720796095,0.04945,0.0015330475775395883,0.04945,0.0015330475775395883,0.9499,0.001542562640543327,0.95055,0.0015330475775395883,0.9507,0.001530841435289756,0.95055,0.0015330475775395883,WITHIN,0.029449999999999976
D1_S5_d1_M5,D1,5,0.0,5,20000,P1,T2,0.08361854460463167,0.0,0.007520030420393065,0.05246120803367462,0.003985198696811998,0.31763617306144104,0.5635922045783113,2.8230301689189,0.06355,0.0017249840216651282,0.06355,0.0017249840216651282,0.9352,0.0017407033061380675,0.93645,0.0017249840216651282,0.93645,0.0017249840216651282,0.9352,0.0017407033061380675,WITHIN,0.015200000000000102
D1_S5_d1_M5,D1,5,0.0,5,20000,P2,T2,0.08361854460463167,0.0,0.007520030420393065,0.05246120803367462,0.003985198696811998,0.31763617306144104,0.5635922045783113,2.4628815516250606,0.0896,0.0020195524256626765,0.0896,0.0020195524256626765,0.91065,0.0020170098847055763,0.9104,0.0020195524256626765,0.91065,0.0020170098847055763,0.91065,0.0020170098847055763,OUTSIDE_BELOW,0.00934999999999997
D1_S5_d1_M5,D1,5,0.0,5,20000,P3,T2,0.08361854460463167,0.0,0.007520030420393065,0.05246120803367462,0.003985198696811998,0.31763617306144104,0.5635922045783113,3.3896744083257135,0.0067,0.0005768496337868301,0.0067,0.0005768496337868301,0.99195,0.000631870140930872,0.9933,0.0005768496337868318,0.99335,0.0005747076430673271,0.99195,0.000631870140930872,OUTSIDE_ABOVE,0.011950000000000016
D1_S5_d1_M5,D1,5,0.0,5,20000,P4,T2,0.08361854460463167,0.0,0.007520030420393065,0.06729537231851869,0.004301549724213427,0.37006660059761226,0.6083309959204876,2.8230301689189,0.0697,0.0018005819892468102,0.0697,0.0018005819892468102,0.92955,0.001809513712299523,0.9303,0.00180058198924681,0.9307,0.0017957938356058586,0.92955,0.001809513712299523,WITHIN,0.009550000000000058
D1_S5_d1_M5,D1,5,0.0,5,20000,C1,T_DL,0.08361854460463167,0.0,0.007520030420393065,0.00608094296830937,0.003521571706976704,0.24802934574757635,0.4980254468875826,1.8167843093292504,0.12765,0.002359613077392139,0.12765,0.002359613077392139,0.87025,0.0023760780448040843,0.87235,0.0023596130773921396,0.8721,0.002361584108178237,0.8721,0.002361584108178237,OUTSIDE_BELOW,0.04789999999999994
D1_S5_d1_M5,D1,5,0.0,5,20000,C2,T_DL,0.08361854460463167,0.0,0.007520030420393065,0.00608094296830937,0.003521571706976704,0.24802934574757635,0.4980254468875826,2.563462913538521,0.0576,0.0016474562209661293,0.0576,0.0016474562209661293,0.94055,0.00167206006919608,0.9424,0.0016474562209661291,0.9422,0.0016501387820422857,0.9422,0.0016501387820422857,WITHIN,0.02220000000000011
D1_S5_d1_M5,D1,5,0.0,5,20000,C3,T3,0.08361854460463167,0.0,0.007520030420393065,0.0006452557570641794,0.003527580960887904,0.24887654871237655,0.49887528372567885,2.611895745379087,0.0502,0.0015440200775896666,0.0502,0.0015440200775896666,0.94745,0.001577791137952042,0.9498,0.001544020077589667,0.94945,0.0015491077673938634,0.9498,0.001544020077589667,WITHIN,0.02980000000000005
D1_S5_d1_M10,D1,5,0.0,10,73677,P1,T2,0.08361854460463167,0.0,0.007520030420393065,0.06406013454949822,0.0015282883941079828,0.17208482082259405,0.41483107504452227,1.6372430752719687,0.08060860241323616,0.001002939986708619,0.08060860241323616,0.001002939986708619,0.920110753695183,0.0009988453411563954,0.9193913975867638,0.0010029399867086193,0.9199885988843194,0.0009995423359737093,0.920110753695183,0.0009988453411563954,WITHIN,0.00011075369518309675
D1_S5_d1_M10,D1,5,0.0,10,73677,P2,T2,0.08361854460463167,0.0,0.007520030420393065,0.06406013454949822,0.0015282883941079828,0.17208482082259405,0.41483107504452227,1.6061121025007752,0.08526405798281689,0.001028880423806175,0.08526405798281689,0.001028880423806175,0.9152245612606377,0.0010262020770848697,0.9147359420171831,0.001028880423806175,0.9150616881794862,0.0010270959859132692,0.9152245612606377,0.0010262020770848697,OUTSIDE_BELOW,0.004775438739362259
D1_S5_d1_M10,D1,5,0.0,10,73677,P3,T2,0.08361854460463167,0.0,0.007520030420393065,0.06406013454949822,0.0015282883941079828,0.17208482082259405,0.41483107504452227,1.8422180004166913,0.01768530206170175,0.00048558537175180254,0.01768530206170175,0.00048558537175180254,0.9775370875578538,0.0005459258851668989,0.9823146979382983,0.00048558537175180205,0.9822196886409599,0.00048686441344912074,0.9775370875578538,0.0005459258851668989,WITHIN,0.002462912442146137
D1_S5_d1_M10,D1,5,0.0,10,73677,P4,T2,0.08361854460463167,0.0,0.007520030420393065,0.07550652894593553,0.0016224367140076827,0.19394003274326335,0.44038623132798255,1.6372430752719687,0.09073387895815518,0.001058191519788414,0.09073387895815518,0.001058191519788414,0.9113563255832893,0.0010471334045028219,0.9092661210418448,0.001058191519788414,0.9100533409340771,0.0010540469978856098,0.9113563255832893,0.0010471334045028219,OUTSIDE_BELOW,0.008643674416710656
D1_S5_d1_M10,D1,5,0.0,10,73677,C1,T_DL,0.08361854460463167,0.0,0.007520030420393065,0.007185388848308915,0.001292046542653588,0.12299522474166087,0.35070675035086063,1.3323071069807255,0.08647203333469061,0.0010354587261110781,0.08647203333469061,0.0010354587261110781,0.90820744601436,0.0010637272599546515,0.9135279666653094,0.001035458726111078,0.9136094032058851,0.0010350171609017132,0.9136094032058851,0.0010350171609017132,OUTSIDE_BELOW,0.0063905967941148
D1_S5_d1_M10,D1,5,0.0,10,73677,C2,T_DL,0.08361854460463167,0.0,0.007520030420393065,0.007185388848308915,0.001292046542653588,0.12299522474166087,0.35070675035086063,1.5332749825898306,0.05335450683388303,0.0008279674695479214,0.05335450683388303,0.0008279674695479214,0.9418678827856726,0.0008620592124597392,0.946645493166117,0.000827967469547921,0.9466997841931675,0.0008275698419711916,0.9466997841931675,0.0008275698419711916,WITHIN,0.02669978419316754
D1_S5_d1_M10,D1,5,0.0,10,73677,C3,T3,0.08361854460463167,0.0,0.007520030420393065,0.0002976528392431753,0.0012997775522416326,0.12447152150867694,0.35280521751906807,1.555050377029654,0.050327782075817416,0.0008054244245741272,0.050327782075817416,0.0008054244245741272,0.9454782360845311,0.0008364591768226034,0.9496722179241825,0.0008054244245741275,0.949767227221521,0.0008047040712477665,0.9496722179241825,0.0008054244245741275,WITHIN,0.02967221792418262
D1_S5_d1_M30,D1,5,0.0,30,20000,P1,T2,0.08361854460463167,0.0,0.007520030420393065,0.0726199684092998,0.0017758001389099744,0.06306932266705369,0.2511360640510512,0.950443928756071,0.0719,0.0018266142176168454,0.0719,0.0018266142176168454,0.93265,0.0017722017026851095,0.9281,0.001826614217616845,0.9306,0.0017969924874634286,0.93265,0.0017722017026851095,WITHIN,0.01265000000000005
D1_S5_d1_M30,D1,5,0.0,30,20000,P2,T2,0.08361854460463167,0.0,0.007520030420393065,0.0726199684092998,0.0017758001389099744,0.06306932266705369,0.2511360640510512,0.9489695952599283,0.07225,0.0018307093911923869,0.07225,0.0018307093911923869,0.9322,0.0017776833238797058,0.92775,0.0018307093911923873,0.93035,0.0017999844096547057,0.9322,0.0017776833238797058,WITHIN,0.0122000000000001
D1_S5_d1_M30,D1,5,0.0,30,20000,P3,T2,0.08361854460463167,0.0,0.007520030420393065,0.0726199684092998,0.0017758001389099744,0.06306932266705369,0.2511360640510512,1.0066386053288103,0.0333,0.0012686825844158184,0.0333,0.0012686825844158184,0.96035,0.0013798166091912353,0.9667,0.0012686825844158182,0.9677,0.0012501341927969173,0.96035,0.0013798166091912353,WITHIN,0.019649999999999945
D1_S5_d1_M30,D1,5,0.0,30,20000,P4,T2,0.08361854460463167,0.0,0.007520030420393065,0.0786921452890676,0.001842028711966453,0.0678613955141758,0.26050219867436014,0.950443928756071,0.0776,0.0018918012580606874,0.0776,0.0018918012580606874,0.9283,0.001824268483529768,0.9224,0.0018918012580606874,0.92505,0.0018618874496059096,0.9283,0.001824268483529768,WITHIN,0.008300000000000085
D1_S5_d1_M30,D1,5,0.0,30,20000,C1,T_DL,0.08361854460463167,0.0,0.007520030420393065,0.004984304540465848,0.0014232329000426701,0.040511837755277384,0.20127552696559356,0.7902920467837775,0.05765,0.0016481273843365384,0.05765,0.0016481273843365384,0.9242,0.0018715549684687328,0.94235,0.0016481273843365382,0.94305,0.0016386991410872215,0.94305,0.0016386991410872215,WITHIN,0.023050000000000126
D1_S5_d1_M30,D1,5,0.0,30,20000,C2,T_DL,0.08361854460463167,0.0,0.007520030420393065,0.004984304540465848,0.0014232329000426701,0.040511837755277384,0.20127552696559356,0.8202784545578048,0.04785,0.0015093107284452729,0.04785,0.0015093107284452729,0.936,0.0017306646122227142,0.95215,0.001509310728445272,0.9519,0.0015130497348071548,0.9519,0.0015130497348071548,WITHIN,0.028100000000000014
D1_S5_d1_M30,D1,5,0.0,30,20000,C3,T3,0.08361854460463167,0.0,0.007520030420393065,-0.0021582202708627664,0.0014365486334697447,0.04127343952647582,0.20315865604614494,0.8286254948617585,0.04735,0.001501798546743204,0.04735,0.001501798546743204,0.93405,0.0017550013888883388,0.95265,0.001501798546743204,0.9531,0.0014949981605339863,0.95265,0.001501798546743204,WITHIN,0.027349999999999985
D1_S5_d1_M100,D1,5,0.0,100,20000,P1,T2,0.08361854460463167,0.0,0.007520030420393065,0.08166920220454202,0.0009995594773992375,0.019982382977172742,0.1413590569336565,0.5388141515993055,0.09065,0.0020301795179244616,0.09065,0.0020301795179244616,0.942,0.001652815779208319,0.90935,0.002030179517924462,0.9158,0.001963547300168754,0.942,0.001652815779208319,WITHIN,0.02200000000000002
D1_S5_d1_M100,D1,5,0.0,100,20000,P2,T2,0.08361854460463167,0.0,0.007520030420393065,0.08166920220454202,0.0009995594773992375,0.019982382977172742,0.1413590569336565,0.5387461361127734,0.0907,0.002030683505620706,0.0907,0.002030683505620706,0.942,0.001652815779208319,0.9093,0.002030683505620706,0.9158,0.001963547300168754,0.942,0.001652815779208319,WITHIN,0.02200000000000002
D1_S5_d1_M100,D1,5,0.0,100,20000,P3,T2,0.08361854460463167,0.0,0.007520030420393065,0.08166920220454202,0.0009995594773992375,0.019982382977172742,0.1413590569336565,0.5546747728099422,0.0668,0.0017654710419601903,0.0668,0.0017654710419601903,0.956,0.0014502413592226645,0.9332,0.0017654710419601899,0.93985,0.001681249200743305,0.956,0.0014502413592226645,WITHIN,0.02400000000000002
D1_S5_d1_M100,D1,5,0.0,100,20000,P4,T2,0.08361854460463167,0.0,0.007520030420393065,0.08396923932192989,0.0010151512203089446,0.020610640001894786,0.14356406236205072,0.5388141515993055,0.09495,0.0020728542821433446,0.09495,0.0020728542821433446,0.93975,0.0016825566483777005,0.90505,0.0020728542821433446,0.9118,0.002005252602541634,0.93975,0.0016825566483777005,WITHIN,0.019750000000000045
D1_S5_d1_M100,D1,5,0.0,100,20000,C1,T_DL,0.08361854460463167,0.0,0.007520030420393065,0.00839109493460149,0.0007792081002509389,0.012143305269933546,0.11019666632858521,0.436089190477834,0.0511,0.0015570611741354287,0.0511,0.0015570611741354287,0.89645,0.002154383873639979,0.9489,0.0015570611741354292,0.9505,0.0015337820901288421,0.9505,0.0015337820901288421,WITHIN,0.02949999999999997
D1_S5_d1_M100,D1,5,0.0,100,20000,C2,T_DL,0.08361854460463167,0.0,0.007520030420393065,0.00839109493460149,0.0007792081002509389,0.012143305269933546,0.11019666632858521,0.4387532233655342,0.0489,0.0015249391791150228,0.0489,0.0015249391791150228,0.9007,0.002114704589298468,0.9511,0.0015249391791150237,0.95245,0.0015048089164408879,0.95245,0.0015048089164408879,WITHIN,0.027549999999999963
D1_S5_d1_M100,D1,5,0.0,100,20000,C3,T3,0.08361854460463167,0.0,0.007520030420393065,0.0010813891430815998,0.0007855284689779643,0.012341099511497294,0.11109050144588102,0.44272142052203706,0.0482,0.0015145421750482882,0.0482,0.0015145421750482882,0.8896,0.0022159855595197367,0.9518,0.0015145421750482886,0.9515,0.0015190087228189309,0.9518,0.0015145421750482886,WITHIN,0.028200000000000003
D1_S5_d2_M3,D1,5,0.5,3,20000,P1,T2,0.5836185446046317,0.5,0.5075200304203931,0.5418379390668407,0.004978962257961854,0.4958013033241721,0.7041315951753423,12.954035462326848,0.01725,0.000920663823010332,0.01005,0.0007053012654178355,0.9902,0.0006965615550688981,0.98995,0.0007053012654178356,0.98995,0.0007053012654178356,0.9902,0.0006965615550688981,OUTSIDE_ABOVE,0.010199999999999987
D1_S5_d2_M3,D1,5,0.5,3,20000,P2,T2,0.5836185446046317,0.5,0.5075200304203931,0.5418379390668407,0.004978962257961854,0.4958013033241721,0.7041315951753423,4.386574685403025,0.1197,0.002295342131360813,0.07765,0.0018923593408758286,0.9224,0.0018918012580606874,0.92235,0.0018923593408758286,0.92265,0.0018890073782280475,0.9224,0.0018918012580606874,WITHIN,0.0024000000000000687
D1_S5_d2_M3,D1,5,0.5,3,20000,P3,T2,0.5836185446046317,0.5,0.5075200304203931,0.5418379390668407,0.004978962257961854,0.4958013033241721,0.7041315951753423,17.8762868738458,0.00045,0.00014996624620227048,0.0008,0.00019991998399359682,0.99905,0.00021784139872852524,0.9992,0.00019991998399359966,0.9992,0.00019991998399359966,0.99905,0.00021784139872852524,OUTSIDE_ABOVE,0.01905000000000001
D1_S5_d2_M3,D1,5,0.5,3,20000,P4,T2,0.5836185446046317,0.5,0.5075200304203931,0.5556593150225096,0.005440206999392147,0.5919170439247061,0.7693614520657414,12.954035462326848,0.0173,0.0009219736981064047,0.0103,0.0007139296183798512,0.9901,0.0007000710678209755,0.9897,0.0007139296183798503,0.9897,0.0007139296183798503,0.9901,0.0007000710678209755,OUTSIDE_ABOVE,0.010099999999999998
D1_S5_d2_M3,D1,5,0.5,3,20000,C1,T_DL,0.5836185446046317,0.5,0.5075200304203931,0.5118631255747974,0.004571915243784464,0.4180481799269752,0.6465664543780285,2.263306839380747,0.26255,0.003111410431781702,0.17575,0.0026913002201538203,0.8226,0.0027011964015968924,0.82425,0.00269130022015382,0.82415,0.002691902463871973,0.82415,0.002691902463871973,OUTSIDE_BELOW,0.09584999999999988
D1_S5_d2_M3,D1,5,0.5,3,20000,C2,T_DL,0.5836185446046317,0.5,0.5075200304203931,0.5118631255747974,0.004571915243784464,0.4180481799269752,0.6465664543780285,4.8446761331319115,0.09165,0.00204022397667511,0.05925,0.001669422617254241,0.94035,0.0016746921732067655,0.94075,0.0016694226172542413,0.94055,0.00167206006919608,0.94055,0.00167206006919608,WITHIN,0.020550000000000068
D1_S5_d2_M3,D1,5,0.5,3,20000,C3,T3,0.5836185446046317,0.5,0.5075200304203931,0.5074040199491977,0.004571162787668149,0.4179105846272408,0.64646004101355,4.942430673082219,0.081,0.0019292355999203416,0.05015,0.0015432915716092018,0.95005,0.0015403732907967478,0.94985,0.0015432915716092023,0.94995,0.0015418332837891396,0.94985,0.0015432915716092023,WITHIN,0.029850000000000043
D1_S5_d2_M5,D1,5,0.5,5,20000,P1,T2,0.5836185446046317,0.5,0.5075200304203931,0.5473950291437302,0.003996263217225025,0.3194023940269141,0.5651569640612368,2.8314455847385025,0.1444,0.0024854440247167107,0.06175,0.0017020125954293052,0.93815,0.0017032994085010417,0.93825,0.001702012595429305,0.9384,0.0017000799981177356,0.93815,0.0017032994085010417,WITHIN,0.01815000000000011
D1_S5_d2_M5,D1,5,0.5,5,20000,P2,T2,0.5836185446046317,0.5,0.5075200304203931,0.5473950291437302,0.003996263217225025,0.3194023940269141,0.5651569640612368,2.470223369151329,0.1908,0.002778447048262752,0.0877,0.0020001088720367198,0.91105,0.0020129319101748074,0.9123,0.0020001088720367198,0.91235,0.0019995934274246855,0.91105,0.0020129319101748074,OUTSIDE_BELOW,0.008949999999999902
D1_S5_d2_M5,D1,5,0.5,5,20000,P3,T2,0.5836185446046317,0.5,0.5075200304203931,0.5473950291437302,0.003996263217225025,0.3194023940269141,0.5651569640612368,3.72021695380027,0.015,0.0008595056718835542,0.01495,0.0008580937448787282,0.9777,0.0010440955416052688,0.98505,0.0008580937448787288,0.9847,0.0008679259761062571,0.9777,0.0010440955416052688,WITHIN,0.0022999999999999687
D1_S5_d2_M5,D1,5,0.5,5,20000,P4,T2,0.5836185446046317,0.5,0.5075200304203931,0.5618233444186622,0.004315490980575608,0.3724692480685884,0.6103025873028791,2.8314455847385025,0.15575,0.0025640976726716163,0.0686,0.001787372932546535,0.9317,0.0017837475998582313,0.9314,0.001787372932546535,0.9318,0.0017825369561386382,0.9317,0.0017837475998582313,WITHIN,0.011700000000000044
D1_S5_d2_M5,D1,5,0.5,5,20000,C1,T_DL,0.5836185446046317,0.5,0.5075200304203931,0.5033866768450984,0.003540947256112007,0.25076614941134306,0.5007655633241398,1.8186591807122907,0.2643,0.0031180563657509466,0.1292,0.0023717858250693717,0.8685,0.002389641709545596,0.8708,0.0023717858250693717,0.87075,0.0023721766112581076,0.87075,0.0023721766112581076,OUTSIDE_BELOW,0.049249999999999905
D1_S5_d2_M5,D1,5,0.5,5,20000,C2,T_DL,0.5836185446046317,0.5,0.5075200304203931,0.5033866768450984,0.003540947256112007,0.25076614941134306,0.5007655633241398,2.5615411748380166,0.13455,0.002412947341945116,0.05775,0.0016494686644492524,0.93985,0.001681249200743305,0.94225,0.0016494686644492518,0.9418,0.0016554872394555027,0.9418,0.0016554872394555027,WITHIN,0.02180000000000004
D1_S5_d2_M5,D1,5,0.5,5,20000,C3,T3,0.5836185446046317,0.5,0.5075200304203931,0.4972401555065053,0.003553157624122562,0.25249858203720577,0.5024923701283491,2.6069712800828673,0.1224,0.0023175228154216736,0.05075,0.00155200575868777,0.94625,0.0015946933482648,0.94925,0.0015520057586877693,0.9491,0.0015541748614618619,0.94925,0.0015520057586877693,WITHIN,0.02925000000000011
D1_S5_d2_M10,D1,5,0.5,10,24999,P1,T2,0.5836185446046317,0.5,0.5075200304203931,0.566230969869183,0.002617940239900228,0.17133342388112188,0.41392441807789243,1.6428884552280296,0.30049201968078726,0.002899689459151846,0.07792311692467699,0.0016953345266651936,0.9225169006760271,0.0016909444454060777,0.922076883075323,0.001695334526665194,0.922636905476219,0.0016897443755259567,0.9225169006760271,0.0016909444454060777,WITHIN,0.0025169006760271673
D1_S5_d2_M10,D1,5,0.5,10,24999,P2,T2,0.5836185446046317,0.5,0.5075200304203931,0.566230969869183,0.002617940239900228,0.17133342388112188,0.41392441807789243,1.6116501397095373,0.31141245649825994,0.0029287766467836094,0.08224328973158926,0.0017376115828311909,0.9177167086683468,0.001737996224738831,0.9177567102684108,0.0017376115828311904,0.9178767150686027,0.0017364569247306457,0.9177167086683468,0.001737996224738831,BOUNDARY_BELOW,0.00228329133165317
D1_S5_d2_M10,D1,5,0.5,10,24999,P3,T2,0.5836185446046317,0.5,0.5075200304203931,0.566230969869183,0.002617940239900228,0.17133342388112188,0.41392441807789243,2.0624017867968236,0.09792391695667826,0.0018797697409929652,0.025961038441537663,0.0010057449865160167,0.9586383455338213,0.001259403892389781,0.9740389615584624,0.001005744986516016,0.9731589263570543,0.0010221873659100025,0.9586383455338213,0.001259403892389781,WITHIN,0.02136165446617866
D1_S5_d2_M10,D1,5,0.5,10,24999,P4,T2,0.5836185446046317,0.5,0.5075200304203931,0.5778204134084649,0.002782324466297502,0.19352549456450624,0.43991532658513527,1.6428884552280296,0.31489259570382816,0.0029376444892456185,0.08764350574022961,0.001788466608629886,0.9134765390615625,0.0017780923852061517,0.9123564942597704,0.001788466608629886,0.9119964798591944,0.0017917824763968994,0.9134765390615625,0.0017780923852061517,OUTSIDE_BELOW,0.006523460938437475
D1_S5_d2_M10,D1,5,0.5,10,24999,C1,T_DL,0.5836185446046317,0.5,0.5075200304203931,0.5092106238265308,0.0022119823534742897,0.12231675543610931,0.34973812408158955,1.336293116174855,0.34613384535381414,0.0030088819174224103,0.08512340493619745,0.001764998879198615,0.9099963998559942,0.0018100411968157836,0.9148765950638026,0.0017649988791986148,0.9147165886635465,0.0017665024383581864,0.9147165886635465,0.0017665024383581864,BOUNDARY_BELOW,0.005283411336453381
D1_S5_d2_M10,D1,5,0.5,10,24999,C2,T_DL,0.5836185446046317,0.5,0.5075200304203931,0.5092106238265308,0.0022119823534742897,0.12231675543610931,0.34973812408158955,1.5388734179924306,0.2604104164166567,0.002775640723291002,0.052122084883395335,0.0014058072335107862,0.9445577823112925,0.0014473489282876564,0.9478779151166047,0.001405807233510786,0.9479979199167967,0.0014042768351525726,0.9479979199167967,0.0014042768351525726,WITHIN,0.027997919916796787
D1_S5_d2_M10,D1,5,0.5,10,24999,C3,T3,0.5836185446046317,0.5,0.5075200304203931,0.5026558362661457,0.0022276971335925115,0.12406090034088829,0.3522227992917101,1.5603984364409889,0.24860994439777592,0.0027335728442081457,0.0485219408776351,0.0013589614991964811,0.9469578783151326,0.0014174718937404677,0.9514780591223649,0.0013589614991964805,0.9511180447217888,0.0013637355975579747,0.9514780591223649,0.0013589614991964805,WITHIN,0.028521940877635044
D1_S5_d2_M30,D1,5,0.5,30,20000,P1,T2,0.5836185446046317,0.5,0.5075200304203931,0.5739159394101054,0.0017901381529405469,0.06409189213226785,0.25316376544100433,0.9495215284497152,0.65905,0.0033518882551481334,0.0757,0.0018704212092467301,0.93045,0.0017987884464272057,0.9243,0.00187042120924673,0.92685,0.001841182738078978,0.93045,0.0017987884464272057,WITHIN,0.01045000000000007
D1_S5_d2_M30,D1,5,0.5,30,20000,P2,T2,0.5836185446046317,0.5,0.5075200304203931,0.5739159394101054,0.0017901381529405469,0.06409189213226785,0.25316376544100433,0.9480486257856577,0.6602,0.0033491488470953333,0.07615,0.0018755156291004348,0.9302,0.0018017763457210774,0.92385,0.0018755156291004355,0.92635,0.0018469661271934578,0.9302,0.0018017763457210774,WITHIN,0.010200000000000098
D1_S5_d2_M30,D1,5,0.5,30,20000,P3,T2,0.5836185446046317,0.5,0.5075200304203931,0.5739159394101054,0.0017901381529405469,0.06409189213226785,0.25316376544100433,1.1437186347194286,0.53305,0.0035278017057368744,0.0245,0.001093154838071899,0.9555,0.0014580766440760238,0.9755,0.0010931548380718984,0.97455,0.0011136044517691182,0.9555,0.0014580766440760238,WITHIN,0.024499999999999966
D1_S5_d2_M30,D1,5,0.5,30,20000,P4,T2,0.5836185446046317,0.5,0.5075200304203931,0.5800001637347747,0.0018551418401795638,0.06883102494369636,0.262356675050772,0.9495215284497152,0.66545,0.0033363625215195067,0.08235,0.0019438168316484967,0.92455,0.0018675826286941096,0.91765,0.001943816831648497,0.9202,0.0019161414352808093,0.92455,0.0018675826286941096,WITHIN,0.004550000000000054
D1_S5_d2_M30,D1,5,0.5,30,20000,C1,T_DL,0.5836185446046317,0.5,0.5075200304203931,0.5060397927116663,0.001435478851012952,0.0412119906341093,0.20300736596022642,0.7898084708875708,0.7015,0.003235720553447099,0.0602,0.0016819030887658183,0.92295,0.0018856470706364958,0.9398,0.0016819030887658187,0.93965,0.0016838627838989732,0.93965,0.0016838627838989732,WITHIN,0.019650000000000056
D1_S5_d2_M30,D1,5,0.5,30,20000,C2,T_DL,0.5836185446046317,0.5,0.5075200304203931,0.5060397927116663,0.001435478851012952,0.0412119906341093,0.20300736596022642,0.8203546852547635,0.6772,0.0033060562608642945,0.0491,0.0015278938117552542,0.93505,0.0017425770786395642,0.9509,0.0015278938117552546,0.95115,0.001524199421007631,0.95115,0.001524199421007631,WITHIN,0.02884999999999993
D1_S5_d2_M30,D1,5,0.5,30,20000,C3,T3,0.5836185446046317,0.5,0.5075200304203931,0.4986069063683601,0.0014452514254669248,0.04177503365628357,0.20438941669343735,0.8287754060221342,0.6563,0.0033583501157562474,0.04935,0.0015315772507451266,0.93415,0.001753764201653118,0.95065,0.0015315772507451266,0.95065,0.0015315772507451266,0.95065,0.0015315772507451266,WITHIN,0.029349999999999987
D1_S5_d2_M100,D1,5,0.5,100,20000,P1,T2,0.5836185446046317,0.5,0.5075200304203931,0.5810006565337082,0.0009929477329976872,0.019718904009304927,0.1404240150732948,0.5382494226317053,0.98865,0.0007490386338500829,0.0871,0.001993910604816575,0.94115,0.001664131567815477,0.9129,0.0019939106048165746,0.91965,0.0019221586497997509,0.94115,0.001664131567815477,WITHIN,0.021150000000000113
D1_S5_d2_M100,D1,5,0.5,100,20000,P2,T2,0.5836185446046317,0.5,0.5075200304203931,0.5810006565337082,0.0009929477329976872,0.019718904009304927,0.1404240150732948,0.538181478431934,0.98865,0.0007490386338500829,0.0871,0.001993910604816575,0.94115,0.001664131567815477,0.9129,0.0019939106048165746,0.91965,0.0019221586497997509,0.94115,0.001664131567815477,WITHIN,0.021150000000000113
D1_S5_d2_M100,D1,5,0.5,100,20000,P3,T2,0.5836185446046317,0.5,0.5075200304203931,0.5810006565337082,0.0009929477329976872,0.019718904009304927,0.1404240150732948,0.6373730462980755,0.9838,0.0008926802339023754,0.0239,0.0010800182868822177,0.9647,0.001304873748682224,0.9761,0.0010800182868822184,0.97685,0.0010633456046836326,0.9647,0.001304873748682224,WITHIN,0.01529999999999998
D1_S5_d2_M100,D1,5,0.5,100,20000,P4,T2,0.5836185446046317,0.5,0.5075200304203931,0.5833430670733314,0.0010080244587249733,0.02032226618775551,0.14255618607326556,0.5382494226317053,0.98885,0.0007424849325070507,0.0909,0.002032697591871452,0.9394,0.0016871224021984888,0.9091,0.002032697591871452,0.9161,0.001960367184993668,0.9394,0.0016871224021984888,WITHIN,0.019400000000000084
D1_S5_d2_M100,D1,5,0.5,100,20000,C1,T_DL,0.5836185446046317,0.5,0.5075200304203931,0.5075591296734996,0.0007829822778402956,0.012261224948239557,0.11073041564195249,0.43598158707942186,0.99465,0.0005158186454559376,0.04965,0.0015359830321328423,0.89205,0.002194274339046966,0.95035,0.0015359830321328418,0.9501,0.0015396426533452502,0.9501,0.0015396426533452502,WITHIN,0.029900000000000038
D1_S5_d2_M100,D1,5,0.5,100,20000,C2,T_DL,0.5836185446046317,0.5,0.5075200304203931,0.5075591296734996,0.0007829822778402956,0.012261224948239557,0.11073041564195249,0.43877003023653843,0.99485,0.0005061362217822385,0.04845,0.0015182654165197863,0.8952,0.002165836558930521,0.95155,0.001518265416519786,0.95275,0.001500290596851157,0.95275,0.001500290596851157,WITHIN,0.027249999999999996
D1_S5_d2_M100,D1,5,0.5,100,20000,C3,T3,0.5836185446046317,0.5,0.5075200304203931,0.500199595165608,0.0007890263360541584,0.012451251179740996,0.11158517455173422,0.44274391885503,0.99285,0.0005957716634751938,0.04725,0.0015002905968511566,0.886,0.0022472650043997926,0.95275,0.001500290596851157,0.9525,0.0015040570135470262,0.95275,0.001500290596851157,WITHIN,0.027249999999999996
D2_S1_d1_M5,D2,1,0.0,5,20000,P1,T2,0.0,0.0,0.0,0.000386013013911922,0.00142235690911528,0.04046198353815946,0.20115164314059047,1.1600238590700762,0.03845,0.0013596249023168118,0.03845,0.0013596249023168118,0.96155,0.0013596249023168116,0.96155,0.0013596249023168116,0.96155,0.0013596249023168116,0.96155,0.0013596249023168116,WITHIN,0.018449999999999966
D2_S1_d1_M5,D2,1,0.0,5,20000,P2,T2,0.0,0.0,0.0,0.000386013013911922,0.00142235690911528,0.04046198353815946,0.20115164314059047,1.0120335919196746,0.05805,0.0016534841623069751,0.05805,0.0016534841623069751,0.94195,0.001653484162306976,0.94195,0.001653484162306976,0.94195,0.001653484162306976,0.94195,0.001653484162306976,WITHIN,0.021950000000000025
D2_S1_d1_M5,D2,1,0.0,5,20000,P3,T2,0.0,0.0,0.0,0.000386013013911922,0.00142235690911528,0.04046198353815946,0.20115164314059047,1.2177568340065543,0.01385,0.0008263830074487253,0.01385,0.0008263830074487253,0.98615,0.0008263830074487262,0.98615,0.0008263830074487262,0.98615,0.0008263830074487262,0.98615,0.0008263830074487262,OUTSIDE_ABOVE,0.006149999999999989
D2_S1_d1_M5,D2,1,0.0,5,20000,P4,T2,0.0,0.0,0.0,0.00033179649760589196,0.0014306239046403188,0.04093369513056624,0.20232077285974923,1.1600238590700762,0.0385,0.0013604732632433465,0.0385,0.0013604732632433465,0.9615,0.0013604732632433462,0.9615,0.0013604732632433462,0.9615,0.0013604732632433462,0.9615,0.0013604732632433462,WITHIN,0.01849999999999996
D2_S1_d1_M5,D2,1,0.0,5,20000,C1,T_DL,0.0,0.0,0.0,0.00013224705697430307,0.001483631600317887,0.0440232545092363,0.2098171930734855,0.8648398532265965,0.05035,0.0015462030510253173,0.05035,0.0015462030510253173,0.94965,0.0015462030510253173,0.94965,0.0015462030510253173,0.94965,0.0015462030510253173,0.94965,0.0015462030510253173,WITHIN,0.029650000000000065
D2_S1_d1_M5,D2,1,0.0,5,20000,C2,T_DL,0.0,0.0,0.0,0.00013224705697430307,0.001483631600317887,0.0440232545092363,0.2098171930734855,1.0541905077282991,0.05395,0.0015974886149829049,0.05395,0.0015974886149829049,0.94605,0.0015974886149829057,0.94605,0.0015974886149829057,0.94605,0.0015974886149829057,0.94605,0.0015974886149829057,WITHIN,0.026050000000000018
D2_S1_d1_M5,D2,1,0.0,5,20000,C3,T3,0.0,0.0,0.0,0.0004678279807026614,0.0015447167190200085,0.0477229948403988,0.21845593340625655,1.1271716373319316,0.04535,0.0014712813717980664,0.04535,0.0014712813717980664,0.95465,0.0014712813717980664,0.95465,0.0014712813717980664,0.95465,0.0014712813717980664,0.95465,0.0014712813717980664,WITHIN,0.025349999999999984
D2_S1_d1_M10,D2,1,0.0,10,20000,P1,T2,0.0,0.0,0.0,-0.0007160892133307108,0.0009950471038220388,0.019802374776492545,0.14072091094251965,0.6132403950525113,0.0548,0.0016093004691480086,0.0548,0.0016093004691480086,0.9452,0.001609300469148008,0.9452,0.001609300469148008,0.9452,0.001609300469148008,0.9452,0.001609300469148008,WITHIN,0.02520000000000011
D2_S1_d1_M10,D2,1,0.0,10,20000,P2,T2,0.0,0.0,0.0,-0.0007160892133307108,0.0009950471038220388,0.019802374776492545,0.14072091094251965,0.6015800800211563,0.0586,0.0016608136560132204,0.0586,0.0016608136560132204,0.9414,0.0016608136560132202,0.9414,0.0016608136560132202,0.9414,0.0016608136560132202,0.9414,0.0016608136560132202,WITHIN,0.021400000000000086
D2_S1_d1_M10,D2,1,0.0,10,20000,P3,T2,0.0,0.0,0.0,-0.0007160892133307108,0.0009950471038220388,0.019802374776492545,0.14072091094251965,0.6295092276510766,0.03415,0.0012842074890764342,0.03415,0.0012842074890764342,0.96585,0.0012842074890764344,0.96585,0.0012842074890764344,0.96585,0.0012842074890764344,0.96585,0.0012842074890764344,WITHIN,0.014149999999999996
D2_S1_d1_M10,D2,1,0.0,10,20000,P4,T2,0.0,0.0,0.0,-0.0007746280139465959,0.0009975070104066917,0.019900404716209918,0.14106879426793836,0.6132403950525113,0.05435,0.0016030607833142198,0.05435,0.0016030607833142198,0.94565,0.0016030607833142198,0.94565,0.0016030607833142198,0.94565,0.0016030607833142198,0.94565,0.0016030607833142198,WITHIN,0.02565000000000006
D2_S1_d1_M10,D2,1,0.0,10,20000,C1,T_DL,0.0,0.0,0.0,-0.0006001142951038151,0.0010435279999933362,0.021779013735401843,0.1475771450306647,0.5895730627283681,0.052,0.001569968152543229,0.052,0.001569968152543229,0.948,0.00156996815254323,0.948,0.00156996815254323,0.948,0.00156996815254323,0.948,0.00156996815254323,WITHIN,0.028000000000000025
D2_S1_d1_M10,D2,1,0.0,10,20000,C2,T_DL,0.0,0.0,0.0,-0.0006001142951038151,0.0010435279999933362,0.021779013735401843,0.1475771450306647,0.6235707141023408,0.0578,0.0016501387820422864,0.0578,0.0016501387820422864,0.9422,0.0016501387820422857,0.9422,0.0016501387820422857,0.9422,0.0016501387820422857,0.9422,0.0016501387820422857,WITHIN,0.02220000000000011
D2_S1_d1_M10,D2,1,0.0,10,20000,C3,T3,0.0,0.0,0.0,-0.00027891536137210213,0.0010881082353228762,0.023679590635549273,0.15388174237234667,0.6726479429920841,0.04835,0.001516777463901676,0.04835,0.001516777463901676,0.95165,0.001516777463901676,0.95165,0.001516777463901676,0.95165,0.001516777463901676,0.95165,0.001516777463901676,WITHIN,0.028349999999999986
D2_S1_d1_M30,D2,1,0.0,30,20000,P1,T2,0.0,0.0,0.0,-0.0007381834145633997,0.0005611510942009581,0.006297811010458651,0.07935874879594972,0.321844801485132,0.0517,0.001565680522967569,0.0517,0.001565680522967569,0.9483,0.0015656805229675684,0.9483,0.0015656805229675684,0.9483,0.0015656805229675684,0.9483,0.0015656805229675684,WITHIN,0.028300000000000103
D2_S1_d1_M30,D2,1,0.0,30,20000,P2,T2,0.0,0.0,0.0,-0.0007381834145633997,0.0005611510942009581,0.006297811010458651,0.07935874879594972,0.32134555417865496,0.05205,0.0015706813410109638,0.05205,0.0015706813410109638,0.94795,0.0015706813410109645,0.94795,0.0015706813410109645,0.94795,0.0015706813410109645,0.94795,0.0015706813410109645,WITHIN,0.02795000000000003
D2_S1_d1_M30,D2,1,0.0,30,20000,P3,T2,0.0,0.0,0.0,-0.0007381834145633997,0.0005611510942009581,0.006297811010458651,0.07935874879594972,0.3247099241157582,0.04345,0.0014415633440816953,0.04345,0.0014415633440816953,0.95655,0.001441563344081695,0.95655,0.001441563344081695,0.95655,0.001441563344081695,0.95655,0.001441563344081695,WITHIN,0.02344999999999997
D2_S1_d1_M30,D2,1,0.0,30,20000,P4,T2,0.0,0.0,0.0,-0.0007624731365143189,0.0005614001200386517,0.006303401895588251,0.07939396636765449,0.321844801485132,0.0518,0.0015671113553286506,0.0518,0.0015671113553286506,0.9482,0.00156711135532865,0.9482,0.00156711135532865,0.9482,0.00156711135532865,0.9482,0.00156711135532865,WITHIN,0.028200000000000114
D2_S1_d1_M30,D2,1,0.0,30,20000,C1,T_DL,0.0,0.0,0.0,-0.0004510953822066984,0.0005940451481915976,0.007057792761799545,0.08401067052344925,0.3292713948873725,0.05335,0.0015890842881987096,0.05335,0.0015890842881987096,0.94665,0.0015890842881987098,0.94665,0.0015890842881987098,0.94665,0.0015890842881987098,0.94665,0.0015890842881987098,WITHIN,0.026650000000000063
D2_S1_d1_M30,D2,1,0.0,30,20000,C2,T_DL,0.0,0.0,0.0,-0.0004510953822066984,0.0005940451481915976,0.007057792761799545,0.08401067052344925,0.33104079938635,0.0579,0.0016514779744216997,0.0579,0.0016514779744216997,0.9421,0.001651477974421699,0.9421,0.001651477974421699,0.9421,0.001651477974421699,0.9421,0.001651477974421699,WITHIN,0.02210000000000012
D2_S1_d1_M30,D2,1,0.0,30,20000,C3,T3,0.0,0.0,0.0,-0.00025470538873892206,0.0006218459554973313,0.007733847847367779,0.0879422983971182,0.3589663562817063,0.0473,0.001501044802795706,0.0473,0.001501044802795706,0.9527,0.001501044802795706,0.9527,0.001501044802795706,0.9527,0.001501044802795706,0.9527,0.001501044802795706,WITHIN,0.02729999999999999
D2_S1_d2_M5,D2,1,0.5,5,20000,P1,T2,0.5,0.5,0.5,0.4975471182296038,0.0014189074095643088,0.04026596473832994,0.20066381023575214,1.1577378392887065,0.41205,0.0034804080040995197,0.0392,0.0013722856845423987,0.9608,0.0013722856845423991,0.9608,0.0013722856845423991,0.9608,0.0013722856845423991,0.9608,0.0013722856845423991,WITHIN,0.019199999999999995
D2_S1_d2_M5,D2,1,0.5,5,20000,P2,T2,0.5,0.5,0.5,0.4975471182296038,0.0014189074095643088,0.04026596473832994,0.20066381023575214,1.010039211552021,0.5038,0.003535431798239078,0.0583,0.0016568209016064469,0.9417,0.0016568209016064473,0.9417,0.0016568209016064473,0.9417,0.0016568209016064473,0.9417,0.0016568209016064473,WITHIN,0.021700000000000053
D2_S1_d2_M5,D2,1,0.5,5,20000,P3,T2,0.5,0.5,0.5,0.4975471182296038,0.0014189074095643088,0.04026596473832994,0.20066381023575214,1.5196436758344265,0.15295,0.002545155176998055,0.0148,0.0008538430769175329,0.9852,0.0008538430769175339,0.9852,0.0008538430769175339,0.9852,0.0008538430769175339,0.9852,0.0008538430769175339,OUTSIDE_ABOVE,0.005199999999999982
D2_S1_d2_M5,D2,1,0.5,5,20000,P4,T2,0.5,0.5,0.5,0.4973994082949571,0.0014265550075230257,0.04070118378978041,0.20174534391103158,1.1577378392887063,0.4125,0.0034809750789110802,0.03885,0.001366394480009342,0.96115,0.0013663944800093428,0.96115,0.0013663944800093428,0.96115,0.0013663944800093428,0.96115,0.0013663944800093428,WITHIN,0.018850000000000033
D2_S1_d2_M5,D2,1,0.5,5,20000,C1,T_DL,0.5,0.5,0.5,0.4972670529434231,0.0014811892147162974,0.04387842979583764,0.20947178758925422,0.8603769443436234,0.63085,0.003412317962177616,0.0504,0.0015469298626634629,0.9496,0.0015469298626634629,0.9496,0.0015469298626634629,0.9496,0.0015469298626634629,0.9496,0.0015469298626634629,WITHIN,0.02960000000000007
D2_S1_d2_M5,D2,1,0.5,5,20000,C2,T_DL,0.5,0.5,0.5,0.4972670529434231,0.0014811892147162974,0.04387842979583764,0.20947178758925422,1.0508370901424537,0.485,0.0035339425575410814,0.05645,0.0016319221412187531,0.94355,0.0016319221412187531,0.94355,0.0016319221412187531,0.94355,0.0016319221412187531,0.94355,0.0016319221412187531,WITHIN,0.02355000000000007
D2_S1_d2_M5,D2,1,0.5,5,20000,C3,T3,0.5,0.5,0.5,0.49801561083300694,0.0015444527196233216,0.04770668406303749,0.21841859825353127,1.122521371558115,0.44085,0.0035107070334905476,0.04675,0.0014927229732941073,0.95325,0.0014927229732941067,0.95325,0.0014927229732941067,0.95325,0.0014927229732941067,0.95325,0.0014927229732941067,WITHIN,0.02674999999999994
D2_S1_d2_M10,D2,1,0.5,10,1000000,P1,T2,0.5,0.5,0.5,0.5001763118101714,0.00013948016833469786,0.019454717358675655,0.13948016833469787,0.6138171842213695,0.882981,0.0003214429243878297,0.052011,0.00022204921949648911,0.947989,0.00022204921949648917,0.947989,0.00022204921949648917,0.947989,0.00022204921949648917,0.947989,0.00022204921949648917,WITHIN,0.02798900000000004
D2_S1_d2_M10,D2,1,0.5,10,1000000,P2,T2,0.5,0.5,0.5,0.5001763118101714,0.00013948016833469786,0.019454717358675655,0.13948016833469787,0.6021459019682368,0.890677,0.0003120440380314932,0.055678,0.0002292988449949105,0.944322,0.00022929884499491054,0.944322,0.00022929884499491054,0.944322,0.00022929884499491054,0.944322,0.00022929884499491054,WITHIN,0.024322000000000066
D2_S1_d2_M10,D2,1,0.5,10,1000000,P3,T2,0.5,0.5,0.5,0.5001763118101714,0.00013948016833469786,0.019454717358675655,0.13948016833469787,0.8032023068228606,0.776379,0.0004166709113425126,0.018983,0.00013646481491945094,0.981017,0.00013646481491945086,0.981017,0.00013646481491945086,0.981017,0.00013646481491945086,0.981017,0.00013646481491945086,OUTSIDE_ABOVE,0.0010170000000000456
D2_S1_d2_M10,D2,1,0.5,10,1000000,P4,T2,0.5,0.5,0.5,0.5001744576659156,0.0001397103081018724,0.019518970189920104,0.13971030810187238,0.6138171842213695,0.882655,0.00032183093539154997,0.052197,0.00022242408410736458,0.947803,0.0002224240841073647,0.947803,0.0002224240841073647,0.947803,0.0002224240841073647,0.947803,0.0002224240841073647,WITHIN,0.027803000000000022
D2_S1_d2_M10,D2,1,0.5,10,1000000,C1,T_DL,0.5,0.5,0.5,0.50024471361714,0.00014651184095007002,0.02146571953857862,0.14651184095007003,0.589216099778708,0.90431,0.00029416564024372396,0.051777,0.00022157649304698366,0.948223,0.0002215764930469836,0.948223,0.0002215764930469836,0.948223,0.0002215764930469836,0.948223,0.0002215764930469836,WITHIN,0.02822300000000011
D2_S1_d2_M10,D2,1,0.5,10,1000000,C2,T_DL,0.5,0.5,0.5,0.50024471361714,0.00014651184095007002,0.02146571953857862,0.14651184095007003,0.6234283340850872,0.866536,0.00034007552205943904,0.056937,0.0002317222001254951,0.943063,0.00023172220012549513,0.943063,0.00023172220012549513,0.943063,0.00023172220012549513,0.943063,0.00023172220012549513,WITHIN,0.023063000000000056
D2_S1_d2_M10,D2,1,0.5,10,1000000,C3,T3,0.5,0.5,0.5,0.500188411420673,0.00015352656844141256,0.023570407217395728,0.15352656844141255,0.6722597194390817,0.825194,0.0003798010826261558,0.047772,0.00021328346400037673,0.952228,0.00021328346400037681,0.952228,0.00021328346400037681,0.952228,0.00021328346400037681,0.952228,0.00021328346400037681,WITHIN,0.02777200000000002
D2_S1_d2_M30,D2,1,0.5,30,20000,P1,T2,0.5,0.5,0.5,0.5004848779528881,0.000565530207933195,0.006396488321699256,0.07997804899908009,0.32194359722383925,0.99995,4.999874998437186e-05,0.0509,0.0015541748614618627,0.9491,0.0015541748614618619,0.9491,0.0015541748614618619,0.9491,0.0015541748614618619,0.9491,0.0015541748614618619,WITHIN,0.029100000000000126
D2_S1_d2_M30,D2,1,0.5,30,20000,P2,T2,0.5,0.5,0.5,0.5004848779528881,0.000565530207933195,0.006396488321699256,0.07997804899908009,0.3214441966649057,0.99995,4.999874998437186e-05,0.05125,0.0015592215605872053,0.94875,0.0015592215605872057,0.94875,0.0015592215605872057,0.94875,0.0015592215605872057,0.94875,0.0015592215605872057,WITHIN,0.028750000000000053
D2_S1_d2_M30,D2,1,0.5,30,20000,P3,T2,0.5,0.5,0.5,0.5004848779528881,0.000565530207933195,0.006396488321699256,0.07997804899908009,0.421887698451375,0.9999,7.070714249635216e-05,0.01495,0.0008580937448787282,0.98505,0.0008580937448787288,0.98505,0.0008580937448787288,0.98505,0.0008580937448787288,0.98505,0.0008580937448787288,OUTSIDE_ABOVE,0.005049999999999999
D2_S1_d2_M30,D2,1,0.5,30,20000,P4,T2,0.5,0.5,0.5,0.5004981117595857,0.0005656859619723884,0.006400012151452528,0.08000007594654225,0.32194359722383925,0.99995,4.999874998437186e-05,0.0509,0.0015541748614618627,0.9491,0.0015541748614618619,0.9491,0.0015541748614618619,0.9491,0.0015541748614618619,0.9491,0.0015541748614618619,WITHIN,0.029100000000000126
D2_S1_d2_M30,D2,1,0.5,30,20000,C1,T_DL,0.5,0.5,0.5,0.5000859956953713,0.000598390206865818,0.007161416793458331,0.08462515461408818,0.3292661594612951,0.99985,8.65960449443228e-05,0.0553,0.0016161978529870655,0.9447,0.0016161978529870657,0.9447,0.0016161978529870657,0.9447,0.0016161978529870657,0.9447,0.0016161978529870657,WITHIN,0.024700000000000055
D2_S1_d2_M30,D2,1,0.5,30,20000,C2,T_DL,0.5,0.5,0.5,0.5000859956953713,0.000598390206865818,0.007161416793458331,0.08462515461408818,0.33113132668055995,0.99975,0.00011178942257655069,0.059,0.0016661182431028118,0.941,0.0016661182431028125,0.941,0.0016661182431028125,0.941,0.0016661182431028125,0.941,0.0016661182431028125,WITHIN,0.02100000000000002
D2_S1_d2_M30,D2,1,0.5,30,20000,C3,T3,0.5,0.5,0.5,0.5002430220697978,0.0006260774874680903,0.007839460406287135,0.08854072738738447,0.35911887817915294,0.99955,0.0001499662462022622,0.0489,0.0015249391791150228,0.9511,0.0015249391791150237,0.9511,0.0015249391791150237,0.9511,0.0015249391791150237,0.9511,0.0015249391791150237,WITHIN,0.028900000000000037
D2_S3_d1_M5,D2,3,0.0,5,20000,P1,T2,0.05215927917676345,0.0,0.01585368268435662,0.038360510711245716,0.0022733667029492294,0.103363923321565,0.32150260235582073,1.7893869720180482,0.0458,0.0014782144634659748,0.0458,0.0014782144634659748,0.9544,0.001475137959649876,0.9542,0.001478214463465974,0.9546,0.001472053667499932,0.9544,0.001475137959649876,WITHIN,0.025599999999999956
D2_S3_d1_M5,D2,3,0.0,5,20000,P2,T2,0.05215927917676345,0.0,0.01585368268435662,0.038360510711245716,0.0022733667029492294,0.103363923321565,0.32150260235582073,1.5611055845673767,0.06505,0.0017438247833426383,0.06505,0.0017438247833426383,0.9344,0.001750666158923511,0.93495,0.0017438247833426392,0.9353,0.001739452643793443,0.9344,0.001750666158923511,WITHIN,0.01440000000000008
D2_S3_d1_M5,D2,3,0.0,5,20000,P3,T2,0.05215927917676345,0.0,0.01585368268435662,0.038360510711245716,0.0022733667029492294,0.103363923321565,0.32150260235582073,1.9475194419610489,0.01355,0.0008175083332908601,0.01355,0.0008175083332908601,0.98525,0.00085242118403991,0.98645,0.0008175083332908587,0.98625,0.0008234360175508489,0.98525,0.00085242118403991,OUTSIDE_ABOVE,0.005249999999999977
D2_S3_d1_M5,D2,3,0.0,5,20000,P4,T2,0.05215927917676345,0.0,0.01585368268435662,0.048749193658561674,0.002358200165345546,0.11122216039671519,0.3334998656622146,1.7893869720180482,0.0481,0.0015130497348071542,0.0481,0.0015130497348071542,0.95325,0.0014927229732941067,0.9519,0.0015130497348071548,0.95245,0.0015048089164408879,0.95325,0.0014927229732941067,WITHIN,0.02674999999999994
D2_S3_d1_M5,D2,3,0.0,5,20000,C1,T_DL,0.05215927917676345,0.0,0.01585368268435662,0.013080407014956106,0.002217672626870604,0.09836143759942333,0.31362627058239767,1.171894788450645,0.10465,0.0021644673420959716,0.10465,0.0021644673420959716,0.89505,0.0021672043916068457,0.89535,0.002164467342095972,0.8959,0.002159434995548604,0.8959,0.002159434995548604,OUTSIDE_BELOW,0.0240999999999999
D2_S3_d1_M5,D2,3,0.0,5,20000,C2,T_DL,0.05215927917676345,0.0,0.01585368268435662,0.013080407014956106,0.002217672626870604,0.09836143759942333,0.31362627058239767,1.5903730454552705,0.05915,0.0016681018778839619,0.05915,0.0016681018778839619,0.9397,0.0016832098799614982,0.94085,0.0016681018778839623,0.94115,0.001664131567815477,0.94115,0.001664131567815477,WITHIN,0.021150000000000113
D2_S3_d1_M5,D2,3,0.0,5,20000,C3,T3,0.05215927917676345,0.0,0.01585368268435662,0.000907439881573587,0.0022244022093009376,0.09895930377485786,0.3145779772566062,1.6371862819885372,0.0496,0.0015352498168050698,0.0496,0.0015352498168050698,0.94935,0.0015505576013163777,0.9504,0.0015352498168050694,0.95045,0.0015345161696769438,0.9504,0.0015352498168050694,WITHIN,0.02959999999999996
D2_S3_d1_M10,D2,3,0.0,10,32252,P1,T2,0.05215927917676345,0.0,0.01585368268435662,0.04327309566065885,0.0012852943708625386,0.05327971120085199,0.23082398315784255,0.9841306617259057,0.06188763487535657,0.0013416864925640262,0.06188763487535657,0.0013416864925640262,0.9386084583901774,0.001336651456013851,0.9381123651246435,0.0013416864925640257,0.9398176857249163,0.0013242742159554272,0.9386084583901774,0.001336651456013851,WITHIN,0.01860845839017744
D2_S3_d1_M10,D2,3,0.0,10,32252,P2,T2,0.05215927917676345,0.0,0.01585368268435662,0.04327309566065885,0.0012852943708625386,0.05327971120085199,0.23082398315784255,0.9654181410891051,0.06517425275951878,0.0013744376313439373,0.06517425275951878,0.0013744376313439373,0.9347017239240978,0.0013756534895002805,0.9348257472404812,0.0013744376313439377,0.9355698871387821,0.001367112448662237,0.9347017239240978,0.0013756534895002805,WITHIN,0.014701723924097854
D2_S3_d1_M10,D2,3,0.0,10,32252,P3,T2,0.05215927917676345,0.0,0.01585368268435662,0.04327309566065885,0.0012852943708625386,0.05327971120085199,0.23082398315784255,1.035891946588631,0.030385712513952622,0.0009557754913862571,0.030385712513952622,0.0009557754913862571,0.965645541361776,0.0010141964799154205,0.9696142874860474,0.0009557754913862568,0.9695212699987598,0.0009571913790170093,0.965645541361776,0.0010141964799154205,WITHIN,0.014354458638223933
D2_S3_d1_M10,D2,3,0.0,10,32252,P4,T2,0.05215927917676345,0.0,0.01585368268435662,0.04980908786746949,0.001315419730640098,0.05580657309330741,0.2362341488720617,0.9841306617259057,0.06458514200669727,0.001368642795992512,0.06458514200669727,0.001368642795992512,0.9363450328661789,0.0013594266485383497,0.9354148579933027,0.0013686427959925121,0.9362520153788912,0.0013603519604188077,0.9363450328661789,0.0013594266485383497,WITHIN,0.016345032866178943
D2_S3_d1_M10,D2,3,0.0,10,32252,C1,T_DL,0.05215927917676345,0.0,0.01585368268435662,0.013325452926144458,0.0012427354212808204,0.0498097090882737,0.22318088871647074,0.8436676604000211,0.08619620488651866,0.0015627597802121223,0.08619620488651866,0.0015627597802121223,0.913400719335235,0.0015660639461489757,0.9138037951134813,0.0015627597802121225,0.9157261565174253,0.0015468595566529208,0.9157261565174253,0.0015468595566529208,BOUNDARY_BELOW,0.004273843482574646
D2_S3_d1_M10,D2,3,0.0,10,32252,C2,T_DL,0.05215927917676345,0.0,0.01585368268435662,0.013325452926144458,0.0012427354212808204,0.0498097090882737,0.22318088871647074,0.9555689988933765,0.058445987845714996,0.0013062359895235627,0.058445987845714996,0.0013062359895235627,0.938701475877465,0.0013357046376516832,0.941554012154285,0.0013062359895235625,0.9414299888379015,0.0013075350578099334,0.9414299888379015,0.0013075350578099334,WITHIN,0.021429988837901592
D2_S3_d1_M10,D2,3,0.0,10,32252,C3,T3,0.05215927917676345,0.0,0.01585368268435662,-0.0011904567984051093,0.0012414239760072448,0.04970463726160818,0.22294536833405662,0.9803388466493257,0.04895820414237877,0.0012015288845248938,0.04895820414237877,0.0012015288845248938,0.9466699739551035,0.0012511427787134741,0.9510417958576213,0.001201528884524893,0.9511658191740047,0.0012000842761686662,0.9510417958576213,0.001201528884524893,WITHIN,0.028958204142378707
D2_S3_d1_M30,D2,3,0.0,30,20000,P1,T2,0.05215927917676345,0.0,0.01585368268435662,0.04616829859100165,0.0009562095876611725,0.018286735510702992,0.1352284567341615,0.533201450707598,0.068,0.0017801123560045305,0.068,0.0017801123560045305,0.94235,0.0016481273843365382,0.932,0.0017801123560045298,0.94065,0.0016707420132982833,0.94235,0.0016481273843365382,WITHIN,0.022350000000000092
D2_S3_d1_M30,D2,3,0.0,30,20000,P2,T2,0.05215927917676345,0.0,0.01585368268435662,0.04616829859100165,0.0009562095876611725,0.018286735510702992,0.1352284567341615,0.5323743458830147,0.06855,0.0017867693961448972,0.06855,0.0017867693961448972,0.94185,0.0016548198920124213,0.93145,0.0017867693961448972,0.9401,0.0016779748210268227,0.94185,0.0016548198920124213,WITHIN,0.021850000000000036
D2_S3_d1_M30,D2,3,0.0,30,20000,P3,T2,0.05215927917676345,0.0,0.01585368268435662,0.04616829859100165,0.0009562095876611725,0.018286735510702992,0.1352284567341615,0.5463039199757054,0.04935,0.0015315772507451266,0.04935,0.0015315772507451266,0.954,0.0014812832274754217,0.95065,0.0015315772507451266,0.95665,0.0014399787758852557,0.954,0.0014812832274754217,WITHIN,0.026000000000000023
D2_S3_d1_M30,D2,3,0.0,30,20000,P4,T2,0.05215927917676345,0.0,0.01585368268435662,0.04876058539784123,0.0009652433589584351,0.018633894840267253,0.13650602492295807,0.533201450707598,0.0707,0.0018124777240010428,0.0707,0.0018124777240010428,0.941,0.0016661182431028125,0.9293,0.0018124777240010425,0.93745,0.0017122718461155635,0.941,0.0016661182431028125,WITHIN,0.02100000000000002
D2_S3_d1_M30,D2,3,0.0,30,20000,C1,T_DL,0.05215927917676345,0.0,0.01585368268435662,0.012694411641960276,0.0009159222105383778,0.016778269915150166,0.12953096122221192,0.4972836295428846,0.0634,0.0017230850240194185,0.0634,0.0017230850240194185,0.92635,0.0018469661271934578,0.9366,0.0017230850240194187,0.9373,0.0017141865417742606,0.9373,0.0017141865417742606,WITHIN,0.017300000000000093
D2_S3_d1_M30,D2,3,0.0,30,20000,C2,T_DL,0.05215927917676345,0.0,0.01585368268435662,0.012694411641960276,0.0009159222105383778,0.016778269915150166,0.12953096122221192,0.5111296419721021,0.05665,0.0016346372303970077,0.05665,0.0016346372303970077,0.9354,0.0017382007939245683,0.94335,0.0016346372303970074,0.944,0.0016257921146321267,0.944,0.0016257921146321267,WITHIN,0.02400000000000002
D2_S3_d1_M30,D2,3,0.0,30,20000,C3,T3,0.05215927917676345,0.0,0.01585368268435662,-0.0027122599590315944,0.0009180705955996245,0.016857072370092988,0.12983478875129342,0.5215239290910959,0.05105,0.0015563402182684864,0.05105,0.0015563402182684864,0.9307,0.0017957938356058586,0.94895,0.001556340218268487,0.9472,0.0015813310848775465,0.94895,0.001556340218268487,WITHIN,0.02895000000000003
D2_S3_d2_M5,D2,3,0.5,5,20000,P1,T2,0.5521592791767634,0.5,0.5158536826843566,0.5386270085563312,0.002274108925804044,0.10343142812843248,0.32160756851857897,1.7975363431209317,0.2279,0.0029661556769663994,0.04255,0.0014272262872438975,0.9575,0.0014264247263700946,0.95745,0.001427226287243897,0.95785,0.0014207986750416123,0.9575,0.0014264247263700946,WITHIN,0.022499999999999964
D2_S3_d2_M5,D2,3,0.5,5,20000,P2,T2,0.5521592791767634,0.5,0.5158536826843566,0.5386270085563312,0.002274108925804044,0.10343142812843248,0.32160756851857897,1.5682152980828805,0.2954,0.003225979231179271,0.06425,0.0017338099304710422,0.9363,0.0017268802795793342,0.93575,0.0017338099304710424,0.937,0.0017180075669216354,0.9363,0.0017268802795793342,WITHIN,0.016300000000000092
D2_S3_d2_M5,D2,3,0.5,5,20000,P3,T2,0.5521592791767634,0.5,0.5158536826843566,0.5386270085563312,0.002274108925804044,0.10343142812843248,0.32160756851857897,2.2605104260247524,0.06325,0.0017211832775738906,0.01685,0.000910112012336943,0.97735,0.0010520688546858507,0.98315,0.0009101120123369439,0.98105,0.000964129075902185,0.97735,0.0010520688546858507,WITHIN,0.00264999999999993
D2_S3_d2_M5,D2,3,0.5,5,20000,P4,T2,0.5521592791767634,0.5,0.5158536826843566,0.54893079567368,0.0023551471068652277,0.11093435789951306,0.33306809799125625,1.7975363431209312,0.2351,0.002998566240722389,0.04435,0.0014557313883405826,0.9555,0.0014580766440760238,0.95565,0.0014557313883405826,0.9561,0.0014486681814687595,0.9555,0.0014580766440760238,WITHIN,0.024499999999999966
D2_S3_d2_M5,D2,3,0.5,5,20000,C1,T_DL,0.5521592791767634,0.5,0.5158536826843566,0.514714883650589,0.002225022285736878,0.09901448344051522,0.3146656693071477,1.1755184449803793,0.4321,0.0035027816803220838,0.1088,0.002201846497828584,0.8914,0.0022000686352929995,0.8912,0.002201846497828584,0.8925,0.0021902482735982245,0.8925,0.0021902482735982245,OUTSIDE_BELOW,0.02749999999999997
D2_S3_d2_M5,D2,3,0.5,5,20000,C2,T_DL,0.5521592791767634,0.5,0.5158536826843566,0.514714883650589,0.002225022285736878,0.09901448344051522,0.3146656693071477,1.5978880804034132,0.2717,0.003145465863747372,0.0603,0.001683209879961498,0.9398,0.0016819030887658187,0.9397,0.0016832098799614982,0.94,0.0016792855623746672,0.94,0.0016792855623746672,WITHIN,0.020000000000000018
D2_S3_d2_M5,D2,3,0.5,5,20000,C3,T3,0.5521592791767634,0.5,0.5158536826843566,0.5020857196097123,0.002226427520099661,0.0991395900451425,0.3148643994565637,1.6462833261139393,0.2409,0.003023798852437113,0.0479,0.0015100594359163482,0.9499,0.001542562640543327,0.9521,0.001510059435916349,0.95175,0.0015152877202036586,0.9521,0.001510059435916349,WITHIN,0.027900000000000036
D2_S3_d2_M10,D2,3,0.5,10,90331,P1,T2,0.5521592791767634,0.5,0.5158536826843566,0.5444205277794079,0.0007661751869219914,0.053026502616990545,0.2302748414764204,0.984102303163217,0.585712546080526,0.0016389841176977552,0.06088718158771629,0.0007956158216175447,0.9402641396641241,0.0007885406544119402,0.9391128184122837,0.0007956158216175448,0.940153435697601,0.0007892245230708052,0.9402641396641241,0.0007885406544119402,WITHIN,0.020264139664124214
D2_S3_d2_M10,D2,3,0.5,10,90331,P2,T2,0.5521592791767634,0.5,0.5158536826843566,0.5444205277794079,0.0007661751869219914,0.053026502616990545,0.2302748414764204,0.9653903217436259,0.6001151321251841,0.001629920285828005,0.06507179152229024,0.0008206672536622699,0.9359798961596794,0.0008144661482923293,0.9349282084777097,0.0008206672536622701,0.9363784304391627,0.0008120999449666098,0.9359798961596794,0.0008144661482923293,WITHIN,0.01597989615967943
D2_S3_d2_M10,D2,3,0.5,10,90331,P3,T2,0.5521592791767634,0.5,0.5158536826843566,0.5444205277794079,0.0007661751869219914,0.053026502616990545,0.2302748414764204,1.2184956814978223,0.39944205200872346,0.0016296184857688214,0.021808681405054743,0.0004859685866708094,0.967718723361858,0.0005880733702444882,0.9781913185949452,0.0004859685866708097,0.9757558313314366,0.0005117476029095131,0.967718723361858,0.0005880733702444882,WITHIN,0.012281276638141936
D2_S3_d2_M10,D2,3,0.5,10,90331,P4,T2,0.5521592791767634,0.5,0.5158536826843566,0.5509275508459144,0.0007844761730009019,0.055589956289200715,0.23577522407835969,0.9841023031632169,0.595465565531213,0.0016330055648098012,0.06439649732649921,0.0008166926241708162,0.9377843708140062,0.0008036793969770132,0.9356035026735008,0.0008166926241708162,0.9376515260541786,0.0008044799735456091,0.9377843708140062,0.0008036793969770132,WITHIN,0.0177843708140063
D2_S3_d2_M10,D2,3,0.5,10,90331,C1,T_DL,0.5521592791767634,0.5,0.5158536826843566,0.5150116764775257,0.0007392247319642945,0.04936166440193057,0.22217485096637415,0.843030775947558,0.6483156391493508,0.0015887346517625667,0.0845003376470979,0.000925422186683885,0.9128095559663902,0.000938655273962627,0.9154996623529021,0.0009254221866838849,0.9165402796382195,0.0009202288221460227,0.9165402796382195,0.0009202288221460227,OUTSIDE_BELOW,0.0034597203617804384
D2_S3_d2_M10,D2,3,0.5,10,90331,C2,T_DL,0.5521592791767634,0.5,0.5158536826843566,0.5150116764775257,0.0007392247319642945,0.04936166440193057,0.22217485096637415,0.9545253842212569,0.5615790813784858,0.0016509453062573108,0.05842955353090301,0.0007804126208319038,0.9403416324406904,0.0007880614908126357,0.9415704464690969,0.0007804126208319041,0.9417918544021432,0.0007790241797934052,0.9417918544021432,0.0007790241797934052,WITHIN,0.021791854402143263
D2_S3_d2_M10,D2,3,0.5,10,90331,C3,T3,0.5521592791767634,0.5,0.5158536826843566,0.5006405267864945,0.0007396700708524569,0.049421157244678715,0.22230869808596945,0.9787832390161743,0.5227441299221751,0.0016618882324949773,0.04916363153291783,0.0007193768549911008,0.9464967729793758,0.0007487401951631996,0.9508363684670822,0.0007193768549911006,0.9504267637909466,0.0007222117589492995,0.9508363684670822,0.0007193768549911006,WITHIN,0.02916363153291779
D2_S3_d2_M30,D2,3,0.5,30,20000,P1,T2,0.5521592791767634,0.5,0.5158536826843566,0.5494105436532521,0.0009547097106702284,0.01822941263296063,0.13501634209591307,0.5328780780519073,0.9786,0.0010232800203267914,0.07305,0.0018400230637141482,0.9406,0.0016714012085672309,0.92695,0.0018400230637141475,0.934,0.0017556195487633411,0.9406,0.0016714012085672309,WITHIN,0.020600000000000063
D2_S3_d2_M30,D2,3,0.5,30,20000,P2,T2,0.5521592791767634,0.5,0.5158536826843566,0.5494105436532521,0.0009547097106702284,0.01822941263296063,0.13501634209591307,0.5320514748446458,0.9788,0.0010185911839398572,0.0738,0.001848696297394464,0.9401,0.0016779748210268227,0.9262,0.0018486962973944636,0.9336,0.0017605544581182375,0.9401,0.0016779748210268227,WITHIN,0.020100000000000118
D2_S3_d2_M30,D2,3,0.5,30,20000,P3,T2,0.5521592791767634,0.5,0.5158536826843566,0.5494105436532521,0.0009547097106702284,0.01822941263296063,0.13501634209591307,0.6511942574225028,0.9689,0.0012274524430706066,0.0179,0.0009375390658527249,0.97145,0.0011776013226045554,0.9821,0.0009375390658527255,0.981,0.0009653755745822456,0.97145,0.0011776013226045554,WITHIN,0.008549999999999947
D2_S3_d2_M30,D2,3,0.5,30,20000,P4,T2,0.5521592791767634,0.5,0.5158536826843566,0.5520240747416628,0.0009641167532064014,0.01859042227626506,0.1363466988095607,0.5328780780519073,0.9793,0.0010067648682785878,0.07605,0.001874385199205329,0.93875,0.0016955594578191592,0.92395,0.0018743851992053281,0.9317,0.0017837475998582313,0.93875,0.0016955594578191592,WITHIN,0.018750000000000044
D2_S3_d2_M30,D2,3,0.5,30,20000,C1,T_DL,0.5521592791767634,0.5,0.5158536826843566,0.5156790606308614,0.0009117098175255733,0.016624295827450286,0.12893523888933656,0.4968588025340762,0.9742,0.0011210343438093242,0.06735,0.001772201702685109,0.9281,0.001826614217616845,0.93265,0.0017722017026851095,0.93575,0.0017338099304710424,0.93575,0.0017338099304710424,WITHIN,0.015750000000000042
D2_S3_d2_M30,D2,3,0.5,30,20000,C2,T_DL,0.5521592791767634,0.5,0.5158536826843566,0.5156790606308614,0.0009117098175255733,0.016624295827450286,0.12893523888933656,0.510613392881354,0.9719,0.001168554448881181,0.05885,0.0016641315678154777,0.93665,0.0017224514144091266,0.94115,0.001664131567815477,0.9436,0.0016312424712469939,0.9436,0.0016312424712469939,WITHIN,0.023600000000000065
D2_S3_d2_M30,D2,3,0.5,30,20000,C3,T3,0.5521592791767634,0.5,0.5158536826843566,0.5000198907153739,0.0009160218224097336,0.01678191958261699,0.1295450484681564,0.5210268770609426,0.959,0.0014021233897200352,0.05225,0.0015735300680317487,0.93155,0.0017855615013210831,0.94775,0.001573530068031749,0.9468,0.001586974479946039,0.94775,0.001573530068031749,WITHIN,0.027750000000000052
D3_S1_d1_M5,D3,1,0.0,5,20000,P1,T2,0.0,0.0,0.0,0.0005587285211583326,0.0013622090265219603,0.03711226863875814,0.19264544800944075,1.0860161703567912,0.0426,0.00142802731066321,0.0426,0.00142802731066321,0.9574,0.0014280273106632095,0.9574,0.0014280273106632095,0.9574,0.0014280273106632095,0.9574,0.0014280273106632095,WITHIN,0.022599999999999953
D3_S1_d1_M5,D3,1,0.0,5,20000,P2,T2,0.0,0.0,0.0,0.0005587285211583326,0.0013622090265219603,0.03711226863875814,0.19264544800944075,0.9474674483420584,0.06325,0.0017211832775738906,0.06325,0.0017211832775738906,0.93675,0.0017211832775738908,0.93675,0.0017211832775738908,0.93675,0.0017211832775738908,0.93675,0.0017211832775738908,WITHIN,0.016750000000000043
D3_S1_d1_M5,D3,1,0.0,5,20000,P3,T2,0.0,0.0,0.0,0.0005587285211583326,0.0013622090265219603,0.03711226863875814,0.19264544800944075,1.181469966429882,0.00745,0.0006080500596168049,0.00745,0.0006080500596168049,0.99255,0.0006080500596168031,0.99255,0.0006080500596168031,0.99255,0.0006080500596168031,0.99255,0.0006080500596168031,OUTSIDE_ABOVE,0.012550000000000061
D3_S1_d1_M5,D3,1,0.0,5,20000,P4,T2,0.0,0.0,0.0,0.0005645196211141141,0.001375477956803555,0.037838792193049656,0.19452195812568218,1.0860161703567912,0.0438,0.0014470929479477122,0.0438,0.0014470929479477122,0.9562,0.0014470929479477113,0.9562,0.0014470929479477113,0.9562,0.0014470929479477113,0.9562,0.0014470929479477113,WITHIN,0.023799999999999932
D3_S1_d1_M5,D3,1,0.0,5,20000,C1,T_DL,0.0,0.0,0.0,0.0007015471375265552,0.0014467008736823667,0.04185886835826646,0.20459439962586087,0.8469301038192083,0.0469,0.0014949981605339854,0.0469,0.0014949981605339854,0.9531,0.0014949981605339863,0.9531,0.0014949981605339863,0.9531,0.0014949981605339863,0.9531,0.0014949981605339863,WITHIN,0.026900000000000035
D3_S1_d1_M5,D3,1,0.0,5,20000,C2,T_DL,0.0,0.0,0.0,0.0007015471375265552,0.0014467008736823667,0.04185886835826646,0.20459439962586087,1.0405613036774248,0.0515,0.0015628139684556188,0.0515,0.0015628139684556188,0.9485,0.0015628139684556186,0.9485,0.0015628139684556186,0.9485,0.0015628139684556186,0.9485,0.0015628139684556186,WITHIN,0.02850000000000008
D3_S1_d1_M5,D3,1,0.0,5,20000,C3,T3,0.0,0.0,0.0,0.0005805964242939056,0.0015837079256663408,0.05016261587636769,0.22397012273151007,1.159179644406545,0.04255,0.0014272262872438975,0.04255,0.0014272262872438975,0.95745,0.001427226287243897,0.95745,0.001427226287243897,0.95745,0.001427226287243897,0.95745,0.001427226287243897,WITHIN,0.02254999999999996
D3_S1_d1_M10,D3,1,0.0,10,20000,P1,T2,0.0,0.0,0.0,0.0012199879850659401,0.0009410013130442447,0.017709669423019856,0.13307768191180613,0.5755890829677377,0.05755,0.0016467847081510078,0.05755,0.0016467847081510078,0.94245,0.0016467847081510078,0.94245,0.0016467847081510078,0.94245,0.0016467847081510078,0.94245,0.0016467847081510078,WITHIN,0.02245000000000008
D3_S1_d1_M10,D3,1,0.0,10,20000,P2,T2,0.0,0.0,0.0,0.0012199879850659401,0.0009410013130442447,0.017709669423019856,0.13307768191180613,0.5646446799405401,0.0612,0.0016949123871162189,0.0612,0.0016949123871162189,0.9388,0.0016949123871162195,0.9388,0.0016949123871162195,0.9388,0.0016949123871162195,0.9388,0.0016949123871162195,WITHIN,0.01880000000000004
D3_S1_d1_M10,D3,1,0.0,10,20000,P3,T2,0.0,0.0,0.0,0.0012199879850659401,0.0009410013130442447,0.017709669423019856,0.13307768191180613,0.6056659354220901,0.02165,0.0010291082911919427,0.02165,0.0010291082911919427,0.97835,0.0010291082911919414,0.97835,0.0010291082911919414,0.97835,0.0010291082911919414,0.97835,0.0010291082911919414,WITHIN,0.0016499999999999293
D3_S1_d1_M10,D3,1,0.0,10,20000,P4,T2,0.0,0.0,0.0,0.0011071692502078818,0.0009452388893246126,0.017869531157832547,0.1336769656965348,0.5755890829677377,0.05815,0.0016548198920124206,0.05815,0.0016548198920124206,0.94185,0.0016548198920124213,0.94185,0.0016548198920124213,0.94185,0.0016548198920124213,0.94185,0.0016548198920124213,WITHIN,0.021850000000000036
D3_S1_d1_M10,D3,1,0.0,10,20000,C1,T_DL,0.0,0.0,0.0,0.0017314953820778513,0.0010072937103816995,0.020292812379490616,0.14245284265149158,0.5731367980256091,0.04835,0.001516777463901676,0.04835,0.001516777463901676,0.95165,0.001516777463901676,0.95165,0.001516777463901676,0.95165,0.001516777463901676,0.95165,0.001516777463901676,WITHIN,0.028349999999999986
D3_S1_d1_M10,D3,1,0.0,10,20000,C2,T_DL,0.0,0.0,0.0,0.0017314953820778513,0.0010072937103816995,0.020292812379490616,0.14245284265149158,0.6119056149107861,0.05315,0.0015862704293404704,0.05315,0.0015862704293404704,0.94685,0.0015862704293404708,0.94685,0.0015862704293404708,0.94685,0.0015862704293404708,0.94685,0.0015862704293404708,WITHIN,0.02685000000000004
D3_S1_d1_M10,D3,1,0.0,10,20000,C3,T3,0.0,0.0,0.0,0.002107728816299784,0.0011280888859887654,0.025451690693827477,0.15953586021276683,0.6949592292812136,0.047,0.001496512612709963,0.047,0.001496512612709963,0.953,0.001496512612709964,0.953,0.001496512612709964,0.953,0.001496512612709964,0.953,0.001496512612709964,WITHIN,0.027000000000000024
D3_S1_d1_M30,D3,1,0.0,30,20000,P1,T2,0.0,0.0,0.0,0.00039143724027153895,0.0005287771412944521,0.00559210530311066,0.07478038046914885,0.3012892530475929,0.05265,0.0015792083063991273,0.05265,0.0015792083063991273,0.94735,0.001579208306399127,0.94735,0.001579208306399127,0.94735,0.001579208306399127,0.94735,0.001579208306399127,WITHIN,0.027350000000000096
D3_S1_d1_M30,D3,1,0.0,30,20000,P2,T2,0.0,0.0,0.0,0.00039143724027153895,0.0005287771412944521,0.00559210530311066,0.07478038046914885,0.3008218916132606,0.0531,0.001585565987273945,0.0531,0.001585565987273945,0.9469,0.0015855659872739455,0.9469,0.0015855659872739455,0.9469,0.0015855659872739455,0.9469,0.0015855659872739455,WITHIN,0.026900000000000035
D3_S1_d1_M30,D3,1,0.0,30,20000,P3,T2,0.0,0.0,0.0,0.00039143724027153895,0.0005287771412944521,0.00559210530311066,0.07478038046914885,0.30742636932898465,0.03625,0.0013216644335836535,0.03625,0.0013216644335836535,0.96375,0.0013216644335836537,0.96375,0.0013216644335836537,0.96375,0.0013216644335836537,0.96375,0.0013216644335836537,WITHIN,0.016249999999999987
D3_S1_d1_M30,D3,1,0.0,30,20000,P4,T2,0.0,0.0,0.0,0.00041959782293438054,0.0005292322427365357,0.005601735335038869,0.07484474153231387,0.3012892530475929,0.05305,0.0015848611532244708,0.05305,0.0015848611532244708,0.94695,0.0015848611532244714,0.94695,0.0015848611532244714,0.94695,0.0015848611532244714,0.94695,0.0015848611532244714,WITHIN,0.02695000000000003
D3_S1_d1_M30,D3,1,0.0,30,20000,C1,T_DL,0.0,0.0,0.0,2.5002057048745386e-05,0.0005643038175898819,0.006368775970930296,0.07980461121345242,0.31807312246716235,0.04925,0.0015301051842928968,0.04925,0.0015301051842928968,0.95075,0.0015301051842928973,0.95075,0.0015301051842928973,0.95075,0.0015301051842928973,0.95075,0.0015301051842928973,WITHIN,0.029249999999999998
D3_S1_d1_M30,D3,1,0.0,30,20000,C2,T_DL,0.0,0.0,0.0,2.5002057048745386e-05,0.0005643038175898819,0.006368775970930296,0.07980461121345242,0.3221964575961404,0.0526,0.0015784999208108945,0.0526,0.0015784999208108945,0.9474,0.0015784999208108942,0.9474,0.0015784999208108942,0.9474,0.0015784999208108942,0.9474,0.0015784999208108942,WITHIN,0.02740000000000009
D3_S1_d1_M30,D3,1,0.0,30,20000,C3,T3,0.0,0.0,0.0,0.00030002031252384927,0.0006448202195310699,0.008315862310321945,0.09119134997532356,0.37197678788033867,0.04875,0.0015227185803686773,0.04875,0.0015227185803686773,0.95125,0.0015227185803686767,0.95125,0.0015227185803686767,0.95125,0.0015227185803686767,0.95125,0.0015227185803686767,WITHIN,0.028749999999999942
D3_S1_d2_M5,D3,1,0.5,5,20000,P1,T2,0.5,0.5,0.5,0.49877624386610625,0.0013814636112601736,0.03816883418472,0.19536845749690507,1.08402482190011,0.4786,0.0035322941553613567,0.04335,0.0014399787758852557,0.95665,0.0014399787758852557,0.95665,0.0014399787758852557,0.95665,0.0014399787758852557,0.95665,0.0014399787758852557,WITHIN,0.023349999999999982
D3_S1_d2_M5,D3,1,0.5,5,20000,P2,T2,0.5,0.5,0.5,0.49877624386610625,0.0013814636112601736,0.03816883418472,0.19536845749690507,0.9457301465481158,0.56815,0.0035025389184133275,0.0646,0.0017382007939245685,0.9354,0.0017382007939245683,0.9354,0.0017382007939245683,0.9354,0.0017382007939245683,0.9354,0.0017382007939245683,WITHIN,0.01540000000000008
D3_S1_d2_M5,D3,1,0.5,5,20000,P3,T2,0.5,0.5,0.5,0.49877624386610625,0.0013814636112601736,0.03816883418472,0.19536845749690507,1.7384043736999364,0.07545,0.0018675826286941094,0.01275,0.0007933296130865152,0.98725,0.0007933296130865165,0.98725,0.0007933296130865165,0.98725,0.0007933296130865165,0.98725,0.0007933296130865165,OUTSIDE_ABOVE,0.007249999999999979
D3_S1_d2_M5,D3,1,0.5,5,20000,P4,T2,0.5,0.5,0.5,0.4984996878127326,0.001395400921598982,0.038942874639985775,0.19733949082731964,1.0840248219001103,0.4805,0.0035328441092128595,0.045,0.0014658615214269049,0.955,0.0014658615214269053,0.955,0.0014658615214269053,0.955,0.0014658615214269053,0.955,0.0014658615214269053,WITHIN,0.025000000000000022
D3_S1_d2_M5,D3,1,0.5,5,20000,C1,T_DL,0.5,0.5,0.5,0.49817935184568385,0.0014646376951626128,0.042903271561825024,0.2071310492461838,0.845357377632486,0.6575,0.0033555457827304336,0.04945,0.0015330475775395883,0.95055,0.0015330475775395883,0.95055,0.0015330475775395883,0.95055,0.0015330475775395883,0.95055,0.0015330475775395883,WITHIN,0.029449999999999976
D3_S1_d2_M5,D3,1,0.5,5,20000,C2,T_DL,0.5,0.5,0.5,0.49817935184568385,0.0014646376951626128,0.042903271561825024,0.2071310492461838,1.0369439091160138,0.51505,0.0035339319284615543,0.0537,0.001593993569623165,0.9463,0.0015939935696231648,0.9463,0.0015939935696231648,0.9463,0.0015939935696231648,0.9463,0.0015939935696231648,WITHIN,0.0263000000000001
D3_S1_d2_M5,D3,1,0.5,5,20000,C3,T3,0.5,0.5,0.5,0.4993366034064623,0.0016000095021275296,0.0512006081379677,0.2262755137834576,1.1564675979867107,0.43675,0.003507131573665294,0.0438,0.0014470929479477122,0.9562,0.0014470929479477113,0.9562,0.0014470929479477113,0.9562,0.0014470929479477113,0.9562,0.0014470929479477113,WITHIN,0.023799999999999932
D3_S1_d2_M10,D3,1,0.5,10,20000,P1,T2,0.5,0.5,0.5,0.5011516416778717,0.0009389879928351191,0.017633969013770512,0.1327929554372916,0.5739943178301247,0.90935,0.002030179517924462,0.05695,0.0016386991410872222,0.94305,0.0016386991410872215,0.94305,0.0016386991410872215,0.94305,0.0016386991410872215,0.94305,0.0016386991410872215,WITHIN,0.023050000000000126
D3_S1_d2_M10,D3,1,0.5,10,20000,P2,T2,0.5,0.5,0.5,0.5011516416778717,0.0009389879928351191,0.017633969013770512,0.1327929554372916,0.5630802380889591,0.9164,0.0019571796034089464,0.06055,0.0016864711307935276,0.93945,0.0016864711307935276,0.93945,0.0016864711307935276,0.93945,0.0016864711307935276,0.93945,0.0016864711307935276,WITHIN,0.01945000000000008
D3_S1_d2_M10,D3,1,0.5,10,20000,P3,T2,0.5,0.5,0.5,0.5011516416778717,0.0009389879928351191,0.017633969013770512,0.1327929554372916,0.9445245095567676,0.6087,0.0034509731236275947,0.0145,0.0008452736243371137,0.9855,0.0008452736243371125,0.9855,0.0008452736243371125,0.9855,0.0008452736243371125,0.9855,0.0008452736243371125,OUTSIDE_ABOVE,0.00550000000000006
D3_S1_d2_M10,D3,1,0.5,10,20000,P4,T2,0.5,0.5,0.5,0.501176700623365,0.0009439477250128104,0.017820746151137212,0.13349436748843455,0.5739943178301247,0.90765,0.002047211243374753,0.05775,0.0016494686644492524,0.94225,0.0016494686644492518,0.94225,0.0016494686644492518,0.94225,0.0016494686644492518,0.94225,0.0016494686644492518,WITHIN,0.022250000000000103
D3_S1_d2_M10,D3,1,0.5,10,20000,C1,T_DL,0.5,0.5,0.5,0.5012281194939031,0.0010053766865371992,0.020215645636650348,0.1421817345394631,0.5724945237249566,0.91445,0.0019777663853448417,0.05055,0.0015491077673938634,0.94945,0.0015491077673938634,0.94945,0.0015491077673938634,0.94945,0.0015491077673938634,0.94945,0.0015491077673938634,WITHIN,0.029450000000000087
D3_S1_d2_M10,D3,1,0.5,10,20000,C2,T_DL,0.5,0.5,0.5,0.5012281194939031,0.0010053766865371992,0.020215645636650348,0.1421817345394631,0.6112068251427674,0.87445,0.0023429382994436714,0.0523,0.0015742412458070079,0.9477,0.001574241245807008,0.9477,0.001574241245807008,0.9477,0.001574241245807008,0.9477,0.001574241245807008,WITHIN,0.027700000000000058
D3_S1_d2_M10,D3,1,0.5,10,20000,C3,T3,0.5,0.5,0.5,0.5021411955873939,0.0011204574845308378,0.025108499492823455,0.15845661706859532,0.6952007218294997,0.80345,0.002809965280034613,0.04405,0.0014510271792768045,0.95595,0.0014510271792768051,0.95595,0.0014510271792768051,0.95595,0.0014510271792768051,0.95595,0.0014510271792768051,WITHIN,0.024050000000000016
D3_S1_d2_M30,D3,1,0.5,30,20000,P1,T2,0.5,0.5,0.5,0.49990823786350846,0.0005274648694077485,0.005564383769186665,0.07459479719917915,0.3002655720083988,0.99995,4.999874998437186e-05,0.0536,0.0015925928544358095,0.9464,0.0015925928544358093,0.9464,0.0015925928544358093,0.9464,0.0015925928544358093,0.9464,0.0015925928544358093,WITHIN,0.02640000000000009
D3_S1_d2_M30,D3,1,0.5,30,20000,P2,T2,0.5,0.5,0.5,0.49990823786350846,0.0005274648694077485,0.005564383769186665,0.07459479719917915,0.2997997985133439,0.99995,4.999874998437186e-05,0.054,0.0015981864722240645,0.946,0.0015981864722240651,0.946,0.0015981864722240651,0.946,0.0015981864722240651,0.946,0.0015981864722240651,WITHIN,0.026000000000000023
D3_S1_d2_M30,D3,1,0.5,30,20000,P3,T2,0.5,0.5,0.5,0.49990823786350846,0.0005274648694077485,0.005564383769186665,0.07459479719917915,0.5119975480086559,0.99835,0.00028699107128968667,0.0069,0.0005853370823722003,0.9931,0.0005853370823722011,0.9931,0.0005853370823722011,0.9931,0.0005853370823722011,0.9931,0.0005853370823722011,OUTSIDE_ABOVE,0.0131
D3_S1_d2_M30,D3,1,0.5,30,20000,P4,T2,0.5,0.5,0.5,0.49990968535230423,0.0005275757412412218,0.005566723254924494,0.07461047684423745,0.3002655720083988,0.99995,4.999874998437186e-05,0.05405,0.001598883946695319,0.94595,0.0015988839466953197,0.94595,0.0015988839466953197,0.94595,0.0015988839466953197,0.94595,0.0015988839466953197,WITHIN,0.02595000000000003
D3_S1_d2_M30,D3,1,0.5,30,20000,C1,T_DL,0.5,0.5,0.5,0.49974035896497354,0.000564670609958565,0.006377057955019555,0.07985648348768906,0.3169977049374602,0.9999,7.070714249635216e-05,0.04995,0.001540373290796747,0.95005,0.0015403732907967478,0.95005,0.0015403732907967478,0.95005,0.0015403732907967478,0.95005,0.0015403732907967478,WITHIN,0.029950000000000032
D3_S1_d2_M30,D3,1,0.5,30,20000,C2,T_DL,0.5,0.5,0.5,0.49974035896497354,0.000564670609958565,0.006377057955019555,0.07985648348768906,0.32082832895804964,0.9998,9.998999949994449e-05,0.0516,0.0015642480621691688,0.9484,0.0015642480621691685,0.9484,0.0015642480621691685,0.9484,0.0015642480621691685,0.9484,0.0015642480621691685,WITHIN,0.028400000000000092
D3_S1_d2_M30,D3,1,0.5,30,20000,C3,T3,0.5,0.5,0.5,0.5001710095562285,0.0006457552245025384,0.008339996199446476,0.09132357964647726,0.37126735454129,0.9993,0.00018701737887159497,0.0479,0.0015100594359163482,0.9521,0.001510059435916349,0.9521,0.001510059435916349,0.9521,0.001510059435916349,0.9521,0.001510059435916349,WITHIN,0.027900000000000036
D3_S3_d1_M5,D3,3,0.0,5,20639,P1,T2,0.08361854460463167,0.0,0.018852497881809517,0.04869989126195874,0.0023570174555441713,0.11466061020638621,0.33861572646052074,1.7307157188909048,0.061437085130093515,0.0016714857204965542,0.061437085130093515,0.0016714857204965542,0.9393865981878967,0.0016609715121891407,0.9385629148699065,0.0016714857204965538,0.9399195697465963,0.0016541219987948642,0.9393865981878967,0.0016609715121891407,WITHIN,0.019386598187896786
D3_S3_d1_M5,D3,3,0.0,5,20639,P2,T2,0.08361854460463167,0.0,0.018852497881809517,0.04869989126195874,0.0023570174555441713,0.11466061020638621,0.33861572646052074,1.5099193278534062,0.08779495130578031,0.0019698659868019946,0.08779495130578031,0.0019698659868019946,0.9138524153302001,0.0019530585331387176,0.9122050486942197,0.0019698659868019946,0.9137070594505547,0.001954550063545897,0.9138524153302001,0.0019530585331387176,OUTSIDE_BELOW,0.0061475846697998104
D3_S3_d1_M5,D3,3,0.0,5,20639,P3,T2,0.08361854460463167,0.0,0.018852497881809517,0.04869989126195874,0.0023570174555441713,0.11466061020638621,0.33861572646052074,2.0547572073641813,0.006928630263094142,0.0005773904526080244,0.006928630263094142,0.0005773904526080244,0.9886622413876641,0.0007369588722432782,0.9930713697369059,0.0005773904526080223,0.9921023305392703,0.0006161456491079942,0.9886622413876641,0.0007369588722432782,OUTSIDE_ABOVE,0.008662241387664138
D3_S3_d1_M5,D3,3,0.0,5,20639,P4,T2,0.08361854460463167,0.0,0.018852497881809517,0.062348738362980285,0.002515434256006671,0.1305914045939672,0.3613743275247526,1.7307157188909048,0.06817190755366055,0.0017543906225310846,0.06817190755366055,0.0017543906225310846,0.9338146228014923,0.0017304817910647865,0.9318280924463395,0.0017543906225310844,0.9331362953631475,0.0017386951120937943,0.9338146228014923,0.0017304817910647865,WITHIN,0.013814622801492371
D3_S3_d1_M5,D3,3,0.0,5,20639,C1,T_DL,0.08361854460463167,0.0,0.018852497881809517,0.01506009554027409,0.0022226492545397037,0.10196016261798109,0.319312014521817,1.1724362217868933,0.1146373370802849,0.002217580125461317,0.1146373370802849,0.002217580125461317,0.8817772178884636,0.00224742754356207,0.8853626629197151,0.002217580125461317,0.8863801540772325,0.0022089850890317955,0.8863801540772325,0.0022089850890317955,OUTSIDE_BELOW,0.033619845922767455
D3_S3_d1_M5,D3,3,0.0,5,20639,C2,T_DL,0.08361854460463167,0.0,0.018852497881809517,0.01506009554027409,0.0022226492545397037,0.10196016261798109,0.319312014521817,1.5935462965885603,0.06439265468288193,0.0017085222965194248,0.06439265468288193,0.0017085222965194248,0.9325548718445661,0.0017456941808483171,0.9356073453171181,0.0017085222965194245,0.9364310286351083,0.0016983068616285826,0.9364310286351083,0.0016983068616285826,WITHIN,0.01643102863510837
D3_S3_d1_M5,D3,3,0.0,5,20639,C3,T3,0.08361854460463167,0.0,0.018852497881809517,0.00024257535387305223,0.002236096167111017,0.10319760192918698,0.3212438356283074,1.6677921706105567,0.04908183536024032,0.0015037915611700388,0.04908183536024032,0.0015037915611700388,0.9469935558893358,0.0015595292398181346,0.9509181646397596,0.0015037915611700392,0.9512573283589321,0.0014988540546120351,0.9509181646397596,0.0015037915611700392,WITHIN,0.029081835360240338
D3_S3_d1_M10,D3,3,0.0,10,22464,P1,T2,0.08361854460463167,0.0,0.018852497881809517,0.06474597123918278,0.0016776104310409813,0.06322215949929375,0.2514401708146368,0.9858283668149043,0.08253205128205128,0.0018359600427418621,0.08253205128205128,0.0018359600427418621,0.9194711538461539,0.0018155208774344345,0.9174679487179487,0.0018359600427418623,0.9211627492877493,0.0017980028417263817,0.9194711538461539,0.0018155208774344345,BOUNDARY_BELOW,0.0005288461538460743
D3_S3_d1_M10,D3,3,0.0,10,22464,P2,T2,0.08361854460463167,0.0,0.018852497881809517,0.06474597123918278,0.0016776104310409813,0.06322215949929375,0.2514401708146368,0.9670835655646154,0.08667200854700854,0.0018771944836210822,0.08667200854700854,0.0018771944836210822,0.9143963675213675,0.0018666796705836119,0.9133279914529915,0.0018771944836210818,0.9156428062678063,0.0018543024006524602,0.9143963675213675,0.0018666796705836119,OUTSIDE_BELOW,0.005603632478632381
D3_S3_d1_M10,D3,3,0.0,10,22464,P3,T2,0.08361854460463167,0.0,0.018852497881809517,0.06474597123918278,0.0016776104310409813,0.06322215949929375,0.2514401708146368,1.1164522115561326,0.018073361823361823,0.0008888233336477913,0.018073361823361823,0.0008888233336477913,0.9667022792022792,0.001197043905170667,0.9819266381766382,0.0008888233336477916,0.9812143874643875,0.0009058391542754991,0.9667022792022792,0.001197043905170667,WITHIN,0.013297720797720736
D3_S3_d1_M10,D3,3,0.0,10,22464,P4,T2,0.08361854460463167,0.0,0.018852497881809517,0.07627015317234109,0.0017816966868325016,0.07131068943605372,0.2670406138325287,0.9858283668149043,0.0921474358974359,0.0019297708616515888,0.0921474358974359,0.0019297708616515888,0.9127047720797721,0.001883288554401374,0.9078525641025641,0.0019297708616515888,0.910835113960114,0.0019013990240443843,0.9127047720797721,0.001883288554401374,OUTSIDE_BELOW,0.007295227920227854
D3_S3_d1_M10,D3,3,0.0,10,22464,C1,T_DL,0.08361854460463167,0.0,0.018852497881809517,0.018116210596105124,0.001500618724545518,0.050585705684241436,0.22491266234750198,0.8457248110710271,0.09099002849002849,0.0019188352095723315,0.09099002849002849,0.0019188352095723315,0.8998842592592593,0.002002631139609439,0.9090099715099715,0.0019188352095723313,0.9103009259259259,0.0019065268549167797,0.9103009259259259,0.0019065268549167797,OUTSIDE_BELOW,0.009699074074073999
D3_S3_d1_M10,D3,3,0.0,10,22464,C2,T_DL,0.08361854460463167,0.0,0.018852497881809517,0.018116210596105124,0.001500618724545518,0.050585705684241436,0.22491266234750198,0.9562958939490498,0.06183226495726496,0.0016069570853176778,0.06183226495726496,0.0016069570853176778,0.9298433048433048,0.0017041032326995376,0.9381677350427351,0.0016069570853176772,0.9385683760683761,0.0016020844727406875,0.9385683760683761,0.0016020844727406875,WITHIN,0.018568376068376136
D3_S3_d1_M10,D3,3,0.0,10,22464,C3,T3,0.08361854460463167,0.0,0.018852497881809517,0.0009253839136555557,0.0015132723947962046,0.05144241040890471,0.22680919383681233,0.9954988337689601,0.04865562678062678,0.0014354625528127027,0.04865562678062678,0.0014354625528127027,0.9384793447293447,0.0016031689405562445,0.9513443732193733,0.001435462552812702,0.9520566239316239,0.0014254505329353675,0.9513443732193733,0.001435462552812702,WITHIN,0.02865562678062672
D3_S3_d1_M30,D3,3,0.0,30,20000,P1,T2,0.08361854460463167,0.0,0.018852497881809517,0.07577023316448783,0.0010877849567254658,0.023665522241564475,0.15383602387465842,0.5688562762627153,0.0885,0.0020083295297336043,0.0885,0.0020083295297336043,0.92925,0.0018130697380409832,0.9115,0.0020083295297336043,0.92245,0.0018912429444680025,0.92925,0.0018130697380409832,WITHIN,0.009250000000000091
D3_S3_d1_M30,D3,3,0.0,30,20000,P2,T2,0.08361854460463167,0.0,0.018852497881809517,0.07577023316448783,0.0010877849567254658,0.023665522241564475,0.15383602387465842,0.5679738634898936,0.0889,0.002012421302809131,0.0889,0.002012421302809131,0.9289,0.0018172065100037482,0.9111,0.002012421302809131,0.92155,0.0019012574457447893,0.9289,0.0018172065100037482,WITHIN,0.008900000000000019
D3_S3_d1_M30,D3,3,0.0,30,20000,P3,T2,0.08361854460463167,0.0,0.018852497881809517,0.07577023316448783,0.0010877849567254658,0.023665522241564475,0.15383602387465842,0.6119854824940181,0.04,0.0013856406460551018,0.04,0.0013856406460551018,0.95025,0.0015374481698580927,0.96,0.0013856406460551025,0.96595,0.001282392246935391,0.95025,0.0015374481698580927,WITHIN,0.029749999999999943
D3_S3_d1_M30,D3,3,0.0,30,20000,P4,T2,0.08361854460463167,0.0,0.018852497881809517,0.08188876695774236,0.0011348278412951242,0.02575668458757103,0.1604888924118147,0.5688562762627153,0.09875,0.0021094837934907203,0.09875,0.0021094837934907203,0.9255,0.0018567410966529503,0.90125,0.0021094837934907203,0.9143,0.001979337136518183,0.9255,0.0018567410966529503,WITHIN,0.00550000000000006
D3_S3_d1_M30,D3,3,0.0,30,20000,C1,T_DL,0.08361854460463167,0.0,0.018852497881809517,0.01821352982339449,0.0009171060281342114,0.016821669336802177,0.1296983783121523,0.5020566129355125,0.06535,0.0017475608358509297,0.06535,0.0017475608358509297,0.9067,0.002056636939277325,0.93465,0.00174756083585093,0.9379,0.001706510914116872,0.9379,0.001706510914116872,WITHIN,0.017900000000000027
D3_S3_d1_M30,D3,3,0.0,30,20000,C2,T_DL,0.08361854460463167,0.0,0.018852497881809517,0.01821352982339449,0.0009171060281342114,0.016821669336802177,0.1296983783121523,0.5139667630484412,0.06005,0.00167994043793225,0.06005,0.00167994043793225,0.91635,0.001957711387053771,0.93995,0.0016799404379322506,0.94325,0.0016359926268171255,0.94325,0.0016359926268171255,WITHIN,0.023250000000000104
D3_S3_d1_M30,D3,3,0.0,30,20000,C3,T3,0.08361854460463167,0.0,0.018852497881809517,-0.0005666419065437923,0.0009286428258844271,0.017247549961332286,0.13132992789662334,0.5309435943914623,0.0514,0.0015613782373275222,0.0514,0.0015613782373275222,0.9067,0.002056636939277325,0.9486,0.0015613782373275222,0.94765,0.0015749520230787985,0.9486,0.0015613782373275222,WITHIN,0.02860000000000007
D3_S3_d2_M5,D3,3,0.5,5,25942,P1,T2,0.5836185446046317,0.5,0.5188524978818095,0.5514565222844268,0.0021094129774711272,0.11543212270726139,0.33975303193240436,1.7373586536079098,0.2719142702952741,0.0027625206444275197,0.059401742348315474,0.0014675737981677023,0.9420630637576132,0.0014504942899547344,0.9405982576516845,0.0014675737981677032,0.9420630637576132,0.0014504942899547344,0.9420630637576132,0.0014504942899547344,WITHIN,0.022063063757613244
D3_S3_d2_M5,D3,3,0.5,5,25942,P2,T2,0.5836185446046317,0.5,0.5188524978818095,0.5514565222844268,0.0021094129774711272,0.11543212270726139,0.33975303193240436,1.5157147888949818,0.3398350165754375,0.0029407531988384656,0.08376378074165446,0.0017200066895242787,0.9168915272531031,0.001713877996018194,0.9162362192583455,0.0017200066895242789,0.9173155500732403,0.001709895506708534,0.9168915272531031,0.001713877996018194,BOUNDARY_BELOW,0.003108472746896851
D3_S3_d2_M5,D3,3,0.5,5,25942,P3,T2,0.5836185446046317,0.5,0.5188524978818095,0.5514565222844268,0.0021094129774711272,0.11543212270726139,0.33975303193240436,2.5850249621469117,0.02991288258422635,0.0010576275965108986,0.017346388096523013,0.0008105933365050146,0.9721301364582531,0.0010219458796449372,0.982653611903477,0.0008105933365050144,0.9807647829774111,0.000852764768227412,0.9721301364582531,0.0010219458796449372,WITHIN,0.007869863541746902
D3_S3_d2_M5,D3,3,0.5,5,25942,P4,T2,0.5836185446046317,0.5,0.5188524978818095,0.5658754592083735,0.0022562132431812776,0.13205770427084607,0.36339744670380675,1.7373586536079098,0.28363271914270294,0.0027986224114162715,0.06591627476678745,0.0015405915194769298,0.9362809343921055,0.0015164778165983705,0.9340837252332126,0.0015405915194769294,0.9358569115719683,0.0015211706312032935,0.9362809343921055,0.0015164778165983705,WITHIN,0.01628093439210554
D3_S3_d2_M5,D3,3,0.5,5,25942,C1,T_DL,0.5836185446046317,0.5,0.5188524978818095,0.5154687955391316,0.0019844261612291902,0.1021582259866578,0.3196220048536361,1.1735004036689558,0.44221725387402666,0.003083533366469662,0.11406213861691465,0.0019736523616658954,0.8826613214092977,0.001998094006388197,0.8859378613830854,0.0019736523616658954,0.8868630020815665,0.0019666581062479133,0.8868630020815665,0.0019666581062479133,OUTSIDE_BELOW,0.033136997918433386
D3_S3_d2_M5,D3,3,0.5,5,25942,C2,T_DL,0.5836185446046317,0.5,0.5188524978818095,0.5154687955391316,0.0019844261612291902,0.1021582259866578,0.3196220048536361,1.593765988923302,0.2787757304756765,0.0027839467240180064,0.06483694395189268,0.0015288089323500593,0.9344692005242464,0.0015363971809835696,0.9351630560481073,0.0015288089323500591,0.9355099838100378,0.0015249960852315322,0.9355099838100378,0.0015249960852315322,WITHIN,0.015509983810037875
D3_S3_d2_M5,D3,3,0.5,5,25942,C3,T3,0.5836185446046317,0.5,0.5188524978818095,0.5002371545065191,0.0019891375808224077,0.10264388943914499,0.32038085061243127,1.6672965754007787,0.23726004163133144,0.00264118500541777,0.04806876879192044,0.0013281054519075392,0.9494256418163596,0.0013604855736057092,0.9519312312080795,0.0013281054519075396,0.9515072083879423,0.001333653186398743,0.9519312312080795,0.0013281054519075396,WITHIN,0.02806876879192044
D3_S3_d2_M10,D3,3,0.5,10,37574,P1,T2,0.5836185446046317,0.5,0.5188524978818095,0.5638475252633073,0.0013003712605449877,0.06353633451265461,0.25206414761455986,0.9861030523147284,0.6081066695055092,0.002518431275207743,0.08207803268217384,0.001416030589862355,0.9201309416085591,0.001398525483139136,0.9179219673178262,0.001416030589862355,0.9213551924202906,0.0013886885524041455,0.9201309416085591,0.001398525483139136,WITHIN,0.00013094160855919856
D3_S3_d2_M10,D3,3,0.5,10,37574,P2,T2,0.5836185446046317,0.5,0.5188524978818095,0.5638475252633073,0.0013003712605449877,0.06353633451265461,0.25206414761455986,0.9673530281217104,0.621626656730718,0.002501965780462923,0.08710810666950551,0.0014547730493306528,0.9159525203598233,0.0014313805539625617,0.9128918933304945,0.0014547730493306528,0.9159259062117422,0.0014315863650037712,0.9159525203598233,0.0014313805539625617,BOUNDARY_BELOW,0.004047479640176599
D3_S3_d2_M10,D3,3,0.5,10,37574,P3,T2,0.5836185446046317,0.5,0.5188524978818095,0.5638475252633073,0.0013003712605449877,0.06353633451265461,0.25206414761455986,1.4487098926914703,0.25746526853675417,0.0022556618615502395,0.02131793261297706,0.0007451601858766934,0.9579762601799117,0.0010350968987552255,0.9786820673870229,0.0007451601858766941,0.9749560866556661,0.0008061203933603565,0.9579762601799117,0.0010350968987552255,WITHIN,0.022023739820088317
D3_S3_d2_M10,D3,3,0.5,10,37574,P4,T2,0.5836185446046317,0.5,0.5188524978818095,0.5752877502881265,0.0013801220601743608,0.07156858431741958,0.2675230538054984,0.9861030523147284,0.623170277319423,0.002499955196197536,0.09205833821259382,0.0014914778989108487,0.9129451216266568,0.0014543709028556025,0.9079416617874062,0.0014914778989108483,0.9117474849630063,0.0014633800056000079,0.9129451216266568,0.0014543709028556025,OUTSIDE_BELOW,0.007054878373343176
D3_S3_d2_M10,D3,3,0.5,10,37574,C1,T_DL,0.5836185446046317,0.5,0.5188524978818095,0.5173517818962744,0.0011638440809196386,0.05089522462124513,0.22559969995823384,0.8469892692274351,0.6470697822962687,0.00246533684292105,0.0907010166604567,0.001481547959802259,0.9021131633576409,0.001533023955744928,0.9092989833395433,0.0014815479598022593,0.9109756746686538,0.001469142830923107,0.9109756746686538,0.001469142830923107,OUTSIDE_BELOW,0.009024325331346117
D3_S3_d2_M10,D3,3,0.5,10,37574,C2,T_DL,0.5836185446046317,0.5,0.5188524978818095,0.5173517818962744,0.0011638440809196386,0.05089522462124513,0.22559969995823384,0.9584297116867738,0.5614254537712248,0.0025599061586080276,0.0629158460637675,0.0012526380570332903,0.9304838452121148,0.0013120596325464225,0.9370841539362325,0.0012526380570332908,0.9389471443019108,0.001235178855234286,0.9389471443019108,0.001235178855234286,WITHIN,0.018947144301910912
D3_S3_d2_M10,D3,3,0.5,10,37574,C3,T3,0.5836185446046317,0.5,0.5188524978818095,0.4998967863517558,0.001169792836995899,0.051416835786589316,0.2267528076707967,0.997436999506352,0.5098472347900144,0.002578944803343089,0.05093947942726353,0.0011343066797687956,0.9391600574865598,0.0012331630092177438,0.9490605205727365,0.0011343066797687954,0.950284771384468,0.0011213156658897588,0.9490605205727365,0.0011343066797687954,WITHIN,0.02906052057273656
D3_S3_d2_M30,D3,3,0.5,30,20000,P1,T2,0.5836185446046317,0.5,0.5188524978818095,0.5744753198850726,0.0010976480791295854,0.02409662611233737,0.1552308800217836,0.5690850053508953,0.97485,0.0011071918871631964,0.08725,0.0019954628222545265,0.92895,0.0018166163257551105,0.91275,0.001995462822254527,0.92465,0.0018664455188941362,0.92895,0.0018166163257551105,WITHIN,0.008950000000000125
D3_S3_d2_M30,D3,3,0.5,30,20000,P2,T2,0.5836185446046317,0.5,0.5188524978818095,0.5744753198850726,0.0010976480791295854,0.02409662611233737,0.1552308800217836,0.5682022377723391,0.97495,0.0011050451913835926,0.0877,0.0020001088720367198,0.9283,0.001824268483529768,0.9123,0.0020001088720367198,0.9244,0.0018692864948958467,0.9283,0.001824268483529768,WITHIN,0.008300000000000085
D3_S3_d2_M30,D3,3,0.5,30,20000,P3,T2,0.5836185446046317,0.5,0.5188524978818095,0.5744753198850726,0.0010976480791295854,0.02409662611233737,0.1552308800217836,0.8208957883247371,0.916,0.0019614280511912737,0.01155,0.0007555328417745982,0.96655,0.0012714381129256742,0.98845,0.0007555328417745965,0.9853,0.0008509967685015039,0.96655,0.0012714381129256742,WITHIN,0.013449999999999962
D3_S3_d2_M30,D3,3,0.5,30,20000,P4,T2,0.5836185446046317,0.5,0.5188524978818095,0.5806007632945807,0.0011495043946897988,0.026427207068223213,0.16256447049777886,0.5690850053508953,0.9761,0.0010800182868822184,0.0964,0.002086948010852211,0.9244,0.0018692864948958467,0.9036,0.0020869480108522114,0.91755,0.0019448907102971112,0.9244,0.0018692864948958467,WITHIN,0.0044000000000000705
D3_S3_d2_M30,D3,3,0.5,30,20000,C1,T_DL,0.5836185446046317,0.5,0.5188524978818095,0.5171585750139139,0.0009203177491732606,0.016939695188866732,0.13015258425735055,0.5029536353763662,0.97265,0.0011532991264195074,0.0657,0.0017519062474915716,0.9065,0.0020586130039422176,0.9343,0.0017519062474915714,0.9374,0.0017129103887827872,0.9374,0.0017129103887827872,WITHIN,0.017400000000000082
D3_S3_d2_M30,D3,3,0.5,30,20000,C2,T_DL,0.5836185446046317,0.5,0.5188524978818095,0.5171585750139139,0.0009203177491732606,0.016939695188866732,0.13015258425735055,0.5150282560390615,0.9703,0.0012003730670087519,0.0593,0.0016700824829929807,0.9147,0.0019751444250990864,0.9407,0.0016700824829929811,0.9446,0.0016175728731652246,0.9446,0.0016175728731652246,WITHIN,0.024600000000000066
D3_S3_d2_M30,D3,3,0.5,30,20000,C3,T3,0.5836185446046317,0.5,0.5188524978818095,0.4989089228798274,0.0009316673507118947,0.01736008104765041,0.13175766029969724,0.5319133875553129,0.9537,0.0014858719662205085,0.05065,0.0015505576013163781,0.90505,0.0020728542821433446,0.94935,0.0015505576013163777,0.94595,0.0015988839466953197,0.94935,0.0015505576013163777,WITHIN,0.029350000000000098
D4_S2_d1_M5,D4,2,0.0,5,134196,P1,T2,0.0,0.0,0.00015183103614867843,-9.256476060832448e-05,0.000878659059536588,0.10360491373097615,0.3218771718077816,1.671813086492794,0.057639571969358254,0.0006362079745234291,0.057639571969358254,0.0006362079745234291,0.9423604280306418,0.0006362079745234289,0.9423604280306418,0.0006362079745234289,0.9423753316045188,0.0006361307488525431,0.9423604280306418,0.0006362079745234289,WITHIN,0.022360428030641866
D4_S2_d1_M5,D4,2,0.0,5,134196,P2,T2,0.0,0.0,0.00015183103614867843,-9.256476060832448e-05,0.000878659059536588,0.10360491373097615,0.3218771718077816,1.4585312101235086,0.0819771081105249,0.0007488645406308908,0.0819771081105249,0.0007488645406308908,0.9180228918894751,0.000748864540630891,0.9180228918894751,0.000748864540630891,0.9180005365286595,0.000748957522942166,0.9180228918894751,0.000748864540630891,BOUNDARY_BELOW,0.0019771081105248722
D4_S2_d1_M5,D4,2,0.0,5,134196,P3,T2,0.0,0.0,0.00015183103614867843,-9.256476060832448e-05,0.000878659059536588,0.10360491373097615,0.3218771718077816,1.949860448382117,0.005544129482249843,0.00020269342198539326,0.005544129482249843,0.00020269342198539326,0.9944558705177502,0.00020269342198539253,0.9944558705177502,0.00020269342198539253,0.9944633223046887,0.00020255791639710855,0.9944558705177502,0.00020269342198539253,OUTSIDE_ABOVE,0.014455870517750213
D4_S2_d1_M5,D4,2,0.0,5,134196,P4,T2,0.0,0.0,0.00015183103614867843,-0.00015536438825521006,0.0009314581138260907,0.11643035757356067,0.34121892909620455,1.671813086492794,0.06304956928671496,0.0006634826707384937,0.06304956928671496,0.0006634826707384937,0.9369504307132851,0.0006634826707384934,0.9369504307132851,0.0006634826707384934,0.9369578825002236,0.0006634460995462971,0.9369504307132851,0.0006634826707384934,WITHIN,0.01695043071328517
D4_S2_d1_M5,D4,2,0.0,5,134196,C1,T_DL,0.0,0.0,0.00015183103614867843,-1.4211273309111752e-05,0.0007749817969480856,0.08059768624049618,0.28389731636719673,1.0225875910466604,0.12987719455125338,0.0009176708568624645,0.12987719455125338,0.0009176708568624645,0.8701228054487467,0.0009176708568624645,0.8701228054487467,0.0009176708568624645,0.8701004500879311,0.0009177380418135051,0.8701004500879311,0.0009177380418135051,OUTSIDE_BELOW,0.0498995499120688
D4_S2_d1_M5,D4,2,0.0,5,134196,C2,T_DL,0.0,0.0,0.00015183103614867843,-1.4211273309111752e-05,0.0007749817969480856,0.08059768624049618,0.28389731636719673,1.42091388397081,0.070210736534621,0.0006974679287208399,0.070210736534621,0.0006974679287208399,0.929789263465379,0.0006974679287208397,0.929789263465379,0.0006974679287208397,0.9298190706131331,0.0006973310393115332,0.9298190706131331,0.0006973310393115332,WITHIN,0.00981907061313314
D4_S2_d1_M5,D4,2,0.0,5,134196,C3,T3,0.0,0.0,0.00015183103614867843,7.111208421673293e-05,0.0008536075816985072,0.09778136567053779,0.31270012099539995,1.5999842448082773,0.04708784166443113,0.0005782438744670314,0.04708784166443113,0.0005782438744670314,0.9529121583355689,0.0005782438744670315,0.9529121583355689,0.0005782438744670315,0.9529419654833229,0.0005780698687859369,0.9529121583355689,0.0005782438744670315,WITHIN,0.027087841664431123
D4_S2_d1_M10,D4,2,0.0,10,81362,P1,T2,0.0,0.0,0.00015183103614867843,-0.0014996912567481397,0.0008170396269082664,0.05431350836521202,0.23305258712404808,0.9440424957137844,0.07349868488975198,0.0009148544320858606,0.07349868488975198,0.0009148544320858606,0.926501315110248,0.0009148544320858606,0.926501315110248,0.0009148544320858606,0.926501315110248,0.0009148544320858606,0.926501315110248,0.0009148544320858606,WITHIN,0.006501315110248096
D4_S2_d1_M10,D4,2,0.0,10,81362,P2,T2,0.0,0.0,0.00015183103614867843,-0.0014996912567481397,0.0008170396269082664,0.05431350836521202,0.23305258712404808,0.9260922220660955,0.07768983063346525,0.0009384470600472379,0.07768983063346525,0.0009384470600472379,0.9223101693665348,0.0009384470600472379,0.9223101693665348,0.0009384470600472379,0.92227329711659,0.0009386509677563752,0.9223101693665348,0.0009384470600472379,WITHIN,0.002310169366534831
D4_S2_d1_M10,D4,2,0.0,10,81362,P3,T2,0.0,0.0,0.00015183103614867843,-0.0014996912567481397,0.0008170396269082664,0.05431350836521202,0.23305258712404808,1.0392792672663451,0.01817801922273297,0.0004683589748228418,0.01817801922273297,0.0004683589748228418,0.981821980777267,0.000468358974822842,0.981821980777267,0.000468358974822842,0.981821980777267,0.000468358974822842,0.981821980777267,0.000468358974822842,OUTSIDE_ABOVE,0.0018219807772670293
D4_S2_d1_M10,D4,2,0.0,10,81362,P4,T2,0.0,0.0,0.00015183103614867843,-0.0014982440815771443,0.000853284314694813,0.05923919393009685,0.24339103091547323,0.9440424957137844,0.07981613038027581,0.000950105505128653,0.07981613038027581,0.000950105505128653,0.9201838696197242,0.0009501055051286529,0.9201838696197242,0.0009501055051286529,0.9201101251198348,0.0009505062296072907,0.9201838696197242,0.0009501055051286529,WITHIN,0.00018386961972427507
D4_S2_d1_M10,D4,2,0.0,10,81362,C1,T_DL,0.0,0.0,0.00015183103614867843,-0.0013753132044870594,0.0006986108687772126,0.039709305510708254,0.1992719385932406,0.7440777907400179,0.09428234310857649,0.0010244736507047595,0.09428234310857649,0.0010244736507047595,0.9057176568914235,0.00102447365070476,0.9057176568914235,0.00102447365070476,0.9057176568914235,0.00102447365070476,0.9057176568914235,0.00102447365070476,OUTSIDE_BELOW,0.014282343108576456
D4_S2_d1_M10,D4,2,0.0,10,81362,C2,T_DL,0.0,0.0,0.00015183103614867843,-0.0013753132044870594,0.0006986108687772126,0.039709305510708254,0.1992719385932406,0.8531028039784417,0.06254762665617856,0.0008489247906977832,0.06254762665617856,0.0008489247906977832,0.9374523733438215,0.000848924790697783,0.9374523733438215,0.000848924790697783,0.937464664093803,0.0008488469432563147,0.937464664093803,0.0008488469432563147,WITHIN,0.017464664093803095
D4_S2_d1_M10,D4,2,0.0,10,81362,C3,T3,0.0,0.0,0.00015183103614867843,-0.001488838778452941,0.000780093242245459,0.04951247625326774,0.22251399114048478,0.9620709585385538,0.0487205329269192,0.0007547433039185013,0.0487205329269192,0.0007547433039185013,0.9512794670730808,0.0007547433039185017,0.9512794670730808,0.0007547433039185017,0.9512917578230624,0.0007546529733012818,0.9512794670730808,0.0007547433039185017,WITHIN,0.02872053292691923
D4_S2_d1_M30,D4,2,0.0,30,20000,P1,T2,0.0,0.0,0.00015183103614867843,0.000887828099926617,0.0009687287244722469,0.01876870683235253,0.13699893004090408,0.5314040653267105,0.064,0.0017306646122227148,0.064,0.0017306646122227148,0.936,0.0017306646122227142,0.936,0.0017306646122227142,0.9361,0.0017294043772351213,0.936,0.0017306646122227142,WITHIN,0.016000000000000125
D4_S2_d1_M30,D4,2,0.0,30,20000,P2,T2,0.0,0.0,0.00015183103614867843,0.000887828099926617,0.0009687287244722469,0.01876870683235253,0.13699893004090408,0.5305797486155468,0.06435,0.001735065956959562,0.06435,0.001735065956959562,0.93565,0.001735065956959562,0.93565,0.001735065956959562,0.93555,0.0017363207868939428,0.93565,0.001735065956959562,WITHIN,0.015650000000000053
D4_S2_d1_M30,D4,2,0.0,30,20000,P3,T2,0.0,0.0,0.00015183103614867843,0.000887828099926617,0.0009687287244722469,0.01876870683235253,0.13699893004090408,0.5537273918722447,0.03485,0.0012968322462832268,0.03485,0.0012968322462832268,0.96515,0.0012968322462832277,0.96515,0.0012968322462832277,0.9652,0.0012959351835643642,0.96515,0.0012968322462832277,WITHIN,0.01485000000000003
D4_S2_d1_M30,D4,2,0.0,30,20000,P4,T2,0.0,0.0,0.00015183103614867843,0.0009483809203309121,0.0009908577278838892,0.019635980738144466,0.14012844371555858,0.5314040653267105,0.06715,0.0017697581402553288,0.06715,0.0017697581402553288,0.93285,0.0017697581402553295,0.93285,0.0017697581402553295,0.9328,0.0017703694529673747,0.93285,0.0017697581402553295,WITHIN,0.012850000000000028
D4_S2_d1_M30,D4,2,0.0,30,20000,C1,T_DL,0.0,0.0,0.00015183103614867843,0.0006338158136689905,0.0008090005835529267,0.01308963888377952,0.11440995972282973,0.44112927419443915,0.0645,0.0017369477539638319,0.0645,0.0017369477539638319,0.9355,0.0017369477539638319,0.9355,0.0017369477539638319,0.93555,0.0017363207868939428,0.93555,0.0017363207868939428,WITHIN,0.015550000000000064
D4_S2_d1_M30,D4,2,0.0,30,20000,C2,T_DL,0.0,0.0,0.00015183103614867843,0.0006338158136689905,0.0008090005835529267,0.01308963888377952,0.11440995972282973,0.45873401063760877,0.0554,0.0016175728731652246,0.0554,0.0016175728731652246,0.9446,0.0016175728731652246,0.9446,0.0016175728731652246,0.94455,0.001618259829261049,0.94455,0.001618259829261049,WITHIN,0.024550000000000072
D4_S2_d1_M30,D4,2,0.0,30,20000,C3,T3,0.0,0.0,0.00015183103614867843,0.0002099654348815548,0.0009068671935265946,0.01644816213389604,0.12825038843565364,0.5162729814720622,0.04925,0.0015301051842928968,0.04925,0.0015301051842928968,0.95075,0.0015301051842928973,0.95075,0.0015301051842928973,0.9506,0.0015323126312864485,0.95075,0.0015301051842928973,WITHIN,0.029249999999999998
D4_S2_d2_M5,D4,2,0.5,5,263467,P1,T2,0.5,0.5,0.5001518310361487,0.5003835298690116,0.000627747013562936,0.10382346929696801,0.3222164944520501,1.673973177930181,0.2599908147889489,0.0008545440301650595,0.057396182444101156,0.00045315104693944034,0.9426038175558988,0.00045315104693944034,0.9426038175558988,0.00045315104693944034,0.9426227952646821,0.0004530806858187698,0.9426038175558988,0.00045315104693944034,WITHIN,0.02260381755589891
D4_S2_d2_M5,D4,2,0.5,5,263467,P2,T2,0.5,0.5,0.5001518310361487,0.5003835298690116,0.000627747013562936,0.10382346929696801,0.3222164944520501,1.460415727479905,0.32683030512360184,0.0009138192970003782,0.0812170025088531,0.0005321901597710784,0.9187829974911469,0.0005321901597710784,0.9187829974911469,0.0005321901597710784,0.9187981796581736,0.0005321448119822841,0.9187829974911469,0.0005321901597710784,BOUNDARY_BELOW,0.0012170025088530378
D4_S2_d2_M5,D4,2,0.5,5,263467,P3,T2,0.5,0.5,0.5001518310361487,0.5003835298690116,0.000627747013562936,0.10382346929696801,0.3222164944520501,2.300685552250705,0.0362132639002228,0.0003639663171059731,0.020989345914289075,0.00027927370609160247,0.979010654085711,0.00027927370609160215,0.979010654085711,0.00027927370609160215,0.9789802897516577,0.0002794713053358571,0.979010654085711,0.00027927370609160215,WITHIN,0.0009893459142890082
D4_S2_d2_M5,D4,2,0.5,5,263467,P4,T2,0.5,0.5,0.5001518310361487,0.5005243659710582,0.0006648302504190246,0.11645221952768897,0.3412509626765747,1.673973177930181,0.2664090758994485,0.000861268115419431,0.06215958734870022,0.000470387118068845,0.9378404126512998,0.0004703871180688449,0.9378404126512998,0.0004703871180688449,0.937859390360083,0.00047032006504874594,0.9378404126512998,0.0004703871180688449,WITHIN,0.017840412651299875
D4_S2_d2_M5,D4,2,0.5,5,263467,C1,T_DL,0.5,0.5,0.5001518310361487,0.5002145192395083,0.0005531520503864468,0.08061489254081544,0.2839276184889653,1.0223912871414318,0.49854820527808036,0.0009741034027605891,0.13051349884425753,0.0006562903599253179,0.8694865011557424,0.000656290359925318,0.8694865011557424,0.000656290359925318,0.8694713189887159,0.0006563228006415362,0.8694713189887159,0.0006563228006415362,OUTSIDE_BELOW,0.05052868101128405
D4_S2_d2_M5,D4,2,0.5,5,263467,C2,T_DL,0.5,0.5,0.5001518310361487,0.5002145192395083,0.0005531520503864468,0.08061489254081544,0.2839276184889653,1.4211683383957314,0.30909373849476407,0.0009003089237286286,0.07061605438252229,0.0004990984187284745,0.9293839456174777,0.0004990984187284745,0.9293839456174777,0.0004990984187284745,0.9293725589922077,0.0004991355984794237,0.9293725589922077,0.0004991355984794237,WITHIN,0.009372558992207791
D4_S2_d2_M5,D4,2,0.5,5,263467,C3,T3,0.5,0.5,0.5001518310361487,0.49985623167597865,0.0006125211394944765,0.09884811454649692,0.31440119997623567,1.6037898533675154,0.2565140985398551,0.0008508027314456876,0.046920487195739886,0.00041198623922266255,0.9530795128042601,0.00041198623922266277,0.9530795128042601,0.00041198623922266277,0.9530757172625035,0.0004120020819188001,0.9530795128042601,0.00041198623922266277,WITHIN,0.026920487195739917
D4_S2_d2_M10,D4,2,0.5,10,42242,P1,T2,0.5,0.5,0.5001518310361487,0.500805200935864,0.0011301044190819413,0.05394877882872123,0.2322687642123263,0.9423247655328565,0.5593485156952795,0.0024155533153596294,0.07518583400407178,0.0012829892320166847,0.9248141659959283,0.0012829892320166843,0.9248141659959283,0.0012829892320166843,0.9247904928743904,0.001283174774571196,0.9248141659959283,0.0012829892320166843,WITHIN,0.004814165995928321
D4_S2_d2_M10,D4,2,0.5,10,42242,P2,T2,0.5,0.5,0.5001518310361487,0.500805200935864,0.0011301044190819413,0.05394877882872123,0.2322687642123263,0.924407153261049,0.5723924056626106,0.0024071181096739455,0.08029922825623786,0.0013222291426701737,0.9197007717437621,0.0013222291426701741,0.9197007717437621,0.0013222291426701741,0.9196770986222244,0.0013224070126434163,0.9197007717437621,0.0013222291426701741,BOUNDARY_BELOW,0.000299228256237849
D4_S2_d2_M10,D4,2,0.5,10,42242,P3,T2,0.5,0.5,0.5001518310361487,0.500805200935864,0.0011301044190819413,0.05394877882872123,0.2322687642123263,1.2556897166022833,0.2895932957719805,0.0022068638531369438,0.03347379385445765,0.0008751591734589892,0.9665262061455423,0.0008751591734589898,0.9665262061455423,0.0008751591734589898,0.9665025330240046,0.0008754578595003246,0.9665262061455423,0.0008751591734589898,WITHIN,0.013473793854457683
D4_S2_d2_M10,D4,2,0.5,10,42242,P4,T2,0.5,0.5,0.5001518310361487,0.5009552769609487,0.001180218013305516,0.05883949679835565,0.24256854041354095,0.9423247655328565,0.561360731025993,0.002414362811159644,0.08238246295156479,0.0013377532115019337,0.9176175370484352,0.0013377532115019341,0.9176175370484352,0.0013377532115019341,0.9176175370484352,0.0013377532115019341,0.9176175370484352,0.0013377532115019341,BOUNDARY_BELOW,0.0023824629515647455
D4_S2_d2_M10,D4,2,0.5,10,42242,C1,T_DL,0.5,0.5,0.5001518310361487,0.5002306331891635,0.0009699243714307435,0.03973930031968703,0.19934718538190357,0.7433351063625101,0.7205151271246627,0.002183375681536486,0.09201742341745182,0.0014063763530455127,0.9079825765825482,0.0014063763530455125,0.9079825765825482,0.0014063763530455125,0.9079825765825482,0.0014063763530455125,0.9079825765825482,0.0014063763530455125,OUTSIDE_BELOW,0.012017423417451711
D4_S2_d2_M10,D4,2,0.5,10,42242,C2,T_DL,0.5,0.5,0.5001518310361487,0.5002306331891635,0.0009699243714307435,0.03973930031968703,0.19934718538190357,0.8523447334181955,0.6302021684579329,0.002348820834735811,0.062165617158278494,0.00117480548101538,0.9378343828417215,0.00117480548101538,0.9378343828417215,0.00117480548101538,0.9377870365986459,0.0011752231038944362,0.9377870365986459,0.0011752231038944362,WITHIN,0.017787036598646
D4_S2_d2_M10,D4,2,0.5,10,42242,C3,T3,0.5,0.5,0.5001518310361487,0.5001462895060551,0.001076599540105552,0.04896129003961125,0.22127198204836337,0.9571048360414847,0.5536906396477439,0.002418685229037141,0.04824582169404858,0.0010426055049193744,0.9517541783059514,0.0010426055049193742,0.9517541783059514,0.0010426055049193742,0.9517541783059514,0.0010426055049193742,0.9517541783059514,0.0010426055049193742,WITHIN,0.028245821694048545
D4_S2_d2_M30,D4,2,0.5,30,20000,P1,T2,0.5,0.5,0.5001518310361487,0.5000875982326097,0.0009727346261317696,0.018924253057514273,0.13756545008654708,0.5306920975628238,0.93785,0.0017071522705956847,0.0663,0.0017593224548103738,0.9337,0.0017593224548103743,0.9337,0.0017593224548103743,0.9339,0.0017568550025542809,0.9337,0.0017593224548103743,WITHIN,0.013700000000000045
D4_S2_d2_M30,D4,2,0.5,30,20000,P2,T2,0.5,0.5,0.5001518310361487,0.5000875982326097,0.0009727346261317696,0.018924253057514273,0.13756545008654708,0.5298688852597064,0.938,0.0017052272575818165,0.06655,0.0017624003163299762,0.93345,0.0017624003163299762,0.93345,0.0017624003163299762,0.93345,0.0017624003163299762,0.93345,0.0017624003163299762,WITHIN,0.013450000000000073
D4_S2_d2_M30,D4,2,0.5,30,20000,P3,T2,0.5,0.5,0.5001518310361487,0.5000875982326097,0.0009727346261317696,0.018924253057514273,0.13756545008654708,0.6838449093323452,0.9128,0.0019949456132937566,0.0307,0.0012197850220428189,0.9693,0.0012197850220428178,0.9693,0.0012197850220428178,0.96925,0.0012207464417314524,0.9693,0.0012197850220428178,WITHIN,0.010699999999999932
D4_S2_d2_M30,D4,2,0.5,30,20000,P4,T2,0.5,0.5,0.5001518310361487,0.5001513175541563,0.0009944344269736647,0.019777996591008817,0.14063426535168738,0.5306920975628238,0.9354,0.0017382007939245683,0.07005,0.0018047575668216494,0.92995,0.0018047575668216488,0.92995,0.0018047575668216488,0.93005,0.0018035658776435082,0.92995,0.0018047575668216488,WITHIN,0.009950000000000125
D4_S2_d2_M30,D4,2,0.5,30,20000,C1,T_DL,0.5,0.5,0.5001518310361487,0.499941920670174,0.0008085372982237842,0.013074651252380332,0.11434444128325755,0.44034880151249156,0.98965,0.0007156422814507249,0.06545,0.0017488038412011794,0.93455,0.0017488038412011794,0.93455,0.0017488038412011794,0.9346,0.0017481824847538087,0.9346,0.0017481824847538087,WITHIN,0.014600000000000057
D4_S2_d2_M30,D4,2,0.5,30,20000,C2,T_DL,0.5,0.5,0.5001518310361487,0.499941920670174,0.0008085372982237842,0.013074651252380332,0.11434444128325755,0.45758235366034944,0.9883,0.0007603653726992058,0.05455,0.0016058377486533315,0.94545,0.0016058377486533313,0.94545,0.0016058377486533313,0.9454,0.0016065310454516585,0.9454,0.0016065310454516585,WITHIN,0.02540000000000009
D4_S2_d2_M30,D4,2,0.5,30,20000,C3,T3,0.5,0.5,0.5001518310361487,0.5000840332170131,0.0009090831576552813,0.01652864375064994,0.12856377308810574,0.5158988081668938,0.95895,0.0014029415080465762,0.05005,0.0015418332837891392,0.94995,0.0015418332837891396,0.94995,0.0015418332837891396,0.95,0.0015411035007422448,0.94995,0.0015418332837891396,WITHIN,0.029950000000000032
clamp5_S1_d1_M5,clamp5,1,0.0,5,20000,P1,T2,0.0,0.0,0.0,0.0006785325632893221,0.0013652641631353303,0.03727892470283228,0.1930775095727938,1.067950713728115,0.04735,0.001501798546743204,0.04735,0.001501798546743204,0.95265,0.001501798546743204,0.95265,0.001501798546743204,0.95265,0.001501798546743204,0.95265,0.001501798546743204,WITHIN,0.027349999999999985
clamp5_S1_d1_M5,clamp5,1,0.0,5,20000,P2,T2,0.0,0.0,0.0,0.0006785325632893221,0.0013652641631353303,0.03727892470283228,0.1930775095727938,0.9317066958207743,0.06515,0.0017450713094312221,0.06515,0.0017450713094312221,0.93485,0.0017450713094312226,0.93485,0.0017450713094312226,0.93485,0.0017450713094312226,0.93485,0.0017450713094312226,WITHIN,0.01485000000000003
clamp5_S1_d1_M5,clamp5,1,0.0,5,20000,P3,T2,0.0,0.0,0.0,0.0006785325632893221,0.0013652641631353303,0.03727892470283228,0.1930775095727938,1.181749980864798,0.0051,0.0005036859140377067,0.0051,0.0005036859140377067,0.9949,0.0005036859140377063,0.9949,0.0005036859140377063,0.9949,0.0005036859140377063,0.9949,0.0005036859140377063,OUTSIDE_ABOVE,0.014900000000000024
clamp5_S1_d1_M5,clamp5,1,0.0,5,20000,P4,T2,0.0,0.0,0.0,0.000724045262061928,0.0013803114211844883,0.03810519238904683,0.19520551321375848,1.067950713728115,0.047,0.001496512612709963,0.047,0.001496512612709963,0.953,0.001496512612709964,0.953,0.001496512612709964,0.953,0.001496512612709964,0.953,0.001496512612709964,WITHIN,0.027000000000000024
clamp5_S1_d1_M5,clamp5,1,0.0,5,20000,C1,T_DL,0.0,0.0,0.0,-2.087872449385313e-05,0.0014863118494330364,0.04418245827530107,0.21019623753840377,0.8466714713507226,0.0508,0.0015527292101329196,0.0508,0.0015527292101329196,0.9492,0.001552729210132919,0.9492,0.001552729210132919,0.9492,0.001552729210132919,0.9492,0.001552729210132919,WITHIN,0.029200000000000115
clamp5_S1_d1_M5,clamp5,1,0.0,5,20000,C2,T_DL,0.0,0.0,0.0,-2.087872449385313e-05,0.0014863118494330364,0.04418245827530107,0.21019623753840377,1.0468252342167474,0.05325,0.0015876781396114265,0.05325,0.0015876781396114265,0.94675,0.0015876781396114267,0.94675,0.0015876781396114267,0.94675,0.0015876781396114267,0.94675,0.0015876781396114267,WITHIN,0.02675000000000005
clamp5_S1_d1_M5,clamp5,1,0.0,5,20000,C3,T3,0.0,0.0,0.0,0.000710328576097209,0.0016633302368014918,0.05533334953316214,0.23523041795899216,1.1921961804554095,0.04195,0.0014175718235772041,0.04195,0.0014175718235772041,0.95805,0.0014175718235772048,0.95805,0.0014175718235772048,0.95805,0.0014175718235772048,0.95805,0.0014175718235772048,WITHIN,0.021950000000000025
clamp5_S1_d1_M10,clamp5,1,0.0,10,1000000,P1,T2,0.0,0.0,0.0,0.0001750653256047045,0.0001322013538291942,0.017477197954271797,0.13220135382919418,0.5656567652448439,0.060603,0.00023860066301458594,0.060603,0.00023860066301458594,0.939397,0.0002386006630145859,0.939397,0.0002386006630145859,0.939397,0.0002386006630145859,0.939397,0.0002386006630145859,WITHIN,0.01939700000000011
clamp5_S1_d1_M10,clamp5,1,0.0,10,1000000,P2,T2,0.0,0.0,0.0,0.0001750653256047045,0.0001322013538291942,0.017477197954271797,0.13220135382919418,0.5549012179332431,0.064546,0.00024572304304643474,0.064546,0.00024572304304643474,0.935454,0.0002457230430464347,0.935454,0.0002457230430464347,0.935454,0.0002457230430464347,0.935454,0.0002457230430464347,WITHIN,0.015454000000000079
clamp5_S1_d1_M10,clamp5,1,0.0,10,1000000,P3,T2,0.0,0.0,0.0,0.0001750653256047045,0.0001322013538291942,0.017477197954271797,0.13220135382919418,0.5993018210148474,0.020573,0.0001419498209614933,0.020573,0.0001419498209614933,0.979427,0.00014194982096149314,0.979427,0.00014194982096149314,0.979427,0.00014194982096149314,0.979427,0.00014194982096149314,WITHIN,0.0005729999999999347
clamp5_S1_d1_M10,clamp5,1,0.0,10,1000000,P4,T2,0.0,0.0,0.0,0.00016664491030855285,0.00013280404529532336,0.017636914446802297,0.13280404529532336,0.5656567652448439,0.061203,0.00023970230034565793,0.061203,0.00023970230034565793,0.938797,0.00023970230034565793,0.938797,0.00023970230034565793,0.938797,0.00023970230034565793,0.938797,0.00023970230034565793,WITHIN,0.018797000000000064
clamp5_S1_d1_M10,clamp5,1,0.0,10,1000000,C1,T_DL,0.0,0.0,0.0,0.00016075184431046987,0.00014454294949647846,0.020892664249141518,0.14454294949647845,0.5753476144972731,0.051109,0.00022022004931204607,0.051109,0.00022022004931204607,0.948891,0.00022022004931204599,0.948891,0.00022022004931204599,0.948891,0.00022022004931204599,0.948891,0.00022022004931204599,WITHIN,0.02889100000000011
clamp5_S1_d1_M10,clamp5,1,0.0,10,1000000,C2,T_DL,0.0,0.0,0.0,0.00016075184431046987,0.00014454294949647846,0.020892664249141518,0.14454294949647845,0.616604753993868,0.055251,0.00022846953188335637,0.055251,0.00022846953188335637,0.944749,0.0002284695318833565,0.944749,0.0002284695318833565,0.944749,0.0002284695318833565,0.944749,0.0002284695318833565,WITHIN,0.02474900000000002
clamp5_S1_d1_M10,clamp5,1,0.0,10,1000000,C3,T3,0.0,0.0,0.0,0.00016178758677590736,0.0001658098168583792,0.02749289536660925,0.1658098168583792,0.7188385579634257,0.045906,0.00020928124417634753,0.045906,0.00020928124417634753,0.954094,0.00020928124417634753,0.954094,0.00020928124417634753,0.954094,0.00020928124417634753,0.954094,0.00020928124417634753,WITHIN,0.025905999999999985
clamp5_S1_d1_M30,clamp5,1,0.0,30,20000,P1,T2,0.0,0.0,0.0,0.0002001199403029647,0.0005313209123150947,0.005646038237266893,0.0751401240168453,0.2972797584808924,0.0592,0.0016687624156841501,0.0592,0.0016687624156841501,0.9408,0.0016687624156841504,0.9408,0.0016687624156841504,0.9408,0.0016687624156841504,0.9408,0.0016687624156841504,WITHIN,0.02080000000000004
clamp5_S1_d1_M30,clamp5,1,0.0,30,20000,P2,T2,0.0,0.0,0.0,0.0002001199403029647,0.0005313209123150947,0.005646038237266893,0.0751401240168453,0.2968186165950925,0.05955,0.0016733767881143805,0.05955,0.0016733767881143805,0.94045,0.0016733767881143803,0.94045,0.0016733767881143803,0.94045,0.0016733767881143803,0.94045,0.0016733767881143803,WITHIN,0.02045000000000008
clamp5_S1_d1_M30,clamp5,1,0.0,30,20000,P3,T2,0.0,0.0,0.0,0.0002001199403029647,0.0005313209123150947,0.005646038237266893,0.0751401240168453,0.3040795829513075,0.03975,0.0013814835775353973,0.03975,0.0013814835775353973,0.96025,0.0013814835775353966,0.96025,0.0013814835775353966,0.96025,0.0013814835775353966,0.96025,0.0013814835775353966,WITHIN,0.019749999999999934
clamp5_S1_d1_M30,clamp5,1,0.0,30,20000,P4,T2,0.0,0.0,0.0,0.00018003829483778124,0.0005317981698599948,0.005656185869328798,0.07520761842611956,0.2972797584808924,0.0589,0.0016647941314168549,0.0589,0.0016647941314168549,0.9411,0.0016647941314168542,0.9411,0.0016647941314168542,0.9411,0.0016647941314168542,0.9411,0.0016647941314168542,WITHIN,0.02110000000000012
clamp5_S1_d1_M30,clamp5,1,0.0,30,20000,C1,T_DL,0.0,0.0,0.0,-7.206056496689203e-05,0.0005855587280189834,0.006857580479184197,0.08281050947303849,0.32133096710949066,0.05595,0.0016251091886393357,0.05595,0.0016251091886393357,0.94405,0.0016251091886393366,0.94405,0.0016251091886393366,0.94405,0.0016251091886393366,0.94405,0.0016251091886393366,WITHIN,0.024050000000000016
clamp5_S1_d1_M30,clamp5,1,0.0,30,20000,C2,T_DL,0.0,0.0,0.0,-7.206056496689203e-05,0.0005855587280189834,0.006857580479184197,0.08281050947303849,0.3256075617035342,0.05745,0.0016454406324750827,0.05745,0.0016454406324750827,0.94255,0.0016454406324750827,0.94255,0.0016454406324750827,0.94255,0.0016454406324750827,0.94255,0.0016454406324750827,WITHIN,0.02255000000000007
clamp5_S1_d1_M30,clamp5,1,0.0,30,20000,C3,T3,0.0,0.0,0.0,0.0007691356585231503,0.000681788368685952,0.009296707593509033,0.09641943576639013,0.3857010928265929,0.04995,0.001540373290796747,0.04995,0.001540373290796747,0.95005,0.0015403732907967478,0.95005,0.0015403732907967478,0.95005,0.0015403732907967478,0.95005,0.0015403732907967478,WITHIN,0.029950000000000032
clamp5_S1_d2_M5,clamp5,1,0.5,5,20000,P1,T2,0.5,0.5,0.5,0.5006283467752284,0.0013515026563040648,0.03653118859993887,0.19113133861284723,1.0726582752016656,0.48985,0.0035348053517838857,0.04475,0.0014619753332392445,0.95525,0.0014619753332392436,0.95525,0.0014619753332392436,0.95525,0.0014619753332392436,0.95525,0.0014619753332392436,WITHIN,0.02474999999999994
clamp5_S1_d2_M5,clamp5,1,0.5,5,20000,P2,T2,0.5,0.5,0.5,0.5006283467752284,0.0013515026563040648,0.03653118859993887,0.19113133861284723,0.9358136892330302,0.5792,0.003490897878769873,0.06415,0.001732552704826032,0.93585,0.0017325527048260327,0.93585,0.0017325527048260327,0.93585,0.0017325527048260327,0.93585,0.0017325527048260327,WITHIN,0.01585000000000003
clamp5_S1_d2_M5,clamp5,1,0.5,5,20000,P3,T2,0.5,0.5,0.5,0.5006283467752284,0.0013515026563040648,0.03653118859993887,0.19113133861284723,1.7907073615110922,0.0647,0.0017394526437934433,0.01095,0.0007358701481919212,0.98905,0.0007358701481919216,0.98905,0.0007358701481919216,0.98905,0.0007358701481919216,0.98905,0.0007358701481919216,OUTSIDE_ABOVE,0.009050000000000002
clamp5_S1_d2_M5,clamp5,1,0.5,5,20000,P4,T2,0.5,0.5,0.5,0.5004564785885987,0.0013661156421664055,0.03732543895543461,0.19319792689217608,1.0726582752016656,0.4884,0.0035345822949819686,0.045,0.0014658615214269049,0.955,0.0014658615214269053,0.955,0.0014658615214269053,0.955,0.0014658615214269053,0.955,0.0014658615214269053,WITHIN,0.025000000000000022
clamp5_S1_d2_M5,clamp5,1,0.5,5,20000,C1,T_DL,0.5,0.5,0.5,0.501070335994739,0.001475520479890224,0.043543213731509545,0.20867010742200126,0.849040285651632,0.66005,0.0033495074078138715,0.0483,0.0015160328162675109,0.9517,0.0015160328162675109,0.9517,0.0015160328162675109,0.9517,0.0015160328162675109,0.9517,0.0015160328162675109,WITHIN,0.028299999999999992
clamp5_S1_d2_M5,clamp5,1,0.5,5,20000,C2,T_DL,0.5,0.5,0.5,0.501070335994739,0.001475520479890224,0.043543213731509545,0.20867010742200126,1.0504463583241903,0.51305,0.00353432948025506,0.05175,0.0015663961424237486,0.94825,0.0015663961424237478,0.94825,0.0015663961424237478,0.94825,0.0015663961424237478,0.94825,0.0015663961424237478,WITHIN,0.02825000000000011
clamp5_S1_d2_M5,clamp5,1,0.5,5,20000,C3,T3,0.5,0.5,0.5,0.5011007997921116,0.0016536812535475854,0.05469323376669427,0.23386584566091362,1.1940620361349672,0.4264,0.003497020446036883,0.03975,0.0013814835775353973,0.96025,0.0013814835775353966,0.96025,0.0013814835775353966,0.96025,0.0013814835775353966,0.96025,0.0013814835775353966,WITHIN,0.019749999999999934
clamp5_S1_d2_M10,clamp5,1,0.5,10,20000,P1,T2,0.5,0.5,0.5,0.4990164660344758,0.0009386901675325803,0.017622784612446873,0.1327508365790848,0.5665900583925548,0.91075,0.002015991536440568,0.06065,0.0016877733482313318,0.93935,0.0016877733482313314,0.93935,0.0016877733482313314,0.93935,0.0016877733482313314,0.93935,0.0016877733482313314,WITHIN,0.01935000000000009
clamp5_S1_d2_M10,clamp5,1,0.5,10,20000,P2,T2,0.5,0.5,0.5,0.4990164660344758,0.0009386901675325803,0.017622784612446873,0.1327508365790848,0.5558167651982516,0.91695,0.001951316190421224,0.06485,0.001741328192788482,0.93515,0.0017413281927884812,0.93515,0.0017413281927884812,0.93515,0.0017413281927884812,0.93515,0.0017413281927884812,WITHIN,0.015150000000000108
clamp5_S1_d2_M10,clamp5,1,0.5,10,20000,P3,T2,0.5,0.5,0.5,0.4990164660344758,0.0009386901675325803,0.017622784612446873,0.1327508365790848,0.9662440006458323,0.57515,0.0034953717792246364,0.01365,0.0008204778333385979,0.98635,0.0008204778333385994,0.98635,0.0008204778333385994,0.98635,0.0008204778333385994,0.98635,0.0008204778333385994,OUTSIDE_ABOVE,0.006349999999999967
clamp5_S1_d2_M10,clamp5,1,0.5,10,20000,P4,T2,0.5,0.5,0.5,0.4989788223111417,0.0009417647306927579,0.017738416159536058,0.13318564547103437,0.5665900583925548,0.9109,0.002014462583420203,0.0618,0.0017026561602390543,0.9382,0.0017026561602390539,0.9382,0.0017026561602390539,0.9382,0.0017026561602390539,0.9382,0.0017026561602390539,WITHIN,0.018200000000000105
clamp5_S1_d2_M10,clamp5,1,0.5,10,20000,C1,T_DL,0.5,0.5,0.5,0.49930270353594786,0.00103039026490374,0.02123408196016799,0.14571918871640752,0.5757313848402029,0.9043,0.0020801623734699173,0.05325,0.0015876781396114265,0.94675,0.0015876781396114267,0.94675,0.0015876781396114267,0.94675,0.0015876781396114267,0.94675,0.0015876781396114267,WITHIN,0.02675000000000005
clamp5_S1_d2_M10,clamp5,1,0.5,10,20000,C2,T_DL,0.5,0.5,0.5,0.49930270353594786,0.00103039026490374,0.02123408196016799,0.14571918871640752,0.6173995118964063,0.86485,0.002417482962711423,0.0566,0.0016339589958135425,0.9434,0.0016339589958135421,0.9434,0.0016339589958135421,0.9434,0.0016339589958135421,0.9434,0.0016339589958135421,WITHIN,0.023400000000000087
clamp5_S1_d2_M10,clamp5,1,0.5,10,20000,C3,T3,0.5,0.5,0.5,0.49937449824662833,0.0011864462646136939,0.02815309477631575,0.16778883984435838,0.7210658359473423,0.773,0.0029620178932612813,0.04725,0.0015002905968511566,0.95275,0.001500290596851157,0.95275,0.001500290596851157,0.95275,0.001500290596851157,0.95275,0.001500290596851157,WITHIN,0.027249999999999996
clamp5_S1_d2_M30,clamp5,1,0.5,30,20000,P1,T2,0.5,0.5,0.5,0.5006063290716591,0.0005218512558587035,0.00544657466482612,0.07380091235768106,0.29659474244019185,1.0,7.071067811865475e-153,0.0539,0.0015967903744699865,0.9461,0.001596790374469986,0.9461,0.001596790374469986,0.9461,0.001596790374469986,0.9461,0.001596790374469986,WITHIN,0.026100000000000123
clamp5_S1_d2_M30,clamp5,1,0.5,30,20000,P2,T2,0.5,0.5,0.5,0.5006063290716591,0.0005218512558587035,0.00544657466482612,0.07380091235768106,0.2961346631547871,1.0,7.071067811865475e-153,0.05405,0.001598883946695319,0.94595,0.0015988839466953197,0.94595,0.0015988839466953197,0.94595,0.0015988839466953197,0.94595,0.0015988839466953197,WITHIN,0.02595000000000003
clamp5_S1_d2_M30,clamp5,1,0.5,30,20000,P3,T2,0.5,0.5,0.5,0.5006063290716591,0.0005218512558587035,0.00544657466482612,0.07380091235768106,0.5223109598734117,0.9978,0.0003312974494317742,0.0049,0.0004937605695071246,0.9951,0.0004937605695071253,0.9951,0.0004937605695071253,0.9951,0.0004937605695071253,0.9951,0.0004937605695071253,OUTSIDE_ABOVE,0.015100000000000002
clamp5_S1_d2_M30,clamp5,1,0.5,30,20000,P4,T2,0.5,0.5,0.5,0.5005723702076821,0.0005223731741087419,0.0054574746605688396,0.0738747227444465,0.29659474244019185,1.0,7.071067811865475e-153,0.05375,0.0015946933482648004,0.94625,0.0015946933482648,0.94625,0.0015946933482648,0.94625,0.0015946933482648,0.94625,0.0015946933482648,WITHIN,0.026250000000000107
clamp5_S1_d2_M30,clamp5,1,0.5,30,20000,C1,T_DL,0.5,0.5,0.5,0.5011319994287936,0.0005757633812593974,0.0066300694239850855,0.0814252382494831,0.3206830652478754,0.99925,0.00019357653525156767,0.0494,0.0015323126312864485,0.9506,0.0015323126312864485,0.9506,0.0015323126312864485,0.9506,0.0015323126312864485,0.9506,0.0015323126312864485,WITHIN,0.02939999999999998
clamp5_S1_d2_M30,clamp5,1,0.5,30,20000,C2,T_DL,0.5,0.5,0.5,0.5011319994287936,0.0005757633812593974,0.0066300694239850855,0.0814252382494831,0.32491469162482334,0.99955,0.0001499662462022622,0.0508,0.0015527292101329196,0.9492,0.001552729210132919,0.9492,0.001552729210132919,0.9492,0.001552729210132919,0.9492,0.001552729210132919,WITHIN,0.029200000000000115
clamp5_S1_d2_M30,clamp5,1,0.5,30,20000,C3,T3,0.5,0.5,0.5,0.5015963599128574,0.0006702903728551655,0.008985783678846337,0.09479337360198938,0.38512694785498547,0.9985,0.0002736558057122072,0.04595,0.0014805167594458362,0.95405,0.0014805167594458368,0.95405,0.0014805167594458368,0.95405,0.0014805167594458368,0.95405,0.0014805167594458368,WITHIN,0.02595000000000003
clamp5_S3_d1_M5,clamp5,3,0.0,5,20000,P1,T2,0.08665149476760768,0.0,0.019444654709078243,0.05372033623183811,0.0024412629062181466,0.11919529154553342,0.345246711129206,1.7219479665592836,0.0673,0.0017715912338911591,0.0673,0.0017715912338911591,0.934,0.0017556195487633411,0.9327,0.0017715912338911596,0.93375,0.0017587060229043402,0.934,0.0017556195487633411,WITHIN,0.014000000000000123
clamp5_S3_d1_M5,clamp5,3,0.0,5,20000,P2,T2,0.08665149476760768,0.0,0.019444654709078243,0.05372033623183811,0.0024412629062181466,0.11919529154553342,0.345246711129206,1.5022701232134728,0.09475,0.0020708988084887203,0.09475,0.0020708988084887203,0.90705,0.0020531719058568864,0.90525,0.0020708988084887203,0.90715,0.002052180273514001,0.90705,0.0020531719058568864,OUTSIDE_BELOW,0.012949999999999906
clamp5_S3_d1_M5,clamp5,3,0.0,5,20000,P3,T2,0.08665149476760768,0.0,0.019444654709078243,0.05372033623183811,0.0024412629062181466,0.11919529154553342,0.345246711129206,2.091075963540353,0.00555,0.0005253188317583903,0.00555,0.0005253188317583903,0.99235,0.0006160956703305115,0.99445,0.0005253188317583929,0.99465,0.0005158186454559376,0.99235,0.0006160956703305115,OUTSIDE_ABOVE,0.012349999999999972
clamp5_S3_d1_M5,clamp5,3,0.0,5,20000,P4,T2,0.08665149476760768,0.0,0.019444654709078243,0.06806539997740697,0.002614663033465221,0.13672925557139104,0.36976919229620936,1.7219479665592836,0.075,0.0018624580532189175,0.075,0.0018624580532189175,0.92875,0.0018189755014842838,0.925,0.0018624580532189171,0.927,0.0018394428504305315,0.92875,0.0018189755014842838,WITHIN,0.008750000000000036
clamp5_S3_d1_M5,clamp5,3,0.0,5,20000,C1,T_DL,0.08665149476760768,0.0,0.019444654709078243,0.017545695798098677,0.0022991048490559,0.10571766213904708,0.32514252588526016,1.1779841103897095,0.1174,0.002276150697998707,0.1174,0.002276150697998707,0.8785,0.0023101704482570116,0.8826,0.0022761506979987064,0.88295,0.0022732058584738865,0.88295,0.0022732058584738865,OUTSIDE_BELOW,0.037049999999999916
clamp5_S3_d1_M5,clamp5,3,0.0,5,20000,C2,T_DL,0.08665149476760768,0.0,0.019444654709078243,0.017545695798098677,0.0022991048490559,0.10571766213904708,0.32514252588526016,1.6031220293729982,0.0682,0.0017825369561386378,0.0682,0.0017825369561386378,0.9293,0.0018124777240010425,0.9318,0.0017825369561386382,0.93325,0.0017648574659161569,0.93325,0.0017648574659161569,WITHIN,0.013250000000000095
clamp5_S3_d1_M5,clamp5,3,0.0,5,20000,C3,T3,0.08665149476760768,0.0,0.019444654709078243,0.0013079323312468211,0.0023359504922143056,0.10913329404152514,0.3303532867121578,1.6965803363731506,0.04935,0.0015315772507451266,0.04935,0.0015315772507451266,0.94845,0.0015635312197074926,0.95065,0.0015315772507451266,0.9504,0.0015352498168050694,0.95065,0.0015315772507451266,WITHIN,0.029349999999999987
clamp5_S3_d1_M10,clamp5,3,0.0,10,220605,P1,T2,0.08665149476760768,0.0,0.019444654709078243,0.06698567952381339,0.0005389950734476278,0.06408921361614549,0.2531584752998514,0.9871864504354122,0.08457197253008772,0.0005924035560121557,0.08457197253008772,0.0005924035560121557,0.9184469980281499,0.0005826923948086082,0.9154280274699123,0.0005924035560121558,0.9191360123297296,0.0005804432865216328,0.9184469980281499,0.0005826923948086082,BOUNDARY_BELOW,0.0015530019718500432
clamp5_S3_d1_M10,clamp5,3,0.0,10,220605,P2,T2,0.08665149476760768,0.0,0.019444654709078243,0.06698567952381339,0.0005389950734476278,0.06408921361614549,0.2531584752998514,0.9684158262240432,0.08988010244554748,0.0006089384651962196,0.08988010244554748,0.0006089384651962196,0.9137598875818771,0.0005976721591546434,0.9101198975544526,0.0006089384651962196,0.914104394732667,0.0005965896227741645,0.9137598875818771,0.0005976721591546434,OUTSIDE_BELOW,0.006240112418122834
clamp5_S3_d1_M10,clamp5,3,0.0,10,220605,P3,T2,0.08665149476760768,0.0,0.019444654709078243,0.06698567952381339,0.0005389950734476278,0.06408921361614549,0.2531584752998514,1.1269113132499928,0.01698057614287981,0.0002750740265331186,0.01698057614287981,0.0002750740265331186,0.9704766437750731,0.0003603858506425012,0.9830194238571202,0.00027507402653311884,0.9826250538292423,0.00027819413814269374,0.9704766437750731,0.0003603858506425012,WITHIN,0.009523356224926838
clamp5_S3_d1_M10,clamp5,3,0.0,10,220605,P4,T2,0.08665149476760768,0.0,0.019444654709078243,0.07853336560435567,0.0005725286207877035,0.07231189711471613,0.26890871520781195,0.9871864504354122,0.09545114571292582,0.0006256031272987676,0.09545114571292582,0.0006256031272987676,0.9107726479454228,0.0006069407772147987,0.9045488542870742,0.0006256031272987676,0.9090909090909091,0.0006120679502453675,0.9107726479454228,0.0006069407772147987,OUTSIDE_BELOW,0.009227352054577143
clamp5_S3_d1_M10,clamp5,3,0.0,10,220605,C1,T_DL,0.08665149476760768,0.0,0.019444654709078243,0.01839335526598336,0.0004835716561020854,0.05158661438445309,0.2271268684776266,0.8527638169278086,0.08962625507128125,0.0006081627436568934,0.08962625507128125,0.0006081627436568934,0.901489086829401,0.0006344753201129515,0.9103737449287187,0.0006081627436568935,0.9117971034201401,0.0006037857405059021,0.9117971034201401,0.0006037857405059021,OUTSIDE_BELOW,0.008202896579859842
clamp5_S3_d1_M10,clamp5,3,0.0,10,220605,C2,T_DL,0.08665149476760768,0.0,0.019444654709078243,0.01839335526598336,0.0004835716561020854,0.05158661438445309,0.2271268684776266,0.96395607155213,0.06278189524262823,0.0005164518886666674,0.06278189524262823,0.0005164518886666674,0.9305591441717096,0.0005412175203167762,0.9372181047573718,0.0005164518886666674,0.9382742911538723,0.000512377765794695,0.9382742911538723,0.000512377765794695,WITHIN,0.018274291153872357
clamp5_S3_d1_M10,clamp5,3,0.0,10,220605,C3,T3,0.08665149476760768,0.0,0.019444654709078243,-0.00018249758491132432,0.0004922282548592623,0.053450088710198365,0.2311927522873465,1.0145775868376603,0.04877949275855035,0.00045861849680601163,0.04877949275855035,0.00045861849680601163,0.9398835021871671,0.0005060881559233851,0.9512205072414497,0.00045861849680601147,0.9509439949230525,0.0004598496745494522,0.9512205072414497,0.00045861849680601147,WITHIN,0.028779492758550296
clamp5_S3_d1_M30,clamp5,3,0.0,30,20000,P1,T2,0.08665149476760768,0.0,0.019444654709078243,0.07949180984028187,0.0010942565091717185,0.023947946157293506,0.15475123959856835,0.5702244461532489,0.09625,0.0020854967933324666,0.09625,0.0020854967933324666,0.9285,0.0018219186315530122,0.90375,0.0020854967933324657,0.9167,0.0019539845188741903,0.9285,0.0018219186315530122,WITHIN,0.008500000000000063
clamp5_S3_d1_M30,clamp5,3,0.0,30,20000,P2,T2,0.08665149476760768,0.0,0.019444654709078243,0.07949180984028187,0.0010942565091717185,0.023947946157293506,0.15475123959856835,0.5693399110682771,0.0966,0.002088880561449122,0.0966,0.002088880561449122,0.928,0.0018277855454073373,0.9034,0.0020888805614491224,0.91635,0.001957711387053771,0.928,0.0018277855454073373,WITHIN,0.008000000000000118
clamp5_S3_d1_M30,clamp5,3,0.0,30,20000,P3,T2,0.08665149476760768,0.0,0.019444654709078243,0.07949180984028187,0.0010942565091717185,0.023947946157293506,0.15475123959856835,0.6162561803112332,0.0426,0.00142802731066321,0.0426,0.00142802731066321,0.953,0.001496512612709964,0.9574,0.0014280273106632095,0.9651,0.0012977285925801288,0.953,0.001496512612709964,WITHIN,0.027000000000000024
clamp5_S3_d1_M30,clamp5,3,0.0,30,20000,P4,T2,0.08665149476760768,0.0,0.019444654709078243,0.08572276095896218,0.001142149056618632,0.026090089350696618,0.16152426861217054,0.5702244461532489,0.105,0.002167660028694537,0.105,0.002167660028694537,0.92345,0.0018800278920803276,0.895,0.002167660028694537,0.9079,0.002044719907468991,0.92345,0.0018800278920803276,WITHIN,0.003450000000000064
clamp5_S3_d1_M30,clamp5,3,0.0,30,20000,C1,T_DL,0.08665149476760768,0.0,0.019444654709078243,0.01964319655061399,0.0009248335389030619,0.017106341493599228,0.13079121336542157,0.5056052628854825,0.06725,0.0017709804840821933,0.06725,0.0017709804840821933,0.90575,0.0020659977916251504,0.93275,0.0017709804840821937,0.93565,0.001735065956959562,0.93565,0.001735065956959562,WITHIN,0.015650000000000053
clamp5_S3_d1_M30,clamp5,3,0.0,30,20000,C2,T_DL,0.08665149476760768,0.0,0.019444654709078243,0.01964319655061399,0.0009248335389030619,0.017106341493599228,0.13079121336542157,0.5171228450309412,0.0611,0.0016936172826232023,0.0611,0.0016936172826232023,0.91515,0.0019704121079104236,0.9389,0.001693617282623203,0.9422,0.0016501387820422857,0.9422,0.0016501387820422857,WITHIN,0.02220000000000011
clamp5_S3_d1_M30,clamp5,3,0.0,30,20000,C3,T3,0.08665149476760768,0.0,0.019444654709078243,0.0003530590943741453,0.0009495897137249053,0.01803441248824295,0.13429226518397458,0.540723086458994,0.05035,0.0015462030510253173,0.05035,0.0015462030510253173,0.905,0.0020733427116615332,0.94965,0.0015462030510253173,0.9471,0.0015827442939401165,0.94965,0.0015462030510253173,WITHIN,0.029650000000000065
clamp5_S3_d2_M5,clamp5,3,0.5,5,20000,P1,T2,0.5866514947676077,0.5,0.5194446547090782,0.5551214048057989,0.0024050550585067946,0.11568579668898243,0.34012614819943265,1.7207645359052581,0.28215,0.0031823055910770105,0.0664,0.0017605544581182373,0.9347,0.001746938894180332,0.9336,0.0017605544581182375,0.93475,0.0017463166594292117,0.9347,0.001746938894180332,WITHIN,0.014700000000000046
clamp5_S3_d2_M5,clamp5,3,0.5,5,20000,P2,T2,0.5866514947676077,0.5,0.5194446547090782,0.5551214048057989,0.0024050550585067946,0.11568579668898243,0.34012614819943265,1.5012376689529705,0.3533,0.003379934244922525,0.0917,0.0020407242586885665,0.90865,0.0020372184161252817,0.9083,0.0020407242586885665,0.91015,0.0020220902242481663,0.90865,0.0020372184161252817,OUTSIDE_BELOW,0.011349999999999971
clamp5_S3_d2_M5,clamp5,3,0.5,5,20000,P3,T2,0.5866514947676077,0.5,0.5194446547090782,0.5551214048057989,0.0024050550585067946,0.11568579668898243,0.34012614819943265,2.6515527861395545,0.02375,0.001076706494361393,0.0179,0.0009375390658527249,0.97065,0.0011934943967191465,0.9821,0.0009375390658527255,0.9802,0.0009850878133445778,0.97065,0.0011934943967191465,WITHIN,0.00934999999999997
clamp5_S3_d2_M5,clamp5,3,0.5,5,20000,P4,T2,0.5866514947676077,0.5,0.5194446547090782,0.5699135763633403,0.0025741323971766126,0.13252315196388426,0.3640372947431132,1.7207645359052581,0.29675,0.0032302433151389694,0.07285,0.0018377007033246735,0.9292,0.0018136614899148073,0.92715,0.0018377007033246733,0.9293,0.0018124777240010425,0.9292,0.0018136614899148073,WITHIN,0.009200000000000097
clamp5_S3_d2_M5,clamp5,3,0.5,5,20000,C1,T_DL,0.5866514947676077,0.5,0.5194446547090782,0.5177724498015003,0.002278595013676262,0.1038399047270065,0.3222419971496678,1.1789556928630396,0.4428,0.0035123223086727107,0.11765,0.0022782501783166834,0.8788,0.002307710553774021,0.88235,0.002278250178316684,0.88425,0.002262210616852463,0.88425,0.002262210616852463,OUTSIDE_BELOW,0.03574999999999995
clamp5_S3_d2_M5,clamp5,3,0.5,5,20000,C2,T_DL,0.5866514947676077,0.5,0.5194446547090782,0.5177724498015003,0.002278595013676262,0.1038399047270065,0.3222419971496678,1.602612660643861,0.28415,0.00318911255288991,0.06815,0.0017819312206143086,0.93165,0.0017843525086148199,0.93185,0.0017819312206143092,0.93225,0.001777075371220928,0.93225,0.001777075371220928,WITHIN,0.012250000000000094
clamp5_S3_d2_M5,clamp5,3,0.5,5,20000,C3,T3,0.5866514947676077,0.5,0.5194446547090782,0.5010627582500464,0.0023051905707020047,0.10627807134506867,0.326003176894135,1.6940394695223011,0.23775,0.0030101905047687596,0.05005,0.0015418332837891392,0.94855,0.0015620963078504474,0.94995,0.0015418332837891396,0.9502,0.0015381800934871047,0.94995,0.0015418332837891396,WITHIN,0.029950000000000032
clamp5_S3_d2_M10,clamp5,3,0.5,10,299432,P1,T2,0.5866514947676077,0.5,0.5194446547090782,0.5661284238831416,0.0004613462143544312,0.06373120554259393,0.2524504021438546,0.9864321761915305,0.6122124555825696,0.0008904281940684563,0.08548518528413797,0.0005109656386461382,0.9175238451468113,0.0005027172376813323,0.914514814715862,0.0005109656386461381,0.9178444521627614,0.0005018268404466091,0.9175238451468113,0.0005027172376813323,OUTSIDE_BELOW,0.002476154853188639
clamp5_S3_d2_M10,clamp5,3,0.5,10,299432,P2,T2,0.5866514947676077,0.5,0.5194446547090782,0.5661284238831416,0.0004613462143544312,0.06373120554259393,0.2524504021438546,0.9676758939500881,0.6256245157498197,0.0008844259454552505,0.09058818028801197,0.0005245259264972423,0.9128650244462849,0.0005154071454669225,0.909411819711988,0.0005245259264972423,0.9131522348980737,0.0005146379531972538,0.9128650244462849,0.0005154071454669225,OUTSIDE_BELOW,0.007134975553715006
clamp5_S3_d2_M10,clamp5,3,0.5,10,299432,P3,T2,0.5866514947676077,0.5,0.5194446547090782,0.5661284238831416,0.0004613462143544312,0.06373120554259393,0.2524504021438546,1.476908564377911,0.23543241871276283,0.000775339600824253,0.022602794624489032,0.00027162360592902204,0.9567781666622138,0.00037162773189442774,0.977397205375511,0.0002716236059290218,0.9734931470250341,0.00029355969537015283,0.9567781666622138,0.00037162773189442774,WITHIN,0.023221833337786157
clamp5_S3_d2_M10,clamp5,3,0.5,10,299432,P4,T2,0.5866514947676077,0.5,0.5194446547090782,0.5775398468376081,0.0004894378975609948,0.07172877257991489,0.2678222779753673,0.9864321761915307,0.6260018969248444,0.0008842466411147593,0.09597504608725854,0.0005382949039732673,0.910179940687702,0.0005225179245631019,0.9040249539127414,0.0005382949039732674,0.9081026743968581,0.00052792205774209,0.910179940687702,0.0005225179245631019,OUTSIDE_BELOW,0.009820059312297902
clamp5_S3_d2_M10,clamp5,3,0.5,10,299432,C1,T_DL,0.5866514947676077,0.5,0.5194446547090782,0.5182189346363939,0.00041551149306696256,0.05169687517432636,0.22736946843040814,0.8515730811939443,0.6464005183146758,0.0008736903769759098,0.09100563734003046,0.0005256124420961384,0.9011595287076866,0.0005454050286455048,0.9089943626599696,0.0005256124420961382,0.9108211547196025,0.0005208328535852065,0.9108211547196025,0.0005208328535852065,OUTSIDE_BELOW,0.009178845280397474
clamp5_S3_d2_M10,clamp5,3,0.5,10,299432,C2,T_DL,0.5866514947676077,0.5,0.5194446547090782,0.5182189346363939,0.00041551149306696256,0.05169687517432636,0.22736946843040814,0.9630562924086199,0.5611758262309974,0.0009068712703383043,0.06381749445617035,0.00044668465123399645,0.9305852413903658,0.00046446702185686407,0.9361825055438296,0.00044668465123399645,0.9376486147105186,0.00044186948023180734,0.9376486147105186,0.00044186948023180734,WITHIN,0.017648614710518706
clamp5_S3_d2_M10,clamp5,3,0.5,10,299432,C3,T3,0.5866514947676077,0.5,0.5194446547090782,0.4998305203683957,0.00042346997244469155,0.05369618763631695,0.23172437859732617,1.0140567315079025,0.49968941195329825,0.0009137361664491772,0.049223195917604,0.00039534394098325305,0.9395689171498036,0.00043545712719860195,0.950776804082396,0.0003953439409832532,0.9507500868310668,0.00039544566214215986,0.950776804082396,0.0003953439409832532,WITHIN,0.029223195917604028
clamp5_S3_d2_M30,clamp5,3,0.5,30,20000,P1,T2,0.5866514947676077,0.5,0.5194446547090782,0.5787851841609496,0.001093655710588438,0.023921656266054026,0.15466627384809536,0.5701020941685895,0.97575,0.0010877025673409067,0.09595,0.0020825897039503482,0.9269,0.0018406030261846258,0.90405,0.0020825897039503482,0.91745,0.0019459637393846785,0.9269,0.0018406030261846258,WITHIN,0.006900000000000017
clamp5_S3_d2_M30,clamp5,3,0.5,30,20000,P2,T2,0.5866514947676077,0.5,0.5194446547090782,0.5787851841609496,0.001093655710588438,0.023921656266054026,0.15466627384809536,0.5692177488766438,0.9759,0.0010844166634647406,0.09665,0.0020893632702333026,0.9264,0.0018463889081122644,0.90335,0.0020893632702333026,0.91685,0.0019523841514927326,0.9264,0.0018463889081122644,WITHIN,0.006400000000000072
clamp5_S3_d2_M30,clamp5,3,0.5,30,20000,P3,T2,0.5866514947676077,0.5,0.5194446547090782,0.5787851841609496,0.001093655710588438,0.023921656266054026,0.15466627384809536,0.8374040149878478,0.9162,0.001959305489197639,0.0105,0.0007207548126790413,0.9676,0.0012520031948841021,0.9895,0.0007207548126790397,0.98665,0.000811534888344302,0.9676,0.0012520031948841021,WITHIN,0.012399999999999967
clamp5_S3_d2_M30,clamp5,3,0.5,30,20000,P4,T2,0.5866514947676077,0.5,0.5194446547090782,0.5849093735635891,0.0011383265665278405,0.02591574744126124,0.16098368687932713,0.5701020941685895,0.9765,0.0010711617524911906,0.1059,0.0021758353568227537,0.924,0.0018738196284594731,0.8941,0.0021758353568227537,0.90835,0.0020402239766751104,0.924,0.0018738196284594731,WITHIN,0.004000000000000115
clamp5_S3_d2_M30,clamp5,3,0.5,30,20000,C1,T_DL,0.5866514947676077,0.5,0.5194446547090782,0.5194225159781395,0.0009283005447573243,0.017234838027934907,0.13128152203541404,0.5059500545987098,0.9701,0.00120428381206425,0.06695,0.0017673100675885938,0.9062,0.0020615717305007843,0.93305,0.0017673100675885934,0.9365,0.0017243513273112298,0.9365,0.0017243513273112298,WITHIN,0.01650000000000007
clamp5_S3_d2_M30,clamp5,3,0.5,30,20000,C2,T_DL,0.5866514947676077,0.5,0.5194446547090782,0.5194225159781395,0.0009283005447573243,0.017234838027934907,0.13128152203541404,0.517404576774058,0.96955,0.0012149649686307828,0.0609,0.001691023210958383,0.91415,0.001980906074249862,0.9391,0.0016910232109583825,0.94235,0.0016481273843365382,0.94235,0.0016481273843365382,WITHIN,0.022350000000000092
clamp5_S3_d2_M30,clamp5,3,0.5,30,20000,C3,T3,0.5866514947676077,0.5,0.5194446547090782,0.49972966673312674,0.0009469056671428031,0.01793260684934314,0.13391268367612957,0.5404412052324519,0.94635,0.0015932934051831127,0.0507,0.0015512818892773807,0.9048,0.0020752946778710723,0.9493,0.0015512818892773803,0.9463,0.0015939935696231648,0.9493,0.0015512818892773803,WITHIN,0.029300000000000104
