cell,family,scen,delta,M,R,method,own_target,T2,T3,T_DL,mean_est,mcse_est,emp_var,emp_sd,mean_width,rej0,rej0_mcse,rejT3,rejT3_mcse,cov_T2,cov_T2_mcse,cov_T3,cov_T3_mcse,cov_T_DL,cov_T_DL_mcse,own_cov,own_cov_mcse,own_class,own_dist_to_boundary
D1_S1_d1_M3,D1,1,0.0,3,20000,P1,T2,0.0,0.0,0.0,0.0015318001755797806,0.0017848624433664947,0.06371467883480428,0.2524176674379277,5.204982242314195,0.0079,0.0006260027955209146,0.0079,0.0006260027955209146,0.9921,0.0006260027955209153,0.9921,0.0006260027955209153,0.9921,0.0006260027955209153,0.9921,0.0006260027955209153,OUTSIDE_ABOVE,0.0121
D1_S1_d1_M3,D1,1,0.0,3,20000,C1,T_DL,0.0,0.0,0.0,0.00047996831779007474,0.0017665162697892906,0.0624115946286054,0.2498231266888744,1.0925454704687712,0.03635,0.001323417498373057,0.03635,0.001323417498373057,0.96365,0.0013234174983730567,0.96365,0.0013234174983730567,0.96365,0.0013234174983730567,0.96365,0.0013234174983730567,WITHIN,0.016349999999999976
D1_S1_d1_M3,D1,1,0.0,3,20000,C2,T_DL,0.0,0.0,0.0,0.00047996831779007474,0.0017665162697892906,0.0624115946286054,0.2498231266888744,1.9056399895524079,0.0497,0.0015367158162783385,0.0497,0.0015367158162783385,0.9503,0.001536715816278338,0.9503,0.001536715816278338,0.9503,0.001536715816278338,0.9503,0.001536715816278338,WITHIN,0.02969999999999995
D1_S1_d1_M3,D1,1,0.0,3,20000,C3,T3,0.0,0.0,0.0,0.0018701314523680164,0.0020038944899923336,0.0803118625404327,0.28339347653118746,2.111467246464084,0.04195,0.0014175718235772041,0.04195,0.0014175718235772041,0.95805,0.0014175718235772048,0.95805,0.0014175718235772048,0.95805,0.0014175718235772048,0.95805,0.0014175718235772048,WITHIN,0.021950000000000025
D1_S1_d1_M5,D1,1,0.0,5,20000,P1,T2,0.0,0.0,0.0,0.0001894597637690096,0.001333451237930461,0.03556184407876558,0.1885784825444451,1.0536127588576674,0.0434,0.0014407713212026398,0.0434,0.0014407713212026398,0.9566,0.0014407713212026396,0.9566,0.0014407713212026396,0.9566,0.0014407713212026396,0.9566,0.0014407713212026396,WITHIN,0.023399999999999976
D1_S1_d1_M5,D1,1,0.0,5,20000,C1,T_DL,0.0,0.0,0.0,0.00040561824479968926,0.00130849148057674,0.03424299909483819,0.18504863980812772,0.7984405148853759,0.0368,0.001331273074917389,0.0368,0.001331273074917389,0.9632,0.0013312730749173898,0.9632,0.0013312730749173898,0.9632,0.0013312730749173898,0.9632,0.0013312730749173898,WITHIN,0.016800000000000037
D1_S1_d1_M5,D1,1,0.0,5,20000,C2,T_DL,0.0,0.0,0.0,0.00040561824479968926,0.00130849148057674,0.03424299909483819,0.18504863980812772,0.9690879844632978,0.0506,0.0015498328942179541,0.0506,0.0015498328942179541,0.9494,0.0015498328942179537,0.9494,0.0015498328942179537,0.9494,0.0015498328942179537,0.9494,0.0015498328942179537,WITHIN,0.029400000000000093
D1_S1_d1_M5,D1,1,0.0,5,20000,C3,T3,0.0,0.0,0.0,0.0004516319132264826,0.0015551678495611448,0.04837094080617271,0.21993394646159722,1.1200243464961515,0.0418,0.0014151459288709416,0.0418,0.0014151459288709416,0.9582,0.0014151459288709407,0.9582,0.0014151459288709407,0.9582,0.0014151459288709407,0.9582,0.0014151459288709407,WITHIN,0.02179999999999993
D1_S1_d1_M10,D1,1,0.0,10,20000,P1,T2,0.0,0.0,0.0,0.0002096100751845949,0.0009209560239570257,0.01696319996125467,0.13024284994292268,0.5595165052607013,0.05715,0.001641399974107469,0.05715,0.001641399974107469,0.94285,0.0016413999741074696,0.94285,0.0016413999741074696,0.94285,0.0016413999741074696,0.94285,0.0016413999741074696,WITHIN,0.022850000000000037
D1_S1_d1_M10,D1,1,0.0,10,20000,C1,T_DL,0.0,0.0,0.0,2.2719508319639003e-05,0.0008914915951359413,0.015895145283960507,0.12607595045828726,0.5354702317758548,0.03575,0.0013128582844313397,0.03575,0.0013128582844313397,0.96425,0.0013128582844313386,0.96425,0.0013128582844313386,0.96425,0.0013128582844313386,0.96425,0.0013128582844313386,WITHIN,0.01574999999999993
D1_S1_d1_M10,D1,1,0.0,10,20000,C2,T_DL,0.0,0.0,0.0,2.2719508319639003e-05,0.0008914915951359413,0.015895145283960507,0.12607595045828726,0.5629908593881031,0.0482,0.0015145421750482882,0.0482,0.0015145421750482882,0.9518,0.0015145421750482886,0.9518,0.0015145421750482886,0.9518,0.0015145421750482886,0.9518,0.0015145421750482886,WITHIN,0.028200000000000003
D1_S1_d1_M10,D1,1,0.0,10,20000,C3,T3,0.0,0.0,0.0,-0.0005706059988795581,0.0010961931760736542,0.02403278958540891,0.15502512565842,0.6758374955765255,0.04505,0.0014666372676977767,0.04505,0.0014666372676977767,0.95495,0.0014666372676977774,0.95495,0.0014666372676977774,0.95495,0.0014666372676977774,0.95495,0.0014666372676977774,WITHIN,0.025050000000000017
D1_S1_d1_M30,D1,1,0.0,30,20000,P1,T2,0.0,0.0,0.0,0.00020729512356744363,0.0005259447417320261,0.005532357427111355,0.07437981868162462,0.2948030564774261,0.0574,0.0016447680687562,0.0574,0.0016447680687562,0.9426,0.0016447680687562002,0.9426,0.0016447680687562002,0.9426,0.0016447680687562002,0.9426,0.0016447680687562002,WITHIN,0.022600000000000064
D1_S1_d1_M30,D1,1,0.0,30,20000,C1,T_DL,0.0,0.0,0.0,0.0003023440638227276,0.0005042498077598322,0.0050853573725165545,0.07131169169579807,0.293767472241745,0.0424,0.0014248199886301427,0.0424,0.0014248199886301427,0.9576,0.0014248199886301427,0.9576,0.0014248199886301427,0.9576,0.0014248199886301427,0.9576,0.0014248199886301427,WITHIN,0.022399999999999975
D1_S1_d1_M30,D1,1,0.0,30,20000,C2,T_DL,0.0,0.0,0.0,0.0003023440638227276,0.0005042498077598322,0.0050853573725165545,0.07131169169579807,0.2916128535608129,0.0501,0.0015425626405433266,0.0501,0.0015425626405433266,0.9499,0.001542562640543327,0.9499,0.001542562640543327,0.9499,0.001542562640543327,0.9499,0.001542562640543327,WITHIN,0.029900000000000038
D1_S1_d1_M30,D1,1,0.0,30,20000,C3,T3,0.0,0.0,0.0,0.0003902865500012803,0.0006407286918650921,0.008210665131583044,0.09061272058371851,0.3626958146517515,0.04955,0.001534516169676944,0.04955,0.001534516169676944,0.95045,0.0015345161696769438,0.95045,0.0015345161696769438,0.95045,0.0015345161696769438,0.95045,0.0015345161696769438,WITHIN,0.029549999999999965
D1_S1_d1_M100,D1,1,0.0,100,20000,P1,T2,0.0,0.0,0.0,3.2807747632228844e-05,0.0002853017689245616,0.001627941987029679,0.040347763098214987,0.15810728944562563,0.0519,0.0015685405637088255,0.0519,0.0015685405637088255,0.9481,0.0015685405637088248,0.9481,0.0015685405637088248,0.9481,0.0015685405637088248,0.9481,0.0015685405637088248,WITHIN,0.028100000000000125
D1_S1_d1_M100,D1,1,0.0,100,20000,C1,T_DL,0.0,0.0,0.0,-6.305116265909609e-05,0.00027248692570263337,0.0014849824935774488,0.038535470589801404,0.1559555323693667,0.04245,0.001425622627135246,0.04245,0.001425622627135246,0.95755,0.0014256226271352455,0.95755,0.0014256226271352455,0.95755,0.0014256226271352455,0.95755,0.0014256226271352455,WITHIN,0.02244999999999997
D1_S1_d1_M100,D1,1,0.0,100,20000,C2,T_DL,0.0,0.0,0.0,-6.305116265909609e-05,0.00027248692570263337,0.0014849824935774488,0.038535470589801404,0.1536644921062315,0.04745,0.0015033046514263168,0.04745,0.0015033046514263168,0.95255,0.0015033046514263168,0.95255,0.0015033046514263168,0.95255,0.0015033046514263168,0.95255,0.0015033046514263168,WITHIN,0.027449999999999974
D1_S1_d1_M100,D1,1,0.0,100,20000,C3,T3,0.0,0.0,0.0,7.626169613979972e-06,0.0003502140031053238,0.0024529969594211153,0.049527739292452216,0.1947156739384981,0.0519,0.0015685405637088255,0.0519,0.0015685405637088255,0.9481,0.0015685405637088248,0.9481,0.0015685405637088248,0.9481,0.0015685405637088248,0.9481,0.0015685405637088248,WITHIN,0.028100000000000125
D1_S1_d2_M3,D1,1,0.5,3,20000,P1,T2,0.5,0.5,0.5,0.5012518943231836,0.0017942415351262858,0.0643860537274466,0.25374407131487153,5.174459386667061,0.0474,0.0015025518293889232,0.0083,0.0006415259152988287,0.9917,0.0006415259152988277,0.9917,0.0006415259152988277,0.9917,0.0006415259152988277,0.9917,0.0006415259152988277,OUTSIDE_ABOVE,0.011700000000000044
D1_S1_d2_M3,D1,1,0.5,3,20000,C1,T_DL,0.5,0.5,0.5,0.5001273742818928,0.0017837614453573845,0.06363609787886931,0.2522619628062648,1.0901971415900957,0.4895,0.0035347542347382507,0.03705,0.0013356140441759363,0.96295,0.0013356140441759367,0.96295,0.0013356140441759367,0.96295,0.0013356140441759367,0.96295,0.0013356140441759367,WITHIN,0.01705000000000001
D1_S1_d2_M3,D1,1,0.5,3,20000,C2,T_DL,0.5,0.5,0.5,0.5001273742818928,0.0017837614453573845,0.06363609787886931,0.2522619628062648,1.8946262808841399,0.25695,0.003089714367866389,0.05095,0.0015548970625092837,0.94905,0.0015548970625092846,0.94905,0.0015548970625092846,0.94905,0.0015548970625092846,0.94905,0.0015548970625092846,WITHIN,0.02905000000000002
D1_S1_d2_M3,D1,1,0.5,3,20000,C3,T3,0.5,0.5,0.5,0.5007700116454751,0.002015892675257939,0.0812764655631722,0.28509027616383587,2.094286280662841,0.21665,0.0029130119936244684,0.0426,0.00142802731066321,0.9574,0.0014280273106632095,0.9574,0.0014280273106632095,0.9574,0.0014280273106632095,0.9574,0.0014280273106632095,WITHIN,0.022599999999999953
D1_S1_d2_M5,D1,1,0.5,5,20000,P1,T2,0.5,0.5,0.5,0.4996028411482195,0.001344353788372087,0.03614574216620764,0.1901203360143455,1.063807741998685,0.50045,0.0035355324740412157,0.04195,0.0014175718235772041,0.95805,0.0014175718235772048,0.95805,0.0014175718235772048,0.95805,0.0014175718235772048,0.95805,0.0014175718235772048,WITHIN,0.021950000000000025
D1_S1_d2_M5,D1,1,0.5,5,20000,C1,T_DL,0.5,0.5,0.5,0.4991565129559577,0.0013157361906015537,0.03462323446517376,0.1860731965253829,0.8013521161024456,0.7079,0.003215412803980229,0.0373,0.001339938617997108,0.9627,0.001339938617997108,0.9627,0.001339938617997108,0.9627,0.001339938617997108,0.9627,0.001339938617997108,WITHIN,0.017299999999999982
D1_S1_d2_M5,D1,1,0.5,5,20000,C2,T_DL,0.5,0.5,0.5,0.4991565129559577,0.0013157361906015537,0.03462323446517376,0.1860731965253829,0.9781875540847472,0.5564,0.003512969114580998,0.0487,0.001521977496548487,0.9513,0.0015219774965484867,0.9513,0.0015219774965484867,0.9513,0.0015219774965484867,0.9513,0.0015219774965484867,WITHIN,0.028699999999999948
D1_S1_d2_M5,D1,1,0.5,5,20000,C3,T3,0.5,0.5,0.5,0.5004896792542846,0.0015576557823917079,0.04852583072836647,0.22028579329672276,1.1257924548050455,0.46475,0.0035267367175620015,0.04155,0.0014110917316035834,0.95845,0.0014110917316035832,0.95845,0.0014110917316035832,0.95845,0.0014110917316035832,0.95845,0.0014110917316035832,WITHIN,0.021549999999999958
D1_S1_d2_M10,D1,1,0.5,10,20000,P1,T2,0.5,0.5,0.5,0.49918477859764715,0.0009251276258696982,0.017117222482946087,0.13083280354309498,0.561311695648257,0.91125,0.002010888329818441,0.0593,0.0016700824829929807,0.9407,0.0016700824829929811,0.9407,0.0016700824829929811,0.9407,0.0016700824829929811,0.9407,0.0016700824829929811,WITHIN,0.02070000000000005
D1_S1_d2_M10,D1,1,0.5,10,20000,C1,T_DL,0.5,0.5,0.5,0.49941722272176287,0.0008949163124447044,0.016017504125592552,0.12656027862482191,0.5364444461654154,0.9496,0.0015469298626634629,0.03885,0.001366394480009342,0.96115,0.0013663944800093428,0.96115,0.0013663944800093428,0.96115,0.0013663944800093428,0.96115,0.0013663944800093428,WITHIN,0.018850000000000033
D1_S1_d2_M10,D1,1,0.5,10,20000,C2,T_DL,0.5,0.5,0.5,0.49941722272176287,0.0008949163124447044,0.016017504125592552,0.12656027862482191,0.5644227290931628,0.91805,0.0019395127932034886,0.05215,0.0015721065087963982,0.94785,0.0015721065087963987,0.94785,0.0015721065087963987,0.94785,0.0015721065087963987,0.94785,0.0015721065087963987,WITHIN,0.02785000000000004
D1_S1_d2_M10,D1,1,0.5,10,20000,C3,T3,0.5,0.5,0.5,0.49949019912603926,0.0011067963503271672,0.02449996322195075,0.15652464094177232,0.6766332230325722,0.8143,0.002749686436668734,0.0481,0.0015130497348071542,0.9519,0.0015130497348071548,0.9519,0.0015130497348071548,0.9519,0.0015130497348071548,0.9519,0.0015130497348071548,WITHIN,0.028100000000000014
D1_S1_d2_M30,D1,1,0.5,30,20000,P1,T2,0.5,0.5,0.5,0.49898759662807135,0.0005162137844168403,0.00532953342443912,0.07300365350062366,0.2951245140365081,1.0,7.071067811865475e-153,0.05395,0.0015974886149829049,0.94605,0.0015974886149829057,0.94605,0.0015974886149829057,0.94605,0.0015974886149829057,0.94605,0.0015974886149829057,WITHIN,0.026050000000000018
D1_S1_d2_M30,D1,1,0.5,30,20000,C1,T_DL,0.5,0.5,0.5,0.49915845076888693,0.0004973495516506776,0.004947131530542603,0.07033584811845665,0.29401883797358513,1.0,7.071067811865475e-153,0.04015,0.001388127830929126,0.95985,0.0013881278309291261,0.95985,0.0013881278309291261,0.95985,0.0013881278309291261,0.95985,0.0013881278309291261,WITHIN,0.02015
D1_S1_d2_M30,D1,1,0.5,30,20000,C2,T_DL,0.5,0.5,0.5,0.49915845076888693,0.0004973495516506776,0.004947131530542603,0.07033584811845665,0.29210637902060466,1.0,7.071067811865475e-153,0.0474,0.0015025518293889232,0.9526,0.0015025518293889232,0.9526,0.0015025518293889232,0.9526,0.0015025518293889232,0.9526,0.0015025518293889232,WITHIN,0.02739999999999998
D1_S1_d2_M30,D1,1,0.5,30,20000,C3,T3,0.5,0.5,0.5,0.4994337318822865,0.0006337419546079263,0.008032577300605498,0.08962464672513637,0.3633648335945967,0.99895,0.00022900846054239955,0.04635,0.0014866350846794918,0.95365,0.0014866350846794918,0.95365,0.0014866350846794918,0.95365,0.0014866350846794918,0.95365,0.0014866350846794918,WITHIN,0.026349999999999985
D1_S1_d2_M100,D1,1,0.5,100,20000,P1,T2,0.5,0.5,0.5,0.49984759601898204,0.0002842492140229718,0.0016159523134535447,0.04019890935651793,0.15791935031153304,1.0,7.071067811865475e-153,0.05255,0.0015777911379520422,0.94745,0.001577791137952042,0.94745,0.001577791137952042,0.94745,0.001577791137952042,0.94745,0.001577791137952042,WITHIN,0.027450000000000085
D1_S1_d2_M100,D1,1,0.5,100,20000,C1,T_DL,0.5,0.5,0.5,0.4997541766478598,0.0002719865497086515,0.0014795336644483348,0.03846470673810389,0.1558302769917545,1.0,7.071067811865475e-153,0.04385,0.001447880822098283,0.95615,0.0014478808220982822,0.95615,0.0014478808220982822,0.95615,0.0014478808220982822,0.95615,0.0014478808220982822,WITHIN,0.023849999999999927
D1_S1_d2_M100,D1,1,0.5,100,20000,C2,T_DL,0.5,0.5,0.5,0.4997541766478598,0.0002719865497086515,0.0014795336644483348,0.03846470673810389,0.15354016084384015,1.0,7.071067811865475e-153,0.0492,0.0015293684971255292,0.9508,0.0015293684971255297,0.9508,0.0015293684971255297,0.9508,0.0015293684971255297,0.9508,0.0015293684971255297,WITHIN,0.029200000000000004
D1_S1_d2_M100,D1,1,0.5,100,20000,C3,T3,0.5,0.5,0.5,0.49944064519876585,0.00034856594289297486,0.0024299643308973717,0.04929466838206108,0.1945938746007417,1.0,7.071067811865475e-153,0.0491,0.0015278938117552542,0.9509,0.0015278938117552546,0.9509,0.0015278938117552546,0.9509,0.0015278938117552546,0.9509,0.0015278938117552546,WITHIN,0.029100000000000015
D1_S2_d1_M3,D1,2,0.0,3,20000,P1,T2,0.0,0.0,0.0,-0.0014954155257811085,0.002902089211130977,0.16844243578725634,0.41041739215980644,7.872263183432777,0.00995,0.0007018189759475017,0.00995,0.0007018189759475017,0.99005,0.0007018189759475022,0.99005,0.0007018189759475022,0.99005,0.0007018189759475022,0.99005,0.0007018189759475022,OUTSIDE_ABOVE,0.010050000000000003
D1_S2_d1_M3,D1,2,0.0,3,20000,C1,T_DL,0.0,0.0,0.0,-0.0008875548546124438,0.0027939030202068513,0.15611788172641933,0.3951175543131681,1.4475063902569585,0.1283,0.0023647315915342275,0.1283,0.0023647315915342275,0.8717,0.002364731591534227,0.8717,0.002364731591534227,0.8717,0.002364731591534227,0.8717,0.002364731591534227,OUTSIDE_BELOW,0.0482999999999999
D1_S2_d1_M3,D1,2,0.0,3,20000,C2,T_DL,0.0,0.0,0.0,-0.0008875548546124438,0.0027939030202068513,0.15611788172641933,0.3951175543131681,2.9120931742584193,0.0592,0.0016687624156841501,0.0592,0.0016687624156841501,0.9408,0.0016687624156841504,0.9408,0.0016687624156841504,0.9408,0.0016687624156841504,0.9408,0.0016687624156841504,WITHIN,0.02080000000000004
D1_S2_d1_M3,D1,2,0.0,3,20000,C3,T3,0.0,0.0,0.0,-0.002731111893690347,0.0028696445222673142,0.16469719368357605,0.4058290202580097,3.0638405004486753,0.04645,0.0014881598956429378,0.04645,0.0014881598956429378,0.95355,0.0014881598956429378,0.95355,0.0014881598956429378,0.95355,0.0014881598956429378,0.95355,0.0014881598956429378,WITHIN,0.026449999999999974
D1_S2_d1_M5,D1,2,0.0,5,20000,P1,T2,0.0,0.0,0.0,0.002725271591981836,0.002285454377186606,0.10446603420402834,0.3232120576402253,1.6796807866559742,0.06095,0.0016916722126345872,0.06095,0.0016916722126345872,0.93905,0.0016916722126345866,0.93905,0.0016916722126345866,0.93905,0.0016916722126345866,0.93905,0.0016916722126345866,WITHIN,0.019050000000000122
D1_S2_d1_M5,D1,2,0.0,5,20000,C1,T_DL,0.0,0.0,0.0,0.0027034697189553952,0.00215522080210349,0.09289953411639224,0.30479424882433764,1.1195001540264293,0.113,0.0022386491462486925,0.113,0.0022386491462486925,0.887,0.0022386491462486925,0.887,0.0022386491462486925,0.887,0.0022386491462486925,0.887,0.0022386491462486925,OUTSIDE_BELOW,0.03299999999999992
D1_S2_d1_M5,D1,2,0.0,5,20000,C2,T_DL,0.0,0.0,0.0,0.0027034697189553952,0.00215522080210349,0.09289953411639224,0.30479424882433764,1.5323219097018124,0.06485,0.001741328192788482,0.06485,0.001741328192788482,0.93515,0.0017413281927884812,0.93515,0.0017413281927884812,0.93515,0.0017413281927884812,0.93515,0.0017413281927884812,WITHIN,0.015150000000000108
D1_S2_d1_M5,D1,2,0.0,5,20000,C3,T3,0.0,0.0,0.0,0.002610562480133837,0.0022271038226309796,0.09919982873555046,0.31496004307776954,1.6240809024683867,0.05,0.0015411035007422442,0.05,0.0015411035007422442,0.95,0.0015411035007422448,0.95,0.0015411035007422448,0.95,0.0015411035007422448,0.95,0.0015411035007422448,WITHIN,0.030000000000000027
D1_S2_d1_M10,D1,2,0.0,10,78670,P1,T2,0.0,0.0,0.0,-7.887154601831652e-05,0.0008322751639808965,0.054493288894743606,0.23343797654782653,0.9494470786706283,0.0753654506164993,0.0009411668750490562,0.0753654506164993,0.0009411668750490562,0.9246345493835006,0.0009411668750490567,0.9246345493835006,0.0009411668750490567,0.9246345493835006,0.0009411668750490567,0.9246345493835006,0.0009411668750490567,WITHIN,0.004634549383500719
D1_S2_d1_M10,D1,2,0.0,10,78670,C1,T_DL,0.0,0.0,0.0,-0.0004503217324623449,0.0007634373601475588,0.04585175554770999,0.2141302303452504,0.8033421708375492,0.0867547985254862,0.0010035427486067958,0.0867547985254862,0.0010035427486067958,0.9132452014745138,0.0010035427486067958,0.9132452014745138,0.0010035427486067958,0.9132452014745138,0.0010035427486067958,0.9132452014745138,0.0010035427486067958,OUTSIDE_BELOW,0.006754798525486105
D1_S2_d1_M10,D1,2,0.0,10,78670,C2,T_DL,0.0,0.0,0.0,-0.0004503217324623449,0.0007634373601475588,0.04585175554770999,0.2141302303452504,0.9209404230059965,0.0594508707258167,0.0008430731877152776,0.0594508707258167,0.0008430731877152776,0.9405491292741833,0.0008430731877152775,0.9405491292741833,0.0008430731877152775,0.9405491292741833,0.0008430731877152775,0.9405491292741833,0.0008430731877152775,WITHIN,0.020549129274183398
D1_S2_d1_M10,D1,2,0.0,10,78670,C3,T3,0.0,0.0,0.0,-0.00024312088058342076,0.0007938996093539104,0.049583859314239365,0.2226743346554321,0.9750334198544661,0.048519130545315876,0.0007660409041238791,0.048519130545315876,0.0007660409041238791,0.9514808694546841,0.000766040904123879,0.9514808694546841,0.000766040904123879,0.9514808694546841,0.000766040904123879,0.9514808694546841,0.000766040904123879,WITHIN,0.02851913054531585
D1_S2_d1_M30,D1,2,0.0,30,20000,P1,T2,0.0,0.0,0.0,-0.0009195588472814893,0.0009805667079208677,0.01923022137365537,0.13867307371532286,0.5320816021274797,0.0645,0.0017369477539638319,0.0645,0.0017369477539638319,0.9355,0.0017369477539638319,0.9355,0.0017369477539638319,0.9355,0.0017369477539638319,0.9355,0.0017369477539638319,WITHIN,0.01550000000000007
D1_S2_d1_M30,D1,2,0.0,30,20000,C1,T_DL,0.0,0.0,0.0,-4.6248477146057374e-05,0.0008689696601945962,0.015102165406774238,0.12289086787379377,0.47206355861561705,0.06245,0.00171099382669839,0.06245,0.00171099382669839,0.93755,0.0017109938266983901,0.93755,0.0017109938266983901,0.93755,0.0017109938266983901,0.93755,0.0017109938266983901,WITHIN,0.017550000000000066
D1_S2_d1_M30,D1,2,0.0,30,20000,C2,T_DL,0.0,0.0,0.0,-4.6248477146057374e-05,0.0008689696601945962,0.015102165406774238,0.12289086787379377,0.49223664553562774,0.05265,0.0015792083063991273,0.05265,0.0015792083063991273,0.94735,0.001579208306399127,0.94735,0.001579208306399127,0.94735,0.001579208306399127,0.94735,0.001579208306399127,WITHIN,0.027350000000000096
D1_S2_d1_M30,D1,2,0.0,30,20000,C3,T3,0.0,0.0,0.0,-5.824340350694657e-06,0.0009111856966429626,0.016605187475334425,0.12886111700328545,0.5197516377323913,0.05045,0.0015476562522084806,0.05045,0.0015476562522084806,0.94955,0.0015476562522084806,0.94955,0.0015476562522084806,0.94955,0.0015476562522084806,0.94955,0.0015476562522084806,WITHIN,0.029550000000000076
D1_S2_d1_M100,D1,2,0.0,100,20000,P1,T2,0.0,0.0,0.0,6.266045049765463e-05,0.0005315303246774719,0.005650489721034773,0.07516973939714554,0.2953008339325079,0.05305,0.0015848611532244708,0.05305,0.0015848611532244708,0.94695,0.0015848611532244714,0.94695,0.0015848611532244714,0.94695,0.0015848611532244714,0.94695,0.0015848611532244714,WITHIN,0.02695000000000003
D1_S2_d1_M100,D1,2,0.0,100,20000,C1,T_DL,0.0,0.0,0.0,-0.0001768471575227462,0.00046707581771515054,0.004363196389885531,0.06605449560692694,0.26060595390060887,0.0507,0.0015512818892773807,0.0507,0.0015512818892773807,0.9493,0.0015512818892773803,0.9493,0.0015512818892773803,0.9493,0.0015512818892773803,0.9493,0.0015512818892773803,WITHIN,0.029300000000000104
D1_S2_d1_M100,D1,2,0.0,100,20000,C2,T_DL,0.0,0.0,0.0,-0.0001768471575227462,0.00046707581771515054,0.004363196389885531,0.06605449560692694,0.26364435390106994,0.0472,0.0014995359282124587,0.0472,0.0014995359282124587,0.9528,0.001499535928212459,0.9528,0.001499535928212459,0.9528,0.001499535928212459,0.9528,0.001499535928212459,WITHIN,0.027200000000000002
D1_S2_d1_M100,D1,2,0.0,100,20000,C3,T3,0.0,0.0,0.0,-0.00031755612283434386,0.0004916287081762194,0.004833975734060365,0.0695267986754774,0.2776438245564582,0.04845,0.0015182654165197863,0.04845,0.0015182654165197863,0.95155,0.001518265416519786,0.95155,0.001518265416519786,0.95155,0.001518265416519786,0.95155,0.001518265416519786,WITHIN,0.028449999999999975
D1_S2_d2_M3,D1,2,0.5,3,20000,P1,T2,0.5,0.5,0.5,0.5017791149415894,0.002894577331082518,0.16757155851233585,0.40935505189546134,7.8941997134656425,0.02495,0.001102893863887183,0.0084,0.000645346418600119,0.9916,0.0006453464186001177,0.9916,0.0006453464186001177,0.9916,0.0006453464186001177,0.9916,0.0006453464186001177,OUTSIDE_ABOVE,0.011600000000000055
D1_S2_d2_M3,D1,2,0.5,3,20000,C1,T_DL,0.5,0.5,0.5,0.5011444621967638,0.0027888639780395148,0.15555524576012775,0.39440492613572636,1.453666189660702,0.3469,0.0033657123317360326,0.12805,0.002362765302563926,0.87195,0.002362765302563926,0.87195,0.002362765302563926,0.87195,0.002362765302563926,0.87195,0.002362765302563926,OUTSIDE_BELOW,0.048049999999999926
D1_S2_d2_M3,D1,2,0.5,3,20000,C2,T_DL,0.5,0.5,0.5,0.5011444621967638,0.0027888639780395148,0.15555524576012775,0.39440492613572636,2.9242944319877875,0.1466,0.002501084164917286,0.06035,0.0016838627838989732,0.93965,0.0016838627838989732,0.93965,0.0016838627838989732,0.93965,0.0016838627838989732,0.93965,0.0016838627838989732,WITHIN,0.019650000000000056
D1_S2_d2_M3,D1,2,0.5,3,20000,C3,T3,0.5,0.5,0.5,0.49958449153625817,0.0028739516095745835,0.16519195708352677,0.4064381343864362,3.075488385261849,0.1212,0.002307710553774021,0.04705,0.001497269139132975,0.95295,0.0014972691391329754,0.95295,0.0014972691391329754,0.95295,0.0014972691391329754,0.95295,0.0014972691391329754,WITHIN,0.02705000000000002
D1_S2_d2_M5,D1,2,0.5,5,320259,P1,T2,0.5,0.5,0.5,0.500208996962937,0.0005704916606179878,0.10423172947741638,0.3228493913226667,1.6867812300651106,0.24940751079594953,0.0007645505402167352,0.05818103472501944,0.0004136411763097642,0.9418189652749805,0.0004136411763097643,0.9418189652749805,0.0004136411763097643,0.9418189652749805,0.0004136411763097643,0.9418189652749805,0.0004136411763097643,WITHIN,0.021818965274980617
D1_S2_d2_M5,D1,2,0.5,5,320259,C1,T_DL,0.5,0.5,0.5,0.5002346438917861,0.0005370509561587599,0.09237029518947559,0.3039248183177471,1.122503743331506,0.44353476405034675,0.0008778739863310357,0.10851217296001049,0.0005495994219163269,0.8914878270399895,0.0005495994219163269,0.8914878270399895,0.0005495994219163269,0.8914878270399895,0.0005495994219163269,0.8914878270399895,0.0005495994219163269,OUTSIDE_BELOW,0.028512172960010407
D1_S2_d2_M5,D1,2,0.5,5,320259,C2,T_DL,0.5,0.5,0.5,0.5002346438917861,0.0005370509561587599,0.09237029518947559,0.3039248183177471,1.5391543441161608,0.27355671503376955,0.0007877236329024044,0.06231206617144249,0.00042713441836904223,0.9376879338285575,0.0004271344183690422,0.9376879338285575,0.0004271344183690422,0.9376879338285575,0.0004271344183690422,0.9376879338285575,0.0004271344183690422,WITHIN,0.0176879338285576
D1_S2_d2_M5,D1,2,0.5,5,320259,C3,T3,0.5,0.5,0.5,0.5004801646900506,0.0005555130193529781,0.09883023472571156,0.31437276396932284,1.6285511319590167,0.24300019671578316,0.0007578801358396328,0.04778320047211788,0.00037692493231398166,0.9522167995278821,0.0003769249323139819,0.9522167995278821,0.0003769249323139819,0.9522167995278821,0.0003769249323139819,0.9522167995278821,0.0003769249323139819,WITHIN,0.027783200472117908
D1_S2_d2_M10,D1,2,0.5,10,87181,P1,T2,0.5,0.5,0.5,0.49981165143040146,0.0007892860480417428,0.0543113625263813,0.23304798331326812,0.948638519679858,0.5532168706484211,0.0016837793056801535,0.07552104242896962,0.0008948939666600603,0.9244789575710304,0.0008948939666600603,0.9244789575710304,0.0008948939666600603,0.9244789575710304,0.0008948939666600603,0.9244789575710304,0.0008948939666600603,WITHIN,0.004478957571030451
D1_S2_d2_M10,D1,2,0.5,10,87181,C1,T_DL,0.5,0.5,0.5,0.5002548357198336,0.0007224053977030971,0.04549710999097173,0.2133005156837923,0.8029587877113682,0.6646287608538558,0.0015989745451412685,0.08675055344627844,0.0009532787516400111,0.9132494465537215,0.0009532787516400113,0.9132494465537215,0.0009532787516400113,0.9132494465537215,0.0009532787516400113,0.9132494465537215,0.0009532787516400113,OUTSIDE_BELOW,0.006750553446278396
D1_S2_d2_M10,D1,2,0.5,10,87181,C2,T_DL,0.5,0.5,0.5,0.5002548357198336,0.0007224053977030971,0.04549710999097173,0.2133005156837923,0.9201247584653233,0.5674516236335899,0.0016779184190271093,0.059875431573393284,0.0008035374202922371,0.9401245684266067,0.000803537420292237,0.9401245684266067,0.000803537420292237,0.9401245684266067,0.000803537420292237,0.9401245684266067,0.000803537420292237,WITHIN,0.020124568426606815
D1_S2_d2_M10,D1,2,0.5,10,87181,C3,T3,0.5,0.5,0.5,0.5002256221382435,0.0007525748875093384,0.04937661241594038,0.2222084886226005,0.9736842564215411,0.5303219738245719,0.0016902813873133466,0.04963237402645072,0.0007355588383234537,0.9503676259735493,0.0007355588383234537,0.9503676259735493,0.0007355588383234537,0.9503676259735493,0.0007355588383234537,0.9503676259735493,0.0007355588383234537,WITHIN,0.029632374026450692
D1_S2_d2_M30,D1,2,0.5,30,20000,P1,T2,0.5,0.5,0.5,0.5010262644979175,0.0009634067541848792,0.018563051480180892,0.13624628978500988,0.5308566704049569,0.94315,0.0016373465958678382,0.06255,0.0017122718461155635,0.93745,0.0017122718461155635,0.93745,0.0017122718461155635,0.93745,0.0017122718461155635,0.93745,0.0017122718461155635,WITHIN,0.017450000000000077
D1_S2_d2_M30,D1,2,0.5,30,20000,C1,T_DL,0.5,0.5,0.5,0.501078386468938,0.0008611451013121912,0.014831417710279682,0.12178430814468538,0.471580228076118,0.98315,0.0009101120123369439,0.0611,0.0016936172826232023,0.9389,0.001693617282623203,0.9389,0.001693617282623203,0.9389,0.001693617282623203,0.9389,0.001693617282623203,WITHIN,0.018900000000000028
D1_S2_d2_M30,D1,2,0.5,30,20000,C2,T_DL,0.5,0.5,0.5,0.501078386468938,0.0008611451013121912,0.014831417710279682,0.12178430814468538,0.49167718756533524,0.9793,0.0010067648682785878,0.05165,0.0015649644964023945,0.94835,0.001564964496402394,0.94835,0.001564964496402394,0.94835,0.001564964496402394,0.94835,0.001564964496402394,WITHIN,0.028350000000000097
D1_S2_d2_M30,D1,2,0.5,30,20000,C3,T3,0.5,0.5,0.5,0.5006038416945219,0.0009035232372031912,0.016327084803322678,0.1277774815971996,0.5190499476193707,0.9653,0.001294138902900302,0.0474,0.0015025518293889232,0.9526,0.0015025518293889232,0.9526,0.0015025518293889232,0.9526,0.0015025518293889232,0.9526,0.0015025518293889232,WITHIN,0.02739999999999998
D1_S2_d2_M100,D1,2,0.5,100,20000,P1,T2,0.5,0.5,0.5,0.4998085056415326,0.0005361212695705066,0.0057485203137178364,0.07581899705032925,0.2952209955576209,0.99985,8.65960449443228e-05,0.0555,0.0016189464166549798,0.9445,0.0016189464166549798,0.9445,0.0016189464166549798,0.9445,0.0016189464166549798,0.9445,0.0016189464166549798,WITHIN,0.024500000000000077
D1_S2_d2_M100,D1,2,0.5,100,20000,C1,T_DL,0.5,0.5,0.5,0.500094921984733,0.00047060801183924016,0.004429438016145648,0.06655402329044915,0.2606948845594262,1.0,7.071067811865475e-153,0.051,0.001555618847918731,0.949,0.0015556188479187317,0.949,0.0015556188479187317,0.949,0.0015556188479187317,0.949,0.0015556188479187317,WITHIN,0.029000000000000026
D1_S2_d2_M100,D1,2,0.5,100,20000,C2,T_DL,0.5,0.5,0.5,0.500094921984733,0.00047060801183924016,0.004429438016145648,0.06655402329044915,0.2638865894461377,1.0,7.071067811865475e-153,0.0483,0.0015160328162675109,0.9517,0.0015160328162675109,0.9517,0.0015160328162675109,0.9517,0.0015160328162675109,0.9517,0.0015160328162675109,WITHIN,0.028299999999999992
D1_S2_d2_M100,D1,2,0.5,100,20000,C3,T3,0.5,0.5,0.5,0.5004072815094421,0.0004956042191469358,0.004912470840724881,0.07008902082869242,0.27790256716366296,1.0,7.071067811865475e-153,0.0496,0.0015352498168050698,0.9504,0.0015352498168050694,0.9504,0.0015352498168050694,0.9504,0.0015352498168050694,0.9504,0.0015352498168050694,WITHIN,0.02959999999999996
D1_S3_d1_M3,D1,3,0.0,3,20000,P1,T2,0.08361854460463167,0.0,0.01923982029783763,0.035126950663983234,0.002991645756673318,0.17899888666842942,0.4230826002903327,7.951747243528355,0.0107,0.0007275132301202502,0.0107,0.0007275132301202502,0.9898,0.0007104913792580452,0.9893,0.0007275132301202516,0.98955,0.0007190548483947507,0.9898,0.0007104913792580452,OUTSIDE_ABOVE,0.009800000000000031
D1_S3_d1_M3,D1,3,0.0,3,20000,C1,T_DL,0.08361854460463167,0.0,0.01923982029783763,0.008975557488223849,0.0028260711660320318,0.15973356470955297,0.3996668171234046,1.4680108458843624,0.13185,0.0023923375336686917,0.13185,0.0023923375336686917,0.8657,0.0024110527783522285,0.86815,0.002392337533668692,0.8687,0.0023880987207399946,0.8687,0.0023880987207399946,OUTSIDE_BELOW,0.0512999999999999
D1_S3_d1_M3,D1,3,0.0,3,20000,C2,T_DL,0.08361854460463167,0.0,0.01923982029783763,0.008975557488223849,0.0028260711660320318,0.15973356470955297,0.3996668171234046,2.9487606051073687,0.0613,0.0016962062079829798,0.0613,0.0016962062079829798,0.9387,0.0016962062079829802,0.9387,0.0016962062079829802,0.9395,0.0016858195336393513,0.9395,0.0016858195336393513,WITHIN,0.019500000000000073
D1_S3_d1_M3,D1,3,0.0,3,20000,C3,T3,0.08361854460463167,0.0,0.01923982029783763,-0.0009981831089956267,0.0028811227533648777,0.1660173663991363,0.4074522872670324,3.0923331218318193,0.04805,0.0015123028383891898,0.04805,0.0015123028383891898,0.94985,0.0015432915716092023,0.95195,0.0015123028383891904,0.95235,0.0015063113472984259,0.95195,0.0015123028383891904,WITHIN,0.02805000000000002
D1_S3_d1_M5,D1,3,0.0,5,20000,P1,T2,0.08361854460463167,0.0,0.01923982029783763,0.05504841458148676,0.0023927217839719984,0.11450235070988285,0.3383819597878747,1.714116934338976,0.06305,0.0017186433239622465,0.06305,0.0017186433239622465,0.93825,0.001702012595429305,0.93695,0.0017186433239622474,0.9382,0.0017026561602390539,0.93825,0.001702012595429305,WITHIN,0.0182500000000001
D1_S3_d1_M5,D1,3,0.0,5,20000,C1,T_DL,0.08361854460463167,0.0,0.01923982029783763,0.020456202443121223,0.002198665995789879,0.09668264322085404,0.3109383270374594,1.1377097820859512,0.1154,0.002259234826218824,0.1154,0.002259234826218824,0.8813,0.0022870320286344924,0.8846,0.0022592348262188235,0.88565,0.0022502675118749767,0.88565,0.0022502675118749767,OUTSIDE_BELOW,0.03434999999999988
D1_S3_d1_M5,D1,3,0.0,5,20000,C2,T_DL,0.08361854460463167,0.0,0.01923982029783763,0.020456202443121223,0.002198665995789879,0.09668264322085404,0.3109383270374594,1.5581422368435642,0.0652,0.0017456941312841718,0.0652,0.0017456941312841718,0.9324,0.0017752498415716023,0.9348,0.0017456941312841724,0.9346,0.0017481824847538087,0.9346,0.0017481824847538087,WITHIN,0.014600000000000057
D1_S3_d1_M5,D1,3,0.0,5,20000,C3,T3,0.08361854460463167,0.0,0.01923982029783763,0.006598464199048142,0.0022614978239603226,0.10228744815554547,0.31982408939219303,1.6466867908618799,0.0517,0.001565680522967569,0.0517,0.001565680522967569,0.947,0.0015841559266688372,0.9483,0.0015656805229675684,0.9491,0.0015541748614618619,0.9483,0.0015656805229675684,WITHIN,0.028300000000000103
D1_S3_d1_M10,D1,3,0.0,10,43282,P1,T2,0.08361854460463167,0.0,0.01923982029783763,0.06263171117119824,0.001193457545025592,0.061648323343597586,0.2482908039851609,0.9776979920342767,0.08241301233769234,0.0013218064205013124,0.08241301233769234,0.0013218064205013124,0.9202208770389538,0.0013023778740127966,0.9175869876623076,0.0013218064205013128,0.9198974169400674,0.0013047860349117669,0.9202208770389538,0.0013023778740127966,WITHIN,0.00022087703895390387
D1_S3_d1_M10,D1,3,0.0,10,43282,C1,T_DL,0.08361854460463167,0.0,0.01923982029783763,0.01691576967000577,0.001042856967330633,0.047071367419847354,0.21695936813110273,0.8177363189741627,0.08839702416709025,0.0013644826860207404,0.08839702416709025,0.0013644826860207404,0.9024074673074257,0.0014264480979767878,0.9116029758329097,0.0013644826860207406,0.9129892333995656,0.0013547702935597533,0.9129892333995656,0.0013547702935597533,OUTSIDE_BELOW,0.007010766600434315
D1_S3_d1_M10,D1,3,0.0,10,43282,C2,T_DL,0.08361854460463167,0.0,0.01923982029783763,0.01691576967000577,0.001042856967330633,0.047071367419847354,0.21695936813110273,0.9314659663346097,0.060972228640081325,0.0011501423435164037,0.060972228640081325,0.0011501423435164037,0.9318192320133081,0.0012115549572096905,0.9390277713599187,0.001150142343516404,0.9398826301926898,0.0011425708429693819,0.9398826301926898,0.0011425708429693819,WITHIN,0.019882630192689876
D1_S3_d1_M10,D1,3,0.0,10,43282,C3,T3,0.08361854460463167,0.0,0.01923982029783763,-0.0002533551552569415,0.001079880286915187,0.05047293354933231,0.22466182040865848,0.9817436454348181,0.04868074488239915,0.0010343989968096684,0.04868074488239915,0.0010343989968096684,0.9389584584815859,0.0011507534225356918,0.9513192551176008,0.0010343989968096684,0.9511806293609353,0.0010357952772713764,0.9513192551176008,0.0010343989968096684,WITHIN,0.028680744882399134
D1_S3_d1_M30,D1,3,0.0,30,20000,P1,T2,0.08361854460463167,0.0,0.01923982029783763,0.07666697921580548,0.0010759277116701384,0.023152408814794814,0.15215915619769588,0.565758796586919,0.08815,0.0020047391039733826,0.08815,0.0020047391039733826,0.93075,0.0017951941051039583,0.91185,0.0020047391039733817,0.92485,0.0018641684137974237,0.93075,0.0017951941051039583,WITHIN,0.010750000000000037
D1_S3_d1_M30,D1,3,0.0,30,20000,C1,T_DL,0.08361854460463167,0.0,0.01923982029783763,0.019281505987847253,0.0008759414505295166,0.01534546849511507,0.12387682791836038,0.484936884221156,0.0632,0.0017205487496726153,0.0632,0.0017205487496726153,0.909,0.0020337035182149826,0.9368,0.0017205487496726158,0.9401,0.0016779748210268227,0.9401,0.0016779748210268227,WITHIN,0.020100000000000118
D1_S3_d1_M30,D1,3,0.0,30,20000,C2,T_DL,0.08361854460463167,0.0,0.01923982029783763,0.019281505987847253,0.0008759414505295166,0.01534546849511507,0.12387682791836038,0.49943824558461963,0.056,0.001625792114632126,0.056,0.001625792114632126,0.9176,0.001944353877255887,0.944,0.0016257921146321267,0.9479,0.0015713941262458639,0.9479,0.0015713941262458639,WITHIN,0.027900000000000036
D1_S3_d1_M30,D1,3,0.0,30,20000,C3,T3,0.08361854460463167,0.0,0.01923982029783763,0.0010027362112539043,0.0009107388154128136,0.016588903797990696,0.12879791845364078,0.5238216666389981,0.04835,0.001516777463901676,0.04835,0.001516777463901676,0.9061,0.0020625565446794423,0.95165,0.001516777463901676,0.95075,0.0015301051842928973,0.95165,0.001516777463901676,WITHIN,0.028349999999999986
D1_S3_d1_M100,D1,3,0.0,100,20000,P1,T2,0.08361854460463167,0.0,0.01923982029783763,0.08151915068138127,0.0006139545076148179,0.007538802748411069,0.08682627913489711,0.32397461789675636,0.1535,0.002548899272234978,0.1535,0.002548899272234978,0.9355,0.0017369477539638319,0.8465,0.002548899272234978,0.89285,0.0021871085649779708,0.9355,0.0017369477539638319,WITHIN,0.01550000000000007
D1_S3_d1_M100,D1,3,0.0,100,20000,C1,T_DL,0.08361854460463167,0.0,0.01923982029783763,0.019396478693693812,0.00048198324309024494,0.004646156932395803,0.06816272392147928,0.26879960230916883,0.06205,0.001705869243230559,0.06205,0.001705869243230559,0.84465,0.0025614095484713098,0.93795,0.0017058692432305597,0.9471,0.0015827442939401165,0.9471,0.0015827442939401165,WITHIN,0.027100000000000124
D1_S3_d1_M100,D1,3,0.0,100,20000,C2,T_DL,0.08361854460463167,0.0,0.01923982029783763,0.019396478693693812,0.00048198324309024494,0.004646156932395803,0.06816272392147928,0.26784666000648527,0.0624,0.0017103543492504702,0.0624,0.0017103543492504702,0.8449,0.002559726450228618,0.9376,0.0017103543492504704,0.94825,0.0015663961424237478,0.94825,0.0015663961424237478,WITHIN,0.02825000000000011
D1_S3_d1_M100,D1,3,0.0,100,20000,C3,T3,0.08361854460463167,0.0,0.01923982029783763,0.00048406223970728164,0.0005035103874844875,0.005070454206095575,0.07120712187762945,0.28044253527508056,0.0515,0.0015628139684556188,0.0515,0.0015628139684556188,0.78735,0.0028933542601969776,0.9485,0.0015628139684556186,0.94185,0.0016548198920124213,0.9485,0.0015628139684556186,WITHIN,0.02850000000000008
D1_S3_d2_M3,D1,3,0.5,3,20000,P1,T2,0.5836185446046317,0.5,0.5192398202978377,0.5369421255104535,0.00298322030653843,0.1779920679468649,0.42189106170534696,7.979927149644617,0.0275,0.0011563682371978226,0.01115,0.000742484932507051,0.9889,0.0007408370266124662,0.98885,0.0007424849325070507,0.9891,0.0007342067147609051,0.9889,0.0007408370266124662,OUTSIDE_ABOVE,0.008900000000000019
D1_S3_d2_M3,D1,3,0.5,3,20000,C1,T_DL,0.5836185446046317,0.5,0.5192398202978377,0.5116633750601317,0.0028170629529222827,0.15871687361454423,0.3983928634081492,1.4713723261620821,0.35365,0.003380692809913376,0.12475,0.002336529878901616,0.87185,0.002363552173107249,0.87525,0.0023365298789016164,0.87595,0.002330896796299656,0.87595,0.002330896796299656,OUTSIDE_BELOW,0.04404999999999992
D1_S3_d2_M3,D1,3,0.5,3,20000,C2,T_DL,0.5836185446046317,0.5,0.5192398202978377,0.5116633750601317,0.0028170629529222827,0.15871687361454423,0.3983928634081492,2.959953466650949,0.14975,0.002523142262140603,0.06055,0.0016864711307935276,0.9377,0.0017090744571258449,0.93945,0.0016864711307935276,0.93935,0.0016877733482313314,0.93935,0.0016877733482313314,WITHIN,0.01935000000000009
D1_S3_d2_M3,D1,3,0.5,3,20000,C3,T3,0.5836185446046317,0.5,0.5192398202978377,0.5008285409807628,0.002881353112250896,0.16604391514955852,0.4074848649331144,3.1035240141566804,0.12535,0.0023413391200336614,0.0478,0.001508561566526206,0.9511,0.0015249391791150237,0.9522,0.0015085615665262051,0.9526,0.0015025518293889232,0.9522,0.0015085615665262051,WITHIN,0.027799999999999936
D1_S3_d2_M5,D1,3,0.5,5,46644,P1,T2,0.5836185446046317,0.5,0.5192398202978377,0.5486798920270172,0.0015703011161796142,0.1150169019553332,0.33914141881423626,1.719244710569961,0.2720607152045279,0.002060547370954424,0.06039361975816825,0.0011029875627402157,0.9396492582111311,0.0011026211039658848,0.9396063802418317,0.001102987562740216,0.9411714261212589,0.001089508527085506,0.9396492582111311,0.0011026211039658848,WITHIN,0.01964925821113117
D1_S3_d2_M5,D1,3,0.5,5,46644,C1,T_DL,0.5836185446046317,0.5,0.5192398202978377,0.5135277891614082,0.0014320244157372153,0.0956525675434659,0.30927749278514577,1.1406950262453404,0.4514835777377583,0.0023041879596866007,0.10983191836034645,0.0014477794244159318,0.8841437269530915,0.0014819150834674303,0.8901680816396536,0.0014477794244159318,0.8902323985936026,0.001447407743241996,0.8902323985936026,0.001447407743241996,OUTSIDE_BELOW,0.029767601406397337
D1_S3_d2_M5,D1,3,0.5,5,46644,C2,T_DL,0.5836185446046317,0.5,0.5192398202978377,0.5135277891614082,0.0014320244157372153,0.0956525675434659,0.30927749278514577,1.5614870120249773,0.281643941342938,0.002082678303581993,0.06290198096218164,0.0011241565052242666,0.9348040476803019,0.0011430697070689963,0.9370980190378184,0.0011241565052242661,0.9380413343624046,0.0011162568130028765,0.9380413343624046,0.0011162568130028765,WITHIN,0.018041334362404626
D1_S3_d2_M5,D1,3,0.5,5,46644,C3,T3,0.5836185446046317,0.5,0.5192398202978377,0.49828388234287935,0.0014706687708744691,0.10088475125882418,0.3176235999714508,1.646734169128792,0.24022382299974274,0.001978121575071853,0.04834491038504416,0.0009931555496606134,0.9468741960380757,0.0010384868583077369,0.9516550896149558,0.0009931555496606136,0.9512048709373124,0.0009975332370450562,0.9516550896149558,0.0009931555496606136,WITHIN,0.028344910385044164
D1_S3_d2_M10,D1,3,0.5,10,22464,P1,T2,0.5836185446046317,0.5,0.5192398202978377,0.5632916175268786,0.0016725470167508441,0.0628410973861116,0.2506812665240696,0.9813139500906196,0.6119569088319088,0.0032512985747030774,0.08097400284900284,0.0018200912317417205,0.921073717948718,0.0017989308619127385,0.9190259971509972,0.00182009123174172,0.9223201566951567,0.0017858767165644994,0.921073717948718,0.0017989308619127385,WITHIN,0.0010737179487180226
D1_S3_d2_M10,D1,3,0.5,10,22464,C1,T_DL,0.5836185446046317,0.5,0.5192398202978377,0.5161714093216471,0.0014488455403661466,0.04715538197398039,0.21715289998980072,0.8191156098139726,0.6706285612535613,0.003135742888334525,0.08747329059829059,0.001885024414150267,0.9019764957264957,0.001983897257905637,0.9125267094017094,0.0018850244141502667,0.9143073361823362,0.0018675592053250308,0.9143073361823362,0.0018675592053250308,OUTSIDE_BELOW,0.005692663817663757
D1_S3_d2_M10,D1,3,0.5,10,22464,C2,T_DL,0.5836185446046317,0.5,0.5192398202978377,0.5161714093216471,0.0014488455403661466,0.04715538197398039,0.21715289998980072,0.93289303642445,0.5805288461538461,0.003292451660002751,0.059161324786324784,0.0015741023992800875,0.9330039173789174,0.0016681031140854258,0.9408386752136753,0.0015741023992800868,0.9415509259259259,0.001565190416124102,0.9415509259259259,0.001565190416124102,WITHIN,0.021550925925926
D1_S3_d2_M10,D1,3,0.5,10,22464,C3,T3,0.5836185446046317,0.5,0.5192398202978377,0.4996715637557758,0.0014930062619258216,0.0500737767712352,0.22377170681575273,0.981994693074825,0.5201210826210826,0.0033333008948351873,0.04874465811965812,0.0014367080443325702,0.9403935185185185,0.001579639596758741,0.9512553418803419,0.00143670804433257,0.9508992165242165,0.001441676802892948,0.9512553418803419,0.00143670804433257,WITHIN,0.028744658119658095
D1_S3_d2_M30,D1,3,0.5,30,20000,P1,T2,0.5836185446046317,0.5,0.5192398202978377,0.5762529397267024,0.0010954237717830503,0.023999064795748093,0.154916315460148,0.566225904672954,0.97535,0.0010964118181595807,0.09295,0.002053171905856887,0.92415,0.0018721214904487366,0.90705,0.0020531719058568864,0.91725,0.0019481072544908812,0.92415,0.0018721214904487366,WITHIN,0.004150000000000098
D1_S3_d2_M30,D1,3,0.5,30,20000,C1,T_DL,0.5836185446046317,0.5,0.5192398202978377,0.5189848097816897,0.0008811456984996785,0.015528354839689729,0.12461281972449596,0.4848818631267038,0.9819,0.0009426661657235823,0.06735,0.001772201702685109,0.9059,0.0020645240371572325,0.93265,0.0017722017026851095,0.93755,0.0017109938266983901,0.93755,0.0017109938266983901,WITHIN,0.017550000000000066
D1_S3_d2_M30,D1,3,0.5,30,20000,C2,T_DL,0.5836185446046317,0.5,0.5192398202978377,0.5189848097816897,0.0008811456984996785,0.015528354839689729,0.12461281972449596,0.49947595638963305,0.97995,0.0009911608724117395,0.05925,0.001669422617254241,0.9169,0.001951850276020166,0.94075,0.0016694226172542413,0.94425,0.0016223738394710383,0.94425,0.0016223738394710383,WITHIN,0.024250000000000105
D1_S3_d2_M30,D1,3,0.5,30,20000,C3,T3,0.5836185446046317,0.5,0.5192398202978377,0.5005442115701262,0.0009160484777420958,0.016782896271472225,0.12954881810141003,0.5239707691019134,0.95815,0.00141595511051728,0.05175,0.0015663961424237486,0.9044,0.0020791902269874205,0.94825,0.0015663961424237478,0.9475,0.001577081957286938,0.94825,0.0015663961424237478,WITHIN,0.02825000000000011
D1_S3_d2_M100,D1,3,0.5,100,20000,P1,T2,0.5836185446046317,0.5,0.5192398202978377,0.5804469441610685,0.0006153171908334517,0.007572304906703409,0.08701899164379813,0.3235477664242464,1.0,7.071067811865475e-153,0.1561,0.002566444914663083,0.93635,0.0017262484974649506,0.8439,0.0025664449146630833,0.89155,0.002198733698063502,0.93635,0.0017262484974649506,WITHIN,0.016350000000000087
D1_S3_d2_M100,D1,3,0.5,100,20000,C1,T_DL,0.5836185446046317,0.5,0.5192398202978377,0.5188521463851995,0.0004858343861433825,0.004720701015186346,0.06870735779511788,0.26884382741783713,1.0,7.071067811865475e-153,0.06235,0.0017097145595098616,0.8395,0.0025955707464833237,0.93765,0.0017097145595098618,0.94575,0.001601670026878196,0.94575,0.001601670026878196,WITHIN,0.02575000000000005
D1_S3_d2_M100,D1,3,0.5,100,20000,C2,T_DL,0.5836185446046317,0.5,0.5192398202978377,0.5188521463851995,0.0004858343861433825,0.004720701015186346,0.06870735779511788,0.26800371352569585,1.0,7.071067811865475e-153,0.0626,0.0017129103887827874,0.83945,0.002595897701181616,0.9374,0.0017129103887827872,0.94655,0.0015904888792443663,0.94655,0.0015904888792443663,WITHIN,0.026550000000000074
D1_S3_d2_M100,D1,3,0.5,100,20000,C3,T3,0.5836185446046317,0.5,0.5192398202978377,0.4995979654993044,0.0005056712366541902,0.005114067991587562,0.07151271209783308,0.2806894819695791,1.0,7.071067811865475e-153,0.051,0.001555618847918731,0.7796,0.002931073523472245,0.949,0.0015556188479187317,0.9397,0.0016832098799614982,0.949,0.0015556188479187317,WITHIN,0.029000000000000026
D1_S4_d1_M3,D1,4,0.0,3,20000,P1,T2,0.0,0.0,0.0,0.004679676975560195,0.004890352926943907,0.4783110350013769,0.6916003434075035,12.819288865141445,0.0099,0.0007000710678209749,0.0099,0.0007000710678209749,0.9901,0.0007000710678209755,0.9901,0.0007000710678209755,0.9901,0.0007000710678209755,0.9901,0.0007000710678209755,OUTSIDE_ABOVE,0.010099999999999998
D1_S4_d1_M3,D1,4,0.0,3,20000,C1,T_DL,0.0,0.0,0.0,0.0029765982575405384,0.004544618784848714,0.4130711979919961,0.6427061521348587,2.240223919423957,0.17455,0.002684048225162879,0.17455,0.002684048225162879,0.82545,0.002684048225162879,0.82545,0.002684048225162879,0.82545,0.002684048225162879,0.82545,0.002684048225162879,OUTSIDE_BELOW,0.09454999999999991
D1_S4_d1_M3,D1,4,0.0,3,20000,C2,T_DL,0.0,0.0,0.0,0.0029765982575405384,0.004544618784848714,0.4130711979919961,0.6427061521348587,4.796449181059462,0.0564,0.0016312424712469939,0.0564,0.0016312424712469939,0.9436,0.0016312424712469939,0.9436,0.0016312424712469939,0.9436,0.0016312424712469939,0.9436,0.0016312424712469939,WITHIN,0.023600000000000065
D1_S4_d1_M3,D1,4,0.0,3,20000,C3,T3,0.0,0.0,0.0,0.0029670356114421983,0.004553086548061696,0.4146119422828075,0.643903674692735,4.896572714558283,0.04615,0.0014835797501314178,0.04615,0.0014835797501314178,0.95385,0.0014835797501314182,0.95385,0.0014835797501314182,0.95385,0.0014835797501314182,0.95385,0.0014835797501314182,WITHIN,0.026150000000000007
D1_S4_d1_M5,D1,4,0.0,5,20000,P1,T2,0.0,0.0,0.0,-0.0025239623977384214,0.003907396398904619,0.30535493236345573,0.5525892980898705,2.8248636498973814,0.0625,0.0017116329922036442,0.0625,0.0017116329922036442,0.9375,0.0017116329922036442,0.9375,0.0017116329922036442,0.9375,0.0017116329922036442,0.9375,0.0017116329922036442,WITHIN,0.01750000000000007
D1_S4_d1_M5,D1,4,0.0,5,20000,C1,T_DL,0.0,0.0,0.0,-0.0028812203647477657,0.0035137405409964998,0.24692745178884748,0.4969179527737426,1.8148895971785408,0.12635,0.0023493156184301845,0.12635,0.0023493156184301845,0.87365,0.002349315618430184,0.87365,0.002349315618430184,0.87365,0.002349315618430184,0.87365,0.002349315618430184,OUTSIDE_BELOW,0.04634999999999989
D1_S4_d1_M5,D1,4,0.0,5,20000,C2,T_DL,0.0,0.0,0.0,-0.0028812203647477657,0.0035137405409964998,0.24692745178884748,0.4969179527737426,2.561867590970129,0.05835,0.0016574872171452786,0.05835,0.0016574872171452786,0.94165,0.0016574872171452788,0.94165,0.0016574872171452788,0.94165,0.0016574872171452788,0.94165,0.0016574872171452788,WITHIN,0.021650000000000058
D1_S4_d1_M5,D1,4,0.0,5,20000,C3,T3,0.0,0.0,0.0,-0.0027965722866358815,0.003533917588545111,0.2497714704525698,0.49977141820293186,2.6096265000345573,0.05035,0.0015462030510253173,0.05035,0.0015462030510253173,0.94965,0.0015462030510253173,0.94965,0.0015462030510253173,0.94965,0.0015462030510253173,0.94965,0.0015462030510253173,WITHIN,0.029650000000000065
D1_S4_d1_M10,D1,4,0.0,10,59516,P1,T2,0.0,0.0,0.0,0.0004364594831319111,0.0016675094102381232,0.16548945357947697,0.4068039498081072,1.6244876545556608,0.07776060219100746,0.0010977028092283988,0.07776060219100746,0.0010977028092283988,0.9222393978089926,0.0010977028092283986,0.9222393978089926,0.0010977028092283986,0.9222393978089926,0.0010977028092283986,0.9222393978089926,0.0010977028092283986,WITHIN,0.002239397808992627
D1_S4_d1_M10,D1,4,0.0,10,59516,C1,T_DL,0.0,0.0,0.0,0.00045581714314095863,0.0014364966879138155,0.12281261905979823,0.35044631409075805,1.3265518300768842,0.08669937495799449,0.0011534479277871769,0.08669937495799449,0.0011534479277871769,0.9133006250420055,0.0011534479277871773,0.9133006250420055,0.0011534479277871773,0.9133006250420055,0.0011534479277871773,0.9133006250420055,0.0011534479277871773,OUTSIDE_BELOW,0.006699374957994442
D1_S4_d1_M10,D1,4,0.0,10,59516,C2,T_DL,0.0,0.0,0.0,0.00045581714314095863,0.0014364966879138155,0.12281261905979823,0.35044631409075805,1.5313882220647883,0.05213724040594126,0.0009112339312814001,0.05213724040594126,0.0009112339312814001,0.9478627595940587,0.0009112339312814001,0.9478627595940587,0.0009112339312814001,0.9478627595940587,0.0009112339312814001,0.9478627595940587,0.0009112339312814001,WITHIN,0.027862759594058817
D1_S4_d1_M10,D1,4,0.0,10,59516,C3,T3,0.0,0.0,0.0,0.00022927232206224656,0.0014460711812255133,0.12445520868945034,0.3527820980285853,1.5533193211797578,0.04931447005847167,0.0008875416848295242,0.04931447005847167,0.0008875416848295242,0.9506855299415283,0.0008875416848295242,0.9506855299415283,0.0008875416848295242,0.9506855299415283,0.0008875416848295242,0.9506855299415283,0.0008875416848295242,WITHIN,0.029314470058471653
D1_S4_d1_M30,D1,4,0.0,30,20000,P1,T2,0.0,0.0,0.0,-0.0010910055594573664,0.0017073424197260668,0.05830036276392121,0.2414546805591501,0.928325401797827,0.0641,0.0017319236415038626,0.0641,0.0017319236415038626,0.9359,0.0017319236415038633,0.9359,0.0017319236415038633,0.9359,0.0017319236415038633,0.9359,0.0017319236415038633,WITHIN,0.015900000000000025
D1_S4_d1_M30,D1,4,0.0,30,20000,C1,T_DL,0.0,0.0,0.0,-0.002231485768208131,0.0014200872973894067,0.040332958644134984,0.20083067157218537,0.7815581761141167,0.059,0.0016661182431028118,0.059,0.0016661182431028118,0.941,0.0016661182431028125,0.941,0.0016661182431028125,0.941,0.0016661182431028125,0.941,0.0016661182431028125,WITHIN,0.02100000000000002
D1_S4_d1_M30,D1,4,0.0,30,20000,C2,T_DL,0.0,0.0,0.0,-0.002231485768208131,0.0014200872973894067,0.040332958644134984,0.20083067157218537,0.8156408309409972,0.0489,0.0015249391791150228,0.0489,0.0015249391791150228,0.9511,0.0015249391791150237,0.9511,0.0015249391791150237,0.9511,0.0015249391791150237,0.9511,0.0015249391791150237,WITHIN,0.028900000000000037
D1_S4_d1_M30,D1,4,0.0,30,20000,C3,T3,0.0,0.0,0.0,-0.002448218320925235,0.0014338603207781561,0.04111910839004074,0.2027784712193105,0.8243226749209392,0.04845,0.0015182654165197863,0.04845,0.0015182654165197863,0.95155,0.001518265416519786,0.95155,0.001518265416519786,0.95155,0.001518265416519786,0.95155,0.001518265416519786,WITHIN,0.028449999999999975
D1_S4_d1_M100,D1,4,0.0,100,20000,P1,T2,0.0,0.0,0.0,0.0005772399647174057,0.0009526688159045283,0.018151557455938723,0.13472771599021013,0.5222440633239473,0.05735,0.0016440951538764415,0.05735,0.0016440951538764415,0.94265,0.0016440951538764417,0.94265,0.0016440951538764417,0.94265,0.0016440951538764417,0.94265,0.0016440951538764417,WITHIN,0.02265000000000006
D1_S4_d1_M100,D1,4,0.0,100,20000,C1,T_DL,0.0,0.0,0.0,-0.0001723665334805201,0.0007764239488321315,0.012056682966401607,0.10980292785896743,0.4315786744779568,0.0524,0.001575662400389119,0.0524,0.001575662400389119,0.9476,0.001575662400389119,0.9476,0.001575662400389119,0.9476,0.001575662400389119,0.9476,0.001575662400389119,WITHIN,0.02760000000000007
D1_S4_d1_M100,D1,4,0.0,100,20000,C2,T_DL,0.0,0.0,0.0,-0.0001723665334805201,0.0007764239488321315,0.012056682966401607,0.10980292785896743,0.4370609549174385,0.0487,0.001521977496548487,0.0487,0.001521977496548487,0.9513,0.0015219774965484867,0.9513,0.0015219774965484867,0.9513,0.0015219774965484867,0.9513,0.0015219774965484867,WITHIN,0.028699999999999948
D1_S4_d1_M100,D1,4,0.0,100,20000,C3,T3,0.0,0.0,0.0,-0.0002612211004553731,0.0007839865319740618,0.012292697646334335,0.11087243862355664,0.4412675422285458,0.0486,0.0015204939986727998,0.0486,0.0015204939986727998,0.9514,0.0015204939986727996,0.9514,0.0015204939986727996,0.9514,0.0015204939986727996,0.9514,0.0015204939986727996,WITHIN,0.02859999999999996
D1_S4_d2_M3,D1,4,0.5,3,1000000,P1,T2,0.5,0.5,0.5,0.5006857365060223,0.0006920390733619057,0.4789180790596051,0.6920390733619057,12.855507410341616,0.016016,0.0001255367983660568,0.009974,9.937061599889576e-05,0.990026,9.937061599889595e-05,0.990026,9.937061599889595e-05,0.990026,9.937061599889595e-05,0.990026,9.937061599889595e-05,OUTSIDE_ABOVE,0.01002599999999998
D1_S4_d2_M3,D1,4,0.5,3,1000000,C1,T_DL,0.5,0.5,0.5,0.5007400430166692,0.0006419796843933954,0.41213791517384346,0.6419796843933954,2.244382328203321,0.259343,0.00043827412466514604,0.174488,0.0003795285731746689,0.825512,0.0003795285731746689,0.825512,0.0003795285731746689,0.825512,0.0003795285731746689,0.825512,0.0003795285731746689,OUTSIDE_BELOW,0.0944879999999999
D1_S4_d2_M3,D1,4,0.5,3,1000000,C2,T_DL,0.5,0.5,0.5,0.5007400430166692,0.0006419796843933954,0.41213791517384346,0.6419796843933954,4.807765205547942,0.090073,0.0002862863158989616,0.059909,0.0002373181655899944,0.940091,0.0002373181655899944,0.940091,0.0002373181655899944,0.940091,0.0002373181655899944,0.940091,0.0002373181655899944,WITHIN,0.02009100000000008
D1_S4_d2_M3,D1,4,0.5,3,1000000,C3,T3,0.5,0.5,0.5,0.5008663628628915,0.0006432571200287055,0.41377972246762446,0.6432571200287055,4.906792234718614,0.077441,0.0002672899016405221,0.049423,0.00021674954918292217,0.950577,0.00021674954918292217,0.950577,0.00021674954918292217,0.950577,0.00021674954918292217,0.950577,0.00021674954918292217,WITHIN,0.029422999999999977
D1_S4_d2_M5,D1,4,0.5,5,27016,P1,T2,0.5,0.5,0.5,0.4988694657174169,0.0033755951956769576,0.3078376732638899,0.5548312115084099,2.803876877603648,0.13658572697660645,0.002089304536670721,0.06336985490079952,0.001482227607999633,0.9366301450992005,0.0014822276079996329,0.9366301450992005,0.0014822276079996329,0.9366301450992005,0.0014822276079996329,0.9366301450992005,0.0014822276079996329,WITHIN,0.016630145099200577
D1_S4_d2_M5,D1,4,0.5,5,27016,C1,T_DL,0.5,0.5,0.5,0.5009882585788632,0.0030232242018260838,0.24692312166488006,0.49691359577383276,1.8017307122840045,0.2639176784127924,0.0026815562475123447,0.12714687592537754,0.002026809393427472,0.8728531240746225,0.002026809393427472,0.8728531240746225,0.002026809393427472,0.8728531240746225,0.002026809393427472,0.8728531240746225,0.002026809393427472,OUTSIDE_BELOW,0.047146875925377474
D1_S4_d2_M5,D1,4,0.5,5,27016,C2,T_DL,0.5,0.5,0.5,0.5009882585788632,0.0030232242018260838,0.24692312166488006,0.49691359577383276,2.536730681184008,0.1344018359490672,0.0020751535618831513,0.056151909979271546,0.0014006279655897136,0.9438480900207284,0.0014006279655897136,0.9438480900207284,0.0014006279655897136,0.9438480900207284,0.0014006279655897136,0.9438480900207284,0.0014006279655897136,WITHIN,0.02384809002072852
D1_S4_d2_M5,D1,4,0.5,5,27016,C3,T3,0.5,0.5,0.5,0.5016049596313663,0.0030327416814436,0.24848025722556644,0.49847794056062944,2.583921571518018,0.12344536570920936,0.0020013192217291807,0.050007403020432335,0.0013260708773867023,0.9499925969795676,0.001326070877386703,0.9499925969795676,0.001326070877386703,0.9499925969795676,0.001326070877386703,0.9499925969795676,0.001326070877386703,WITHIN,0.029992596979567687
D1_S4_d2_M10,D1,4,0.5,10,233643,P1,T2,0.5,0.5,0.5,0.49960191419036487,0.000842837911365407,0.16597432015043756,0.4073994601744553,1.6217110845264906,0.269886108293422,0.0009183520173220292,0.07862850588290683,0.0005568407508946988,0.9213714941170932,0.0005568407508946988,0.9213714941170932,0.0005568407508946988,0.9213714941170932,0.0005568407508946988,0.9213714941170932,0.0005568407508946988,WITHIN,0.0013714941170932526
D1_S4_d2_M10,D1,4,0.5,10,233643,C1,T_DL,0.5,0.5,0.5,0.4992964354271791,0.0007265195593335301,0.12332394125281612,0.3511750863213621,1.3246098845966494,0.3409432339081419,0.000980677164330346,0.08817298185693558,0.0005866074919464471,0.9118270181430644,0.0005866074919464471,0.9118270181430644,0.0005866074919464471,0.9118270181430644,0.0005866074919464471,0.9118270181430644,0.0005866074919464471,OUTSIDE_BELOW,0.00817298185693549
D1_S4_d2_M10,D1,4,0.5,10,233643,C2,T_DL,0.5,0.5,0.5,0.4992964354271791,0.0007265195593335301,0.12332394125281612,0.3511750863213621,1.5293603963380422,0.2540457022037895,0.0009006076866443715,0.054043990190161914,0.0004677704537775109,0.9459560098098381,0.00046777045377751096,0.9459560098098381,0.00046777045377751096,0.9459560098098381,0.00046777045377751096,0.9459560098098381,0.00046777045377751096,WITHIN,0.025956009809838143
D1_S4_d2_M10,D1,4,0.5,10,233643,C3,T3,0.5,0.5,0.5,0.4991745868539423,0.0007312329620373575,0.12492929638898018,0.35345338644435165,1.5515253823752495,0.24590507740441614,0.0008908823797540039,0.05043164143586583,0.0004527289662648292,0.9495683585641341,0.0004527289662648294,0.9495683585641341,0.0004527289662648294,0.9495683585641341,0.0004527289662648294,0.9495683585641341,0.0004527289662648294,WITHIN,0.0295683585641342
D1_S4_d2_M30,D1,4,0.5,30,20000,P1,T2,0.5,0.5,0.5,0.4982076230998964,0.0017230786642444997,0.05938000166349219,0.2436801216010288,0.9295800785624074,0.5682,0.0035024902569457633,0.06765,0.001775858630353216,0.93235,0.0017758586303532158,0.93235,0.0017758586303532158,0.93235,0.0017758586303532158,0.93235,0.0017758586303532158,WITHIN,0.012350000000000083
D1_S4_d2_M30,D1,4,0.5,30,20000,C1,T_DL,0.5,0.5,0.5,0.5006418374897207,0.00142349276763125,0.04052663318996952,0.20131227779241265,0.7819601842306223,0.7038,0.003228510182731348,0.0621,0.0017065109141168714,0.9379,0.001706510914116872,0.9379,0.001706510914116872,0.9379,0.001706510914116872,0.9379,0.001706510914116872,WITHIN,0.017900000000000027
D1_S4_d2_M30,D1,4,0.5,30,20000,C2,T_DL,0.5,0.5,0.5,0.5006418374897207,0.00142349276763125,0.04052663318996952,0.20131227779241265,0.8167452375328343,0.6743,0.0033137554979207505,0.0512,0.0015585018447213978,0.9488,0.0015585018447213982,0.9488,0.0015585018447213982,0.9488,0.0015585018447213982,0.9488,0.0015585018447213982,WITHIN,0.028800000000000048
D1_S4_d2_M30,D1,4,0.5,30,20000,C3,T3,0.5,0.5,0.5,0.5010444933456486,0.0014347205684980904,0.04116846219342968,0.20290012861856366,0.8257830038055439,0.6659,0.0033352450434713187,0.0499,0.0015396426533452493,0.9501,0.0015396426533452502,0.9501,0.0015396426533452502,0.9501,0.0015396426533452502,0.9501,0.0015396426533452502,WITHIN,0.029900000000000038
D1_S4_d2_M100,D1,4,0.5,100,20000,P1,T2,0.5,0.5,0.5,0.4995375412473283,0.0009486502461595052,0.017998745790769793,0.13415940440673474,0.5229669295260109,0.9527,0.001501044802795706,0.05365,0.0015932934051831132,0.94635,0.0015932934051831127,0.94635,0.0015932934051831127,0.94635,0.0015932934051831127,0.94635,0.0015932934051831127,WITHIN,0.026350000000000096
D1_S4_d2_M100,D1,4,0.5,100,20000,C1,T_DL,0.5,0.5,0.5,0.49940149307889387,0.0007756090144729215,0.012031386866633131,0.10968767873664358,0.4319002065340681,0.99465,0.0005158186454559376,0.0543,0.001602365594987611,0.9457,0.001602365594987611,0.9457,0.001602365594987611,0.9457,0.001602365594987611,0.9457,0.001602365594987611,WITHIN,0.025700000000000056
D1_S4_d2_M100,D1,4,0.5,100,20000,C2,T_DL,0.5,0.5,0.5,0.49940149307889387,0.0007756090144729215,0.012031386866633131,0.10968767873664358,0.4371973327209844,0.9945,0.0005229603235428071,0.0504,0.0015469298626634629,0.9496,0.0015469298626634629,0.9496,0.0015469298626634629,0.9496,0.0015469298626634629,0.9496,0.0015469298626634629,WITHIN,0.02960000000000007
D1_S4_d2_M100,D1,4,0.5,100,20000,C3,T3,0.5,0.5,0.5,0.49943952545896236,0.0007826565501571663,0.01225102551007834,0.11068435079124031,0.44139252674700147,0.99405,0.0005438105138740888,0.04905,0.0015271558122863561,0.95095,0.0015271558122863568,0.95095,0.0015271558122863568,0.95095,0.0015271558122863568,0.95095,0.0015271558122863568,WITHIN,0.02905000000000002
D1_S5_d1_M3,D1,5,0.0,3,20000,P1,T2,0.08361854460463167,0.0,0.007520030420393065,0.03153820182970408,0.0049731284300644435,0.4946401276383048,0.7033065673220354,12.91324791849403,0.0098,0.0006965615550688969,0.0098,0.0006965615550688969,0.9903,0.000693033548971478,0.9902,0.0006965615550688981,0.9901,0.0007000710678209755,0.9903,0.000693033548971478,OUTSIDE_ABOVE,0.010299999999999976
D1_S5_d1_M3,D1,5,0.0,3,20000,C1,T_DL,0.08361854460463167,0.0,0.007520030420393065,0.0016446695049451207,0.004558485152178038,0.4155957376525526,0.6446671526086564,2.2634198812394026,0.17165,0.0026663296636012584,0.17165,0.0026663296636012584,0.825,0.002686773157525585,0.82835,0.0026663296636012584,0.8281,0.002667867968996967,0.8281,0.002667867968996967,OUTSIDE_BELOW,0.09189999999999998
D1_S5_d1_M3,D1,5,0.0,3,20000,C2,T_DL,0.08361854460463167,0.0,0.007520030420393065,0.0016446695049451207,0.004558485152178038,0.4155957376525526,0.6446671526086564,4.845695285821616,0.0603,0.001683209879961498,0.0603,0.001683209879961498,0.9394,0.0016871224021984888,0.9397,0.0016832098799614982,0.9397,0.0016832098799614982,0.9397,0.0016832098799614982,WITHIN,0.01970000000000005
D1_S5_d1_M3,D1,5,0.0,3,20000,C3,T3,0.08361854460463167,0.0,0.007520030420393065,-0.0031976758576848625,0.00457026758957129,0.4177469168057153,0.6463334408845912,4.94622720796095,0.04945,0.0015330475775395883,0.04945,0.0015330475775395883,0.9499,0.001542562640543327,0.95055,0.0015330475775395883,0.9507,0.001530841435289756,0.95055,0.0015330475775395883,WITHIN,0.029449999999999976
D1_S5_d1_M5,D1,5,0.0,5,20000,P1,T2,0.08361854460463167,0.0,0.007520030420393065,0.05246120803367462,0.003985198696811998,0.31763617306144104,0.5635922045783113,2.8230301689189,0.06355,0.0017249840216651282,0.06355,0.0017249840216651282,0.9352,0.0017407033061380675,0.93645,0.0017249840216651282,0.93645,0.0017249840216651282,0.9352,0.0017407033061380675,WITHIN,0.015200000000000102
D1_S5_d1_M5,D1,5,0.0,5,20000,C1,T_DL,0.08361854460463167,0.0,0.007520030420393065,0.00608094296830937,0.003521571706976704,0.24802934574757635,0.4980254468875826,1.8167843093292504,0.12765,0.002359613077392139,0.12765,0.002359613077392139,0.87025,0.0023760780448040843,0.87235,0.0023596130773921396,0.8721,0.002361584108178237,0.8721,0.002361584108178237,OUTSIDE_BELOW,0.04789999999999994
D1_S5_d1_M5,D1,5,0.0,5,20000,C2,T_DL,0.08361854460463167,0.0,0.007520030420393065,0.00608094296830937,0.003521571706976704,0.24802934574757635,0.4980254468875826,2.563462913538521,0.0576,0.0016474562209661293,0.0576,0.0016474562209661293,0.94055,0.00167206006919608,0.9424,0.0016474562209661291,0.9422,0.0016501387820422857,0.9422,0.0016501387820422857,WITHIN,0.02220000000000011
D1_S5_d1_M5,D1,5,0.0,5,20000,C3,T3,0.08361854460463167,0.0,0.007520030420393065,0.0006452557570641794,0.003527580960887904,0.24887654871237655,0.49887528372567885,2.611895745379087,0.0502,0.0015440200775896666,0.0502,0.0015440200775896666,0.94745,0.001577791137952042,0.9498,0.001544020077589667,0.94945,0.0015491077673938634,0.9498,0.001544020077589667,WITHIN,0.02980000000000005
D1_S5_d1_M10,D1,5,0.0,10,73677,P1,T2,0.08361854460463167,0.0,0.007520030420393065,0.06406013454949822,0.0015282883941079828,0.17208482082259405,0.41483107504452227,1.6372430752719687,0.08060860241323616,0.001002939986708619,0.08060860241323616,0.001002939986708619,0.920110753695183,0.0009988453411563954,0.9193913975867638,0.0010029399867086193,0.9199885988843194,0.0009995423359737093,0.920110753695183,0.0009988453411563954,WITHIN,0.00011075369518309675
D1_S5_d1_M10,D1,5,0.0,10,73677,C1,T_DL,0.08361854460463167,0.0,0.007520030420393065,0.007185388848308915,0.001292046542653588,0.12299522474166087,0.35070675035086063,1.3323071069807255,0.08647203333469061,0.0010354587261110781,0.08647203333469061,0.0010354587261110781,0.90820744601436,0.0010637272599546515,0.9135279666653094,0.001035458726111078,0.9136094032058851,0.0010350171609017132,0.9136094032058851,0.0010350171609017132,OUTSIDE_BELOW,0.0063905967941148
D1_S5_d1_M10,D1,5,0.0,10,73677,C2,T_DL,0.08361854460463167,0.0,0.007520030420393065,0.007185388848308915,0.001292046542653588,0.12299522474166087,0.35070675035086063,1.5332749825898306,0.05335450683388303,0.0008279674695479214,0.05335450683388303,0.0008279674695479214,0.9418678827856726,0.0008620592124597392,0.946645493166117,0.000827967469547921,0.9466997841931675,0.0008275698419711916,0.9466997841931675,0.0008275698419711916,WITHIN,0.02669978419316754
D1_S5_d1_M10,D1,5,0.0,10,73677,C3,T3,0.08361854460463167,0.0,0.007520030420393065,0.0002976528392431753,0.0012997775522416326,0.12447152150867694,0.35280521751906807,1.555050377029654,0.050327782075817416,0.0008054244245741272,0.050327782075817416,0.0008054244245741272,0.9454782360845311,0.0008364591768226034,0.9496722179241825,0.0008054244245741275,0.949767227221521,0.0008047040712477665,0.9496722179241825,0.0008054244245741275,WITHIN,0.02967221792418262
D1_S5_d1_M30,D1,5,0.0,30,20000,P1,T2,0.08361854460463167,0.0,0.007520030420393065,0.0726199684092998,0.0017758001389099744,0.06306932266705369,0.2511360640510512,0.950443928756071,0.0719,0.0018266142176168454,0.0719,0.0018266142176168454,0.93265,0.0017722017026851095,0.9281,0.001826614217616845,0.9306,0.0017969924874634286,0.93265,0.0017722017026851095,WITHIN,0.01265000000000005
D1_S5_d1_M30,D1,5,0.0,30,20000,C1,T_DL,0.08361854460463167,0.0,0.007520030420393065,0.004984304540465848,0.0014232329000426701,0.040511837755277384,0.20127552696559356,0.7902920467837775,0.05765,0.0016481273843365384,0.05765,0.0016481273843365384,0.9242,0.0018715549684687328,0.94235,0.0016481273843365382,0.94305,0.0016386991410872215,0.94305,0.0016386991410872215,WITHIN,0.023050000000000126
D1_S5_d1_M30,D1,5,0.0,30,20000,C2,T_DL,0.08361854460463167,0.0,0.007520030420393065,0.004984304540465848,0.0014232329000426701,0.040511837755277384,0.20127552696559356,0.8202784545578048,0.04785,0.0015093107284452729,0.04785,0.0015093107284452729,0.936,0.0017306646122227142,0.95215,0.001509310728445272,0.9519,0.0015130497348071548,0.9519,0.0015130497348071548,WITHIN,0.028100000000000014
D1_S5_d1_M30,D1,5,0.0,30,20000,C3,T3,0.08361854460463167,0.0,0.007520030420393065,-0.0021582202708627664,0.0014365486334697447,0.04127343952647582,0.20315865604614494,0.8286254948617585,0.04735,0.001501798546743204,0.04735,0.001501798546743204,0.93405,0.0017550013888883388,0.95265,0.001501798546743204,0.9531,0.0014949981605339863,0.95265,0.001501798546743204,WITHIN,0.027349999999999985
D1_S5_d1_M100,D1,5,0.0,100,20000,P1,T2,0.08361854460463167,0.0,0.007520030420393065,0.08166920220454202,0.0009995594773992375,0.019982382977172742,0.1413590569336565,0.5388141515993055,0.09065,0.0020301795179244616,0.09065,0.0020301795179244616,0.942,0.001652815779208319,0.90935,0.002030179517924462,0.9158,0.001963547300168754,0.942,0.001652815779208319,WITHIN,0.02200000000000002
D1_S5_d1_M100,D1,5,0.0,100,20000,C1,T_DL,0.08361854460463167,0.0,0.007520030420393065,0.00839109493460149,0.0007792081002509389,0.012143305269933546,0.11019666632858521,0.436089190477834,0.0511,0.0015570611741354287,0.0511,0.0015570611741354287,0.89645,0.002154383873639979,0.9489,0.0015570611741354292,0.9505,0.0015337820901288421,0.9505,0.0015337820901288421,WITHIN,0.02949999999999997
D1_S5_d1_M100,D1,5,0.0,100,20000,C2,T_DL,0.08361854460463167,0.0,0.007520030420393065,0.00839109493460149,0.0007792081002509389,0.012143305269933546,0.11019666632858521,0.4387532233655342,0.0489,0.0015249391791150228,0.0489,0.0015249391791150228,0.9007,0.002114704589298468,0.9511,0.0015249391791150237,0.95245,0.0015048089164408879,0.95245,0.0015048089164408879,WITHIN,0.027549999999999963
D1_S5_d1_M100,D1,5,0.0,100,20000,C3,T3,0.08361854460463167,0.0,0.007520030420393065,0.0010813891430815998,0.0007855284689779643,0.012341099511497294,0.11109050144588102,0.44272142052203706,0.0482,0.0015145421750482882,0.0482,0.0015145421750482882,0.8896,0.0022159855595197367,0.9518,0.0015145421750482886,0.9515,0.0015190087228189309,0.9518,0.0015145421750482886,WITHIN,0.028200000000000003
D1_S5_d2_M3,D1,5,0.5,3,20000,P1,T2,0.5836185446046317,0.5,0.5075200304203931,0.5418379390668407,0.004978962257961854,0.4958013033241721,0.7041315951753423,12.954035462326848,0.01725,0.000920663823010332,0.01005,0.0007053012654178355,0.9902,0.0006965615550688981,0.98995,0.0007053012654178356,0.98995,0.0007053012654178356,0.9902,0.0006965615550688981,OUTSIDE_ABOVE,0.010199999999999987
D1_S5_d2_M3,D1,5,0.5,3,20000,C1,T_DL,0.5836185446046317,0.5,0.5075200304203931,0.5118631255747974,0.004571915243784464,0.4180481799269752,0.6465664543780285,2.263306839380747,0.26255,0.003111410431781702,0.17575,0.0026913002201538203,0.8226,0.0027011964015968924,0.82425,0.00269130022015382,0.82415,0.002691902463871973,0.82415,0.002691902463871973,OUTSIDE_BELOW,0.09584999999999988
D1_S5_d2_M3,D1,5,0.5,3,20000,C2,T_DL,0.5836185446046317,0.5,0.5075200304203931,0.5118631255747974,0.004571915243784464,0.4180481799269752,0.6465664543780285,4.8446761331319115,0.09165,0.00204022397667511,0.05925,0.001669422617254241,0.94035,0.0016746921732067655,0.94075,0.0016694226172542413,0.94055,0.00167206006919608,0.94055,0.00167206006919608,WITHIN,0.020550000000000068
D1_S5_d2_M3,D1,5,0.5,3,20000,C3,T3,0.5836185446046317,0.5,0.5075200304203931,0.5074040199491977,0.004571162787668149,0.4179105846272408,0.64646004101355,4.942430673082219,0.081,0.0019292355999203416,0.05015,0.0015432915716092018,0.95005,0.0015403732907967478,0.94985,0.0015432915716092023,0.94995,0.0015418332837891396,0.94985,0.0015432915716092023,WITHIN,0.029850000000000043
D1_S5_d2_M5,D1,5,0.5,5,20000,P1,T2,0.5836185446046317,0.5,0.5075200304203931,0.5473950291437302,0.003996263217225025,0.3194023940269141,0.5651569640612368,2.8314455847385025,0.1444,0.0024854440247167107,0.06175,0.0017020125954293052,0.93815,0.0017032994085010417,0.93825,0.001702012595429305,0.9384,0.0017000799981177356,0.93815,0.0017032994085010417,WITHIN,0.01815000000000011
D1_S5_d2_M5,D1,5,0.5,5,20000,C1,T_DL,0.5836185446046317,0.5,0.5075200304203931,0.5033866768450984,0.003540947256112007,0.25076614941134306,0.5007655633241398,1.8186591807122907,0.2643,0.0031180563657509466,0.1292,0.0023717858250693717,0.8685,0.002389641709545596,0.8708,0.0023717858250693717,0.87075,0.0023721766112581076,0.87075,0.0023721766112581076,OUTSIDE_BELOW,0.049249999999999905
D1_S5_d2_M5,D1,5,0.5,5,20000,C2,T_DL,0.5836185446046317,0.5,0.5075200304203931,0.5033866768450984,0.003540947256112007,0.25076614941134306,0.5007655633241398,2.5615411748380166,0.13455,0.002412947341945116,0.05775,0.0016494686644492524,0.93985,0.001681249200743305,0.94225,0.0016494686644492518,0.9418,0.0016554872394555027,0.9418,0.0016554872394555027,WITHIN,0.02180000000000004
D1_S5_d2_M5,D1,5,0.5,5,20000,C3,T3,0.5836185446046317,0.5,0.5075200304203931,0.4972401555065053,0.003553157624122562,0.25249858203720577,0.5024923701283491,2.6069712800828673,0.1224,0.0023175228154216736,0.05075,0.00155200575868777,0.94625,0.0015946933482648,0.94925,0.0015520057586877693,0.9491,0.0015541748614618619,0.94925,0.0015520057586877693,WITHIN,0.02925000000000011
D1_S5_d2_M10,D1,5,0.5,10,24999,P1,T2,0.5836185446046317,0.5,0.5075200304203931,0.566230969869183,0.002617940239900228,0.17133342388112188,0.41392441807789243,1.6428884552280296,0.30049201968078726,0.002899689459151846,0.07792311692467699,0.0016953345266651936,0.9225169006760271,0.0016909444454060777,0.922076883075323,0.001695334526665194,0.922636905476219,0.0016897443755259567,0.9225169006760271,0.0016909444454060777,WITHIN,0.0025169006760271673
D1_S5_d2_M10,D1,5,0.5,10,24999,C1,T_DL,0.5836185446046317,0.5,0.5075200304203931,0.5092106238265308,0.0022119823534742897,0.12231675543610931,0.34973812408158955,1.336293116174855,0.34613384535381414,0.0030088819174224103,0.08512340493619745,0.001764998879198615,0.9099963998559942,0.0018100411968157836,0.9148765950638026,0.0017649988791986148,0.9147165886635465,0.0017665024383581864,0.9147165886635465,0.0017665024383581864,BOUNDARY_BELOW,0.005283411336453381
D1_S5_d2_M10,D1,5,0.5,10,24999,C2,T_DL,0.5836185446046317,0.5,0.5075200304203931,0.5092106238265308,0.0022119823534742897,0.12231675543610931,0.34973812408158955,1.5388734179924306,0.2604104164166567,0.002775640723291002,0.052122084883395335,0.0014058072335107862,0.9445577823112925,0.0014473489282876564,0.9478779151166047,0.001405807233510786,0.9479979199167967,0.0014042768351525726,0.9479979199167967,0.0014042768351525726,WITHIN,0.027997919916796787
D1_S5_d2_M10,D1,5,0.5,10,24999,C3,T3,0.5836185446046317,0.5,0.5075200304203931,0.5026558362661457,0.0022276971335925115,0.12406090034088829,0.3522227992917101,1.5603984364409889,0.24860994439777592,0.0027335728442081457,0.0485219408776351,0.0013589614991964811,0.9469578783151326,0.0014174718937404677,0.9514780591223649,0.0013589614991964805,0.9511180447217888,0.0013637355975579747,0.9514780591223649,0.0013589614991964805,WITHIN,0.028521940877635044
D1_S5_d2_M30,D1,5,0.5,30,20000,P1,T2,0.5836185446046317,0.5,0.5075200304203931,0.5739159394101054,0.0017901381529405469,0.06409189213226785,0.25316376544100433,0.9495215284497152,0.65905,0.0033518882551481334,0.0757,0.0018704212092467301,0.93045,0.0017987884464272057,0.9243,0.00187042120924673,0.92685,0.001841182738078978,0.93045,0.0017987884464272057,WITHIN,0.01045000000000007
D1_S5_d2_M30,D1,5,0.5,30,20000,C1,T_DL,0.5836185446046317,0.5,0.5075200304203931,0.5060397927116663,0.001435478851012952,0.0412119906341093,0.20300736596022642,0.7898084708875708,0.7015,0.003235720553447099,0.0602,0.0016819030887658183,0.92295,0.0018856470706364958,0.9398,0.0016819030887658187,0.93965,0.0016838627838989732,0.93965,0.0016838627838989732,WITHIN,0.019650000000000056
D1_S5_d2_M30,D1,5,0.5,30,20000,C2,T_DL,0.5836185446046317,0.5,0.5075200304203931,0.5060397927116663,0.001435478851012952,0.0412119906341093,0.20300736596022642,0.8203546852547635,0.6772,0.0033060562608642945,0.0491,0.0015278938117552542,0.93505,0.0017425770786395642,0.9509,0.0015278938117552546,0.95115,0.001524199421007631,0.95115,0.001524199421007631,WITHIN,0.02884999999999993
D1_S5_d2_M30,D1,5,0.5,30,20000,C3,T3,0.5836185446046317,0.5,0.5075200304203931,0.4986069063683601,0.0014452514254669248,0.04177503365628357,0.20438941669343735,0.8287754060221342,0.6563,0.0033583501157562474,0.04935,0.0015315772507451266,0.93415,0.001753764201653118,0.95065,0.0015315772507451266,0.95065,0.0015315772507451266,0.95065,0.0015315772507451266,WITHIN,0.029349999999999987
D1_S5_d2_M100,D1,5,0.5,100,20000,P1,T2,0.5836185446046317,0.5,0.5075200304203931,0.5810006565337082,0.0009929477329976872,0.019718904009304927,0.1404240150732948,0.5382494226317053,0.98865,0.0007490386338500829,0.0871,0.001993910604816575,0.94115,0.001664131567815477,0.9129,0.0019939106048165746,0.91965,0.0019221586497997509,0.94115,0.001664131567815477,WITHIN,0.021150000000000113
D1_S5_d2_M100,D1,5,0.5,100,20000,C1,T_DL,0.5836185446046317,0.5,0.5075200304203931,0.5075591296734996,0.0007829822778402956,0.012261224948239557,0.11073041564195249,0.43598158707942186,0.99465,0.0005158186454559376,0.04965,0.0015359830321328423,0.89205,0.002194274339046966,0.95035,0.0015359830321328418,0.9501,0.0015396426533452502,0.9501,0.0015396426533452502,WITHIN,0.029900000000000038
D1_S5_d2_M100,D1,5,0.5,100,20000,C2,T_DL,0.5836185446046317,0.5,0.5075200304203931,0.5075591296734996,0.0007829822778402956,0.012261224948239557,0.11073041564195249,0.43877003023653843,0.99485,0.0005061362217822385,0.04845,0.0015182654165197863,0.8952,0.002165836558930521,0.95155,0.001518265416519786,0.95275,0.001500290596851157,0.95275,0.001500290596851157,WITHIN,0.027249999999999996
D1_S5_d2_M100,D1,5,0.5,100,20000,C3,T3,0.5836185446046317,0.5,0.5075200304203931,0.500199595165608,0.0007890263360541584,0.012451251179740996,0.11158517455173422,0.44274391885503,0.99285,0.0005957716634751938,0.04725,0.0015002905968511566,0.886,0.0022472650043997926,0.95275,0.001500290596851157,0.9525,0.0015040570135470262,0.95275,0.001500290596851157,WITHIN,0.027249999999999996
D2_S1_d1_M5,D2,1,0.0,5,20000,P1,T2,0.0,0.0,0.0,0.000386013013911922,0.00142235690911528,0.04046198353815946,0.20115164314059047,1.1600238590700762,0.03845,0.0013596249023168118,0.03845,0.0013596249023168118,0.96155,0.0013596249023168116,0.96155,0.0013596249023168116,0.96155,0.0013596249023168116,0.96155,0.0013596249023168116,WITHIN,0.018449999999999966
D2_S1_d1_M5,D2,1,0.0,5,20000,C1,T_DL,0.0,0.0,0.0,0.00013224705697430307,0.001483631600317887,0.0440232545092363,0.2098171930734855,0.8648398532265965,0.05035,0.0015462030510253173,0.05035,0.0015462030510253173,0.94965,0.0015462030510253173,0.94965,0.0015462030510253173,0.94965,0.0015462030510253173,0.94965,0.0015462030510253173,WITHIN,0.029650000000000065
D2_S1_d1_M5,D2,1,0.0,5,20000,C2,T_DL,0.0,0.0,0.0,0.00013224705697430307,0.001483631600317887,0.0440232545092363,0.2098171930734855,1.0541905077282991,0.05395,0.0015974886149829049,0.05395,0.0015974886149829049,0.94605,0.0015974886149829057,0.94605,0.0015974886149829057,0.94605,0.0015974886149829057,0.94605,0.0015974886149829057,WITHIN,0.026050000000000018
D2_S1_d1_M5,D2,1,0.0,5,20000,C3,T3,0.0,0.0,0.0,0.0004678279807026614,0.0015447167190200085,0.0477229948403988,0.21845593340625655,1.1271716373319316,0.04535,0.0014712813717980664,0.04535,0.0014712813717980664,0.95465,0.0014712813717980664,0.95465,0.0014712813717980664,0.95465,0.0014712813717980664,0.95465,0.0014712813717980664,WITHIN,0.025349999999999984
D2_S1_d1_M10,D2,1,0.0,10,20000,P1,T2,0.0,0.0,0.0,-0.0007160892133307108,0.0009950471038220388,0.019802374776492545,0.14072091094251965,0.6132403950525113,0.0548,0.0016093004691480086,0.0548,0.0016093004691480086,0.9452,0.001609300469148008,0.9452,0.001609300469148008,0.9452,0.001609300469148008,0.9452,0.001609300469148008,WITHIN,0.02520000000000011
D2_S1_d1_M10,D2,1,0.0,10,20000,C1,T_DL,0.0,0.0,0.0,-0.0006001142951038151,0.0010435279999933362,0.021779013735401843,0.1475771450306647,0.5895730627283681,0.052,0.001569968152543229,0.052,0.001569968152543229,0.948,0.00156996815254323,0.948,0.00156996815254323,0.948,0.00156996815254323,0.948,0.00156996815254323,WITHIN,0.028000000000000025
D2_S1_d1_M10,D2,1,0.0,10,20000,C2,T_DL,0.0,0.0,0.0,-0.0006001142951038151,0.0010435279999933362,0.021779013735401843,0.1475771450306647,0.6235707141023408,0.0578,0.0016501387820422864,0.0578,0.0016501387820422864,0.9422,0.0016501387820422857,0.9422,0.0016501387820422857,0.9422,0.0016501387820422857,0.9422,0.0016501387820422857,WITHIN,0.02220000000000011
D2_S1_d1_M10,D2,1,0.0,10,20000,C3,T3,0.0,0.0,0.0,-0.00027891536137210213,0.0010881082353228762,0.023679590635549273,0.15388174237234667,0.6726479429920841,0.04835,0.001516777463901676,0.04835,0.001516777463901676,0.95165,0.001516777463901676,0.95165,0.001516777463901676,0.95165,0.001516777463901676,0.95165,0.001516777463901676,WITHIN,0.028349999999999986
D2_S1_d1_M30,D2,1,0.0,30,20000,P1,T2,0.0,0.0,0.0,-0.0007381834145633997,0.0005611510942009581,0.006297811010458651,0.07935874879594972,0.321844801485132,0.0517,0.001565680522967569,0.0517,0.001565680522967569,0.9483,0.0015656805229675684,0.9483,0.0015656805229675684,0.9483,0.0015656805229675684,0.9483,0.0015656805229675684,WITHIN,0.028300000000000103
D2_S1_d1_M30,D2,1,0.0,30,20000,C1,T_DL,0.0,0.0,0.0,-0.0004510953822066984,0.0005940451481915976,0.007057792761799545,0.08401067052344925,0.3292713948873725,0.05335,0.0015890842881987096,0.05335,0.0015890842881987096,0.94665,0.0015890842881987098,0.94665,0.0015890842881987098,0.94665,0.0015890842881987098,0.94665,0.0015890842881987098,WITHIN,0.026650000000000063
D2_S1_d1_M30,D2,1,0.0,30,20000,C2,T_DL,0.0,0.0,0.0,-0.0004510953822066984,0.0005940451481915976,0.007057792761799545,0.08401067052344925,0.33104079938635,0.0579,0.0016514779744216997,0.0579,0.0016514779744216997,0.9421,0.001651477974421699,0.9421,0.001651477974421699,0.9421,0.001651477974421699,0.9421,0.001651477974421699,WITHIN,0.02210000000000012
D2_S1_d1_M30,D2,1,0.0,30,20000,C3,T3,0.0,0.0,0.0,-0.00025470538873892206,0.0006218459554973313,0.007733847847367779,0.0879422983971182,0.3589663562817063,0.0473,0.001501044802795706,0.0473,0.001501044802795706,0.9527,0.001501044802795706,0.9527,0.001501044802795706,0.9527,0.001501044802795706,0.9527,0.001501044802795706,WITHIN,0.02729999999999999
D2_S1_d2_M5,D2,1,0.5,5,20000,P1,T2,0.5,0.5,0.5,0.4975471182296038,0.0014189074095643088,0.04026596473832994,0.20066381023575214,1.1577378392887065,0.41205,0.0034804080040995197,0.0392,0.0013722856845423987,0.9608,0.0013722856845423991,0.9608,0.0013722856845423991,0.9608,0.0013722856845423991,0.9608,0.0013722856845423991,WITHIN,0.019199999999999995
D2_S1_d2_M5,D2,1,0.5,5,20000,C1,T_DL,0.5,0.5,0.5,0.4972670529434231,0.0014811892147162974,0.04387842979583764,0.20947178758925422,0.8603769443436234,0.63085,0.003412317962177616,0.0504,0.0015469298626634629,0.9496,0.0015469298626634629,0.9496,0.0015469298626634629,0.9496,0.0015469298626634629,0.9496,0.0015469298626634629,WITHIN,0.02960000000000007
D2_S1_d2_M5,D2,1,0.5,5,20000,C2,T_DL,0.5,0.5,0.5,0.4972670529434231,0.0014811892147162974,0.04387842979583764,0.20947178758925422,1.0508370901424537,0.485,0.0035339425575410814,0.05645,0.0016319221412187531,0.94355,0.0016319221412187531,0.94355,0.0016319221412187531,0.94355,0.0016319221412187531,0.94355,0.0016319221412187531,WITHIN,0.02355000000000007
D2_S1_d2_M5,D2,1,0.5,5,20000,C3,T3,0.5,0.5,0.5,0.49801561083300694,0.0015444527196233216,0.04770668406303749,0.21841859825353127,1.122521371558115,0.44085,0.0035107070334905476,0.04675,0.0014927229732941073,0.95325,0.0014927229732941067,0.95325,0.0014927229732941067,0.95325,0.0014927229732941067,0.95325,0.0014927229732941067,WITHIN,0.02674999999999994
D2_S1_d2_M10,D2,1,0.5,10,1000000,P1,T2,0.5,0.5,0.5,0.5001763118101714,0.00013948016833469786,0.019454717358675655,0.13948016833469787,0.6138171842213695,0.882981,0.0003214429243878297,0.052011,0.00022204921949648911,0.947989,0.00022204921949648917,0.947989,0.00022204921949648917,0.947989,0.00022204921949648917,0.947989,0.00022204921949648917,WITHIN,0.02798900000000004
D2_S1_d2_M10,D2,1,0.5,10,1000000,C1,T_DL,0.5,0.5,0.5,0.50024471361714,0.00014651184095007002,0.02146571953857862,0.14651184095007003,0.589216099778708,0.90431,0.00029416564024372396,0.051777,0.00022157649304698366,0.948223,0.0002215764930469836,0.948223,0.0002215764930469836,0.948223,0.0002215764930469836,0.948223,0.0002215764930469836,WITHIN,0.02822300000000011
D2_S1_d2_M10,D2,1,0.5,10,1000000,C2,T_DL,0.5,0.5,0.5,0.50024471361714,0.00014651184095007002,0.02146571953857862,0.14651184095007003,0.6234283340850872,0.866536,0.00034007552205943904,0.056937,0.0002317222001254951,0.943063,0.00023172220012549513,0.943063,0.00023172220012549513,0.943063,0.00023172220012549513,0.943063,0.00023172220012549513,WITHIN,0.023063000000000056
D2_S1_d2_M10,D2,1,0.5,10,1000000,C3,T3,0.5,0.5,0.5,0.500188411420673,0.00015352656844141256,0.023570407217395728,0.15352656844141255,0.6722597194390817,0.825194,0.0003798010826261558,0.047772,0.00021328346400037673,0.952228,0.00021328346400037681,0.952228,0.00021328346400037681,0.952228,0.00021328346400037681,0.952228,0.00021328346400037681,WITHIN,0.02777200000000002
D2_S1_d2_M30,D2,1,0.5,30,20000,P1,T2,0.5,0.5,0.5,0.5004848779528881,0.000565530207933195,0.006396488321699256,0.07997804899908009,0.32194359722383925,0.99995,4.999874998437186e-05,0.0509,0.0015541748614618627,0.9491,0.0015541748614618619,0.9491,0.0015541748614618619,0.9491,0.0015541748614618619,0.9491,0.0015541748614618619,WITHIN,0.029100000000000126
D2_S1_d2_M30,D2,1,0.5,30,20000,C1,T_DL,0.5,0.5,0.5,0.5000859956953713,0.000598390206865818,0.007161416793458331,0.08462515461408818,0.3292661594612951,0.99985,8.65960449443228e-05,0.0553,0.0016161978529870655,0.9447,0.0016161978529870657,0.9447,0.0016161978529870657,0.9447,0.0016161978529870657,0.9447,0.0016161978529870657,WITHIN,0.024700000000000055
D2_S1_d2_M30,D2,1,0.5,30,20000,C2,T_DL,0.5,0.5,0.5,0.5000859956953713,0.000598390206865818,0.007161416793458331,0.08462515461408818,0.33113132668055995,0.99975,0.00011178942257655069,0.059,0.0016661182431028118,0.941,0.0016661182431028125,0.941,0.0016661182431028125,0.941,0.0016661182431028125,0.941,0.0016661182431028125,WITHIN,0.02100000000000002
D2_S1_d2_M30,D2,1,0.5,30,20000,C3,T3,0.5,0.5,0.5,0.5002430220697978,0.0006260774874680903,0.007839460406287135,0.08854072738738447,0.35911887817915294,0.99955,0.0001499662462022622,0.0489,0.0015249391791150228,0.9511,0.0015249391791150237,0.9511,0.0015249391791150237,0.9511,0.0015249391791150237,0.9511,0.0015249391791150237,WITHIN,0.028900000000000037
D2_S3_d1_M5,D2,3,0.0,5,20000,P1,T2,0.05215927917676345,0.0,0.01585368268435662,0.038360510711245716,0.0022733667029492294,0.103363923321565,0.32150260235582073,1.7893869720180482,0.0458,0.0014782144634659748,0.0458,0.0014782144634659748,0.9544,0.001475137959649876,0.9542,0.001478214463465974,0.9546,0.001472053667499932,0.9544,0.001475137959649876,WITHIN,0.025599999999999956
D2_S3_d1_M5,D2,3,0.0,5,20000,C1,T_DL,0.05215927917676345,0.0,0.01585368268435662,0.013080407014956106,0.002217672626870604,0.09836143759942333,0.31362627058239767,1.171894788450645,0.10465,0.0021644673420959716,0.10465,0.0021644673420959716,0.89505,0.0021672043916068457,0.89535,0.002164467342095972,0.8959,0.002159434995548604,0.8959,0.002159434995548604,OUTSIDE_BELOW,0.0240999999999999
D2_S3_d1_M5,D2,3,0.0,5,20000,C2,T_DL,0.05215927917676345,0.0,0.01585368268435662,0.013080407014956106,0.002217672626870604,0.09836143759942333,0.31362627058239767,1.5903730454552705,0.05915,0.0016681018778839619,0.05915,0.0016681018778839619,0.9397,0.0016832098799614982,0.94085,0.0016681018778839623,0.94115,0.001664131567815477,0.94115,0.001664131567815477,WITHIN,0.021150000000000113
D2_S3_d1_M5,D2,3,0.0,5,20000,C3,T3,0.05215927917676345,0.0,0.01585368268435662,0.000907439881573587,0.0022244022093009376,0.09895930377485786,0.3145779772566062,1.6371862819885372,0.0496,0.0015352498168050698,0.0496,0.0015352498168050698,0.94935,0.0015505576013163777,0.9504,0.0015352498168050694,0.95045,0.0015345161696769438,0.9504,0.0015352498168050694,WITHIN,0.02959999999999996
D2_S3_d1_M10,D2,3,0.0,10,32252,P1,T2,0.05215927917676345,0.0,0.01585368268435662,0.04327309566065885,0.0012852943708625386,0.05327971120085199,0.23082398315784255,0.9841306617259057,0.06188763487535657,0.0013416864925640262,0.06188763487535657,0.0013416864925640262,0.9386084583901774,0.001336651456013851,0.9381123651246435,0.0013416864925640257,0.9398176857249163,0.0013242742159554272,0.9386084583901774,0.001336651456013851,WITHIN,0.01860845839017744
D2_S3_d1_M10,D2,3,0.0,10,32252,C1,T_DL,0.05215927917676345,0.0,0.01585368268435662,0.013325452926144458,0.0012427354212808204,0.0498097090882737,0.22318088871647074,0.8436676604000211,0.08619620488651866,0.0015627597802121223,0.08619620488651866,0.0015627597802121223,0.913400719335235,0.0015660639461489757,0.9138037951134813,0.0015627597802121225,0.9157261565174253,0.0015468595566529208,0.9157261565174253,0.0015468595566529208,BOUNDARY_BELOW,0.004273843482574646
D2_S3_d1_M10,D2,3,0.0,10,32252,C2,T_DL,0.05215927917676345,0.0,0.01585368268435662,0.013325452926144458,0.0012427354212808204,0.0498097090882737,0.22318088871647074,0.9555689988933765,0.058445987845714996,0.0013062359895235627,0.058445987845714996,0.0013062359895235627,0.938701475877465,0.0013357046376516832,0.941554012154285,0.0013062359895235625,0.9414299888379015,0.0013075350578099334,0.9414299888379015,0.0013075350578099334,WITHIN,0.021429988837901592
D2_S3_d1_M10,D2,3,0.0,10,32252,C3,T3,0.05215927917676345,0.0,0.01585368268435662,-0.0011904567984051093,0.0012414239760072448,0.04970463726160818,0.22294536833405662,0.9803388466493257,0.04895820414237877,0.0012015288845248938,0.04895820414237877,0.0012015288845248938,0.9466699739551035,0.0012511427787134741,0.9510417958576213,0.001201528884524893,0.9511658191740047,0.0012000842761686662,0.9510417958576213,0.001201528884524893,WITHIN,0.028958204142378707
D2_S3_d1_M30,D2,3,0.0,30,20000,P1,T2,0.05215927917676345,0.0,0.01585368268435662,0.04616829859100165,0.0009562095876611725,0.018286735510702992,0.1352284567341615,0.533201450707598,0.068,0.0017801123560045305,0.068,0.0017801123560045305,0.94235,0.0016481273843365382,0.932,0.0017801123560045298,0.94065,0.0016707420132982833,0.94235,0.0016481273843365382,WITHIN,0.022350000000000092
D2_S3_d1_M30,D2,3,0.0,30,20000,C1,T_DL,0.05215927917676345,0.0,0.01585368268435662,0.012694411641960276,0.0009159222105383778,0.016778269915150166,0.12953096122221192,0.4972836295428846,0.0634,0.0017230850240194185,0.0634,0.0017230850240194185,0.92635,0.0018469661271934578,0.9366,0.0017230850240194187,0.9373,0.0017141865417742606,0.9373,0.0017141865417742606,WITHIN,0.017300000000000093
D2_S3_d1_M30,D2,3,0.0,30,20000,C2,T_DL,0.05215927917676345,0.0,0.01585368268435662,0.012694411641960276,0.0009159222105383778,0.016778269915150166,0.12953096122221192,0.5111296419721021,0.05665,0.0016346372303970077,0.05665,0.0016346372303970077,0.9354,0.0017382007939245683,0.94335,0.0016346372303970074,0.944,0.0016257921146321267,0.944,0.0016257921146321267,WITHIN,0.02400000000000002
D2_S3_d1_M30,D2,3,0.0,30,20000,C3,T3,0.05215927917676345,0.0,0.01585368268435662,-0.0027122599590315944,0.0009180705955996245,0.016857072370092988,0.12983478875129342,0.5215239290910959,0.05105,0.0015563402182684864,0.05105,0.0015563402182684864,0.9307,0.0017957938356058586,0.94895,0.001556340218268487,0.9472,0.0015813310848775465,0.94895,0.001556340218268487,WITHIN,0.02895000000000003
D2_S3_d2_M5,D2,3,0.5,5,20000,P1,T2,0.5521592791767634,0.5,0.5158536826843566,0.5386270085563312,0.002274108925804044,0.10343142812843248,0.32160756851857897,1.7975363431209317,0.2279,0.0029661556769663994,0.04255,0.0014272262872438975,0.9575,0.0014264247263700946,0.95745,0.001427226287243897,0.95785,0.0014207986750416123,0.9575,0.0014264247263700946,WITHIN,0.022499999999999964
D2_S3_d2_M5,D2,3,0.5,5,20000,C1,T_DL,0.5521592791767634,0.5,0.5158536826843566,0.514714883650589,0.002225022285736878,0.09901448344051522,0.3146656693071477,1.1755184449803793,0.4321,0.0035027816803220838,0.1088,0.002201846497828584,0.8914,0.0022000686352929995,0.8912,0.002201846497828584,0.8925,0.0021902482735982245,0.8925,0.0021902482735982245,OUTSIDE_BELOW,0.02749999999999997
D2_S3_d2_M5,D2,3,0.5,5,20000,C2,T_DL,0.5521592791767634,0.5,0.5158536826843566,0.514714883650589,0.002225022285736878,0.09901448344051522,0.3146656693071477,1.5978880804034132,0.2717,0.003145465863747372,0.0603,0.001683209879961498,0.9398,0.0016819030887658187,0.9397,0.0016832098799614982,0.94,0.0016792855623746672,0.94,0.0016792855623746672,WITHIN,0.020000000000000018
D2_S3_d2_M5,D2,3,0.5,5,20000,C3,T3,0.5521592791767634,0.5,0.5158536826843566,0.5020857196097123,0.002226427520099661,0.0991395900451425,0.3148643994565637,1.6462833261139393,0.2409,0.003023798852437113,0.0479,0.0015100594359163482,0.9499,0.001542562640543327,0.9521,0.001510059435916349,0.95175,0.0015152877202036586,0.9521,0.001510059435916349,WITHIN,0.027900000000000036
D2_S3_d2_M10,D2,3,0.5,10,90331,P1,T2,0.5521592791767634,0.5,0.5158536826843566,0.5444205277794079,0.0007661751869219914,0.053026502616990545,0.2302748414764204,0.984102303163217,0.585712546080526,0.0016389841176977552,0.06088718158771629,0.0007956158216175447,0.9402641396641241,0.0007885406544119402,0.9391128184122837,0.0007956158216175448,0.940153435697601,0.0007892245230708052,0.9402641396641241,0.0007885406544119402,WITHIN,0.020264139664124214
D2_S3_d2_M10,D2,3,0.5,10,90331,C1,T_DL,0.5521592791767634,0.5,0.5158536826843566,0.5150116764775257,0.0007392247319642945,0.04936166440193057,0.22217485096637415,0.843030775947558,0.6483156391493508,0.0015887346517625667,0.0845003376470979,0.000925422186683885,0.9128095559663902,0.000938655273962627,0.9154996623529021,0.0009254221866838849,0.9165402796382195,0.0009202288221460227,0.9165402796382195,0.0009202288221460227,OUTSIDE_BELOW,0.0034597203617804384
D2_S3_d2_M10,D2,3,0.5,10,90331,C2,T_DL,0.5521592791767634,0.5,0.5158536826843566,0.5150116764775257,0.0007392247319642945,0.04936166440193057,0.22217485096637415,0.9545253842212569,0.5615790813784858,0.0016509453062573108,0.05842955353090301,0.0007804126208319038,0.9403416324406904,0.0007880614908126357,0.9415704464690969,0.0007804126208319041,0.9417918544021432,0.0007790241797934052,0.9417918544021432,0.0007790241797934052,WITHIN,0.021791854402143263
D2_S3_d2_M10,D2,3,0.5,10,90331,C3,T3,0.5521592791767634,0.5,0.5158536826843566,0.5006405267864945,0.0007396700708524569,0.049421157244678715,0.22230869808596945,0.9787832390161743,0.5227441299221751,0.0016618882324949773,0.04916363153291783,0.0007193768549911008,0.9464967729793758,0.0007487401951631996,0.9508363684670822,0.0007193768549911006,0.9504267637909466,0.0007222117589492995,0.9508363684670822,0.0007193768549911006,WITHIN,0.02916363153291779
D2_S3_d2_M30,D2,3,0.5,30,20000,P1,T2,0.5521592791767634,0.5,0.5158536826843566,0.5494105436532521,0.0009547097106702284,0.01822941263296063,0.13501634209591307,0.5328780780519073,0.9786,0.0010232800203267914,0.07305,0.0018400230637141482,0.9406,0.0016714012085672309,0.92695,0.0018400230637141475,0.934,0.0017556195487633411,0.9406,0.0016714012085672309,WITHIN,0.020600000000000063
D2_S3_d2_M30,D2,3,0.5,30,20000,C1,T_DL,0.5521592791767634,0.5,0.5158536826843566,0.5156790606308614,0.0009117098175255733,0.016624295827450286,0.12893523888933656,0.4968588025340762,0.9742,0.0011210343438093242,0.06735,0.001772201702685109,0.9281,0.001826614217616845,0.93265,0.0017722017026851095,0.93575,0.0017338099304710424,0.93575,0.0017338099304710424,WITHIN,0.015750000000000042
D2_S3_d2_M30,D2,3,0.5,30,20000,C2,T_DL,0.5521592791767634,0.5,0.5158536826843566,0.5156790606308614,0.0009117098175255733,0.016624295827450286,0.12893523888933656,0.510613392881354,0.9719,0.001168554448881181,0.05885,0.0016641315678154777,0.93665,0.0017224514144091266,0.94115,0.001664131567815477,0.9436,0.0016312424712469939,0.9436,0.0016312424712469939,WITHIN,0.023600000000000065
D2_S3_d2_M30,D2,3,0.5,30,20000,C3,T3,0.5521592791767634,0.5,0.5158536826843566,0.5000198907153739,0.0009160218224097336,0.01678191958261699,0.1295450484681564,0.5210268770609426,0.959,0.0014021233897200352,0.05225,0.0015735300680317487,0.93155,0.0017855615013210831,0.94775,0.001573530068031749,0.9468,0.001586974479946039,0.94775,0.001573530068031749,WITHIN,0.027750000000000052
D3_S1_d1_M5,D3,1,0.0,5,20000,P1,T2,0.0,0.0,0.0,0.0005587285211583326,0.0013622090265219603,0.03711226863875814,0.19264544800944075,1.0860161703567912,0.0426,0.00142802731066321,0.0426,0.00142802731066321,0.9574,0.0014280273106632095,0.9574,0.0014280273106632095,0.9574,0.0014280273106632095,0.9574,0.0014280273106632095,WITHIN,0.022599999999999953
D3_S1_d1_M5,D3,1,0.0,5,20000,C1,T_DL,0.0,0.0,0.0,0.0007015471375265552,0.0014467008736823667,0.04185886835826646,0.20459439962586087,0.8469301038192083,0.0469,0.0014949981605339854,0.0469,0.0014949981605339854,0.9531,0.0014949981605339863,0.9531,0.0014949981605339863,0.9531,0.0014949981605339863,0.9531,0.0014949981605339863,WITHIN,0.026900000000000035
D3_S1_d1_M5,D3,1,0.0,5,20000,C2,T_DL,0.0,0.0,0.0,0.0007015471375265552,0.0014467008736823667,0.04185886835826646,0.20459439962586087,1.0405613036774248,0.0515,0.0015628139684556188,0.0515,0.0015628139684556188,0.9485,0.0015628139684556186,0.9485,0.0015628139684556186,0.9485,0.0015628139684556186,0.9485,0.0015628139684556186,WITHIN,0.02850000000000008
D3_S1_d1_M5,D3,1,0.0,5,20000,C3,T3,0.0,0.0,0.0,0.0005805964242939056,0.0015837079256663408,0.05016261587636769,0.22397012273151007,1.159179644406545,0.04255,0.0014272262872438975,0.04255,0.0014272262872438975,0.95745,0.001427226287243897,0.95745,0.001427226287243897,0.95745,0.001427226287243897,0.95745,0.001427226287243897,WITHIN,0.02254999999999996
D3_S1_d1_M10,D3,1,0.0,10,20000,P1,T2,0.0,0.0,0.0,0.0012199879850659401,0.0009410013130442447,0.017709669423019856,0.13307768191180613,0.5755890829677377,0.05755,0.0016467847081510078,0.05755,0.0016467847081510078,0.94245,0.0016467847081510078,0.94245,0.0016467847081510078,0.94245,0.0016467847081510078,0.94245,0.0016467847081510078,WITHIN,0.02245000000000008
D3_S1_d1_M10,D3,1,0.0,10,20000,C1,T_DL,0.0,0.0,0.0,0.0017314953820778513,0.0010072937103816995,0.020292812379490616,0.14245284265149158,0.5731367980256091,0.04835,0.001516777463901676,0.04835,0.001516777463901676,0.95165,0.001516777463901676,0.95165,0.001516777463901676,0.95165,0.001516777463901676,0.95165,0.001516777463901676,WITHIN,0.028349999999999986
D3_S1_d1_M10,D3,1,0.0,10,20000,C2,T_DL,0.0,0.0,0.0,0.0017314953820778513,0.0010072937103816995,0.020292812379490616,0.14245284265149158,0.6119056149107861,0.05315,0.0015862704293404704,0.05315,0.0015862704293404704,0.94685,0.0015862704293404708,0.94685,0.0015862704293404708,0.94685,0.0015862704293404708,0.94685,0.0015862704293404708,WITHIN,0.02685000000000004
D3_S1_d1_M10,D3,1,0.0,10,20000,C3,T3,0.0,0.0,0.0,0.002107728816299784,0.0011280888859887654,0.025451690693827477,0.15953586021276683,0.6949592292812136,0.047,0.001496512612709963,0.047,0.001496512612709963,0.953,0.001496512612709964,0.953,0.001496512612709964,0.953,0.001496512612709964,0.953,0.001496512612709964,WITHIN,0.027000000000000024
D3_S1_d1_M30,D3,1,0.0,30,20000,P1,T2,0.0,0.0,0.0,0.00039143724027153895,0.0005287771412944521,0.00559210530311066,0.07478038046914885,0.3012892530475929,0.05265,0.0015792083063991273,0.05265,0.0015792083063991273,0.94735,0.001579208306399127,0.94735,0.001579208306399127,0.94735,0.001579208306399127,0.94735,0.001579208306399127,WITHIN,0.027350000000000096
D3_S1_d1_M30,D3,1,0.0,30,20000,C1,T_DL,0.0,0.0,0.0,2.5002057048745386e-05,0.0005643038175898819,0.006368775970930296,0.07980461121345242,0.31807312246716235,0.04925,0.0015301051842928968,0.04925,0.0015301051842928968,0.95075,0.0015301051842928973,0.95075,0.0015301051842928973,0.95075,0.0015301051842928973,0.95075,0.0015301051842928973,WITHIN,0.029249999999999998
D3_S1_d1_M30,D3,1,0.0,30,20000,C2,T_DL,0.0,0.0,0.0,2.5002057048745386e-05,0.0005643038175898819,0.006368775970930296,0.07980461121345242,0.3221964575961404,0.0526,0.0015784999208108945,0.0526,0.0015784999208108945,0.9474,0.0015784999208108942,0.9474,0.0015784999208108942,0.9474,0.0015784999208108942,0.9474,0.0015784999208108942,WITHIN,0.02740000000000009
D3_S1_d1_M30,D3,1,0.0,30,20000,C3,T3,0.0,0.0,0.0,0.00030002031252384927,0.0006448202195310699,0.008315862310321945,0.09119134997532356,0.37197678788033867,0.04875,0.0015227185803686773,0.04875,0.0015227185803686773,0.95125,0.0015227185803686767,0.95125,0.0015227185803686767,0.95125,0.0015227185803686767,0.95125,0.0015227185803686767,WITHIN,0.028749999999999942
D3_S1_d2_M5,D3,1,0.5,5,20000,P1,T2,0.5,0.5,0.5,0.49877624386610625,0.0013814636112601736,0.03816883418472,0.19536845749690507,1.08402482190011,0.4786,0.0035322941553613567,0.04335,0.0014399787758852557,0.95665,0.0014399787758852557,0.95665,0.0014399787758852557,0.95665,0.0014399787758852557,0.95665,0.0014399787758852557,WITHIN,0.023349999999999982
D3_S1_d2_M5,D3,1,0.5,5,20000,C1,T_DL,0.5,0.5,0.5,0.49817935184568385,0.0014646376951626128,0.042903271561825024,0.2071310492461838,0.845357377632486,0.6575,0.0033555457827304336,0.04945,0.0015330475775395883,0.95055,0.0015330475775395883,0.95055,0.0015330475775395883,0.95055,0.0015330475775395883,0.95055,0.0015330475775395883,WITHIN,0.029449999999999976
D3_S1_d2_M5,D3,1,0.5,5,20000,C2,T_DL,0.5,0.5,0.5,0.49817935184568385,0.0014646376951626128,0.042903271561825024,0.2071310492461838,1.0369439091160138,0.51505,0.0035339319284615543,0.0537,0.001593993569623165,0.9463,0.0015939935696231648,0.9463,0.0015939935696231648,0.9463,0.0015939935696231648,0.9463,0.0015939935696231648,WITHIN,0.0263000000000001
D3_S1_d2_M5,D3,1,0.5,5,20000,C3,T3,0.5,0.5,0.5,0.4993366034064623,0.0016000095021275296,0.0512006081379677,0.2262755137834576,1.1564675979867107,0.43675,0.003507131573665294,0.0438,0.0014470929479477122,0.9562,0.0014470929479477113,0.9562,0.0014470929479477113,0.9562,0.0014470929479477113,0.9562,0.0014470929479477113,WITHIN,0.023799999999999932
D3_S1_d2_M10,D3,1,0.5,10,20000,P1,T2,0.5,0.5,0.5,0.5011516416778717,0.0009389879928351191,0.017633969013770512,0.1327929554372916,0.5739943178301247,0.90935,0.002030179517924462,0.05695,0.0016386991410872222,0.94305,0.0016386991410872215,0.94305,0.0016386991410872215,0.94305,0.0016386991410872215,0.94305,0.0016386991410872215,WITHIN,0.023050000000000126
D3_S1_d2_M10,D3,1,0.5,10,20000,C1,T_DL,0.5,0.5,0.5,0.5012281194939031,0.0010053766865371992,0.020215645636650348,0.1421817345394631,0.5724945237249566,0.91445,0.0019777663853448417,0.05055,0.0015491077673938634,0.94945,0.0015491077673938634,0.94945,0.0015491077673938634,0.94945,0.0015491077673938634,0.94945,0.0015491077673938634,WITHIN,0.029450000000000087
D3_S1_d2_M10,D3,1,0.5,10,20000,C2,T_DL,0.5,0.5,0.5,0.5012281194939031,0.0010053766865371992,0.020215645636650348,0.1421817345394631,0.6112068251427674,0.87445,0.0023429382994436714,0.0523,0.0015742412458070079,0.9477,0.001574241245807008,0.9477,0.001574241245807008,0.9477,0.001574241245807008,0.9477,0.001574241245807008,WITHIN,0.027700000000000058
D3_S1_d2_M10,D3,1,0.5,10,20000,C3,T3,0.5,0.5,0.5,0.5021411955873939,0.0011204574845308378,0.025108499492823455,0.15845661706859532,0.6952007218294997,0.80345,0.002809965280034613,0.04405,0.0014510271792768045,0.95595,0.0014510271792768051,0.95595,0.0014510271792768051,0.95595,0.0014510271792768051,0.95595,0.0014510271792768051,WITHIN,0.024050000000000016
D3_S1_d2_M30,D3,1,0.5,30,20000,P1,T2,0.5,0.5,0.5,0.49990823786350846,0.0005274648694077485,0.005564383769186665,0.07459479719917915,0.3002655720083988,0.99995,4.999874998437186e-05,0.0536,0.0015925928544358095,0.9464,0.0015925928544358093,0.9464,0.0015925928544358093,0.9464,0.0015925928544358093,0.9464,0.0015925928544358093,WITHIN,0.02640000000000009
D3_S1_d2_M30,D3,1,0.5,30,20000,C1,T_DL,0.5,0.5,0.5,0.49974035896497354,0.000564670609958565,0.006377057955019555,0.07985648348768906,0.3169977049374602,0.9999,7.070714249635216e-05,0.04995,0.001540373290796747,0.95005,0.0015403732907967478,0.95005,0.0015403732907967478,0.95005,0.0015403732907967478,0.95005,0.0015403732907967478,WITHIN,0.029950000000000032
D3_S1_d2_M30,D3,1,0.5,30,20000,C2,T_DL,0.5,0.5,0.5,0.49974035896497354,0.000564670609958565,0.006377057955019555,0.07985648348768906,0.32082832895804964,0.9998,9.998999949994449e-05,0.0516,0.0015642480621691688,0.9484,0.0015642480621691685,0.9484,0.0015642480621691685,0.9484,0.0015642480621691685,0.9484,0.0015642480621691685,WITHIN,0.028400000000000092
D3_S1_d2_M30,D3,1,0.5,30,20000,C3,T3,0.5,0.5,0.5,0.5001710095562285,0.0006457552245025384,0.008339996199446476,0.09132357964647726,0.37126735454129,0.9993,0.00018701737887159497,0.0479,0.0015100594359163482,0.9521,0.001510059435916349,0.9521,0.001510059435916349,0.9521,0.001510059435916349,0.9521,0.001510059435916349,WITHIN,0.027900000000000036
D3_S3_d1_M5,D3,3,0.0,5,20639,P1,T2,0.08361854460463167,0.0,0.018852497881809517,0.04869989126195874,0.0023570174555441713,0.11466061020638621,0.33861572646052074,1.7307157188909048,0.061437085130093515,0.0016714857204965542,0.061437085130093515,0.0016714857204965542,0.9393865981878967,0.0016609715121891407,0.9385629148699065,0.0016714857204965538,0.9399195697465963,0.0016541219987948642,0.9393865981878967,0.0016609715121891407,WITHIN,0.019386598187896786
D3_S3_d1_M5,D3,3,0.0,5,20639,C1,T_DL,0.08361854460463167,0.0,0.018852497881809517,0.01506009554027409,0.0022226492545397037,0.10196016261798109,0.319312014521817,1.1724362217868933,0.1146373370802849,0.002217580125461317,0.1146373370802849,0.002217580125461317,0.8817772178884636,0.00224742754356207,0.8853626629197151,0.002217580125461317,0.8863801540772325,0.0022089850890317955,0.8863801540772325,0.0022089850890317955,OUTSIDE_BELOW,0.033619845922767455
D3_S3_d1_M5,D3,3,0.0,5,20639,C2,T_DL,0.08361854460463167,0.0,0.018852497881809517,0.01506009554027409,0.0022226492545397037,0.10196016261798109,0.319312014521817,1.5935462965885603,0.06439265468288193,0.0017085222965194248,0.06439265468288193,0.0017085222965194248,0.9325548718445661,0.0017456941808483171,0.9356073453171181,0.0017085222965194245,0.9364310286351083,0.0016983068616285826,0.9364310286351083,0.0016983068616285826,WITHIN,0.01643102863510837
D3_S3_d1_M5,D3,3,0.0,5,20639,C3,T3,0.08361854460463167,0.0,0.018852497881809517,0.00024257535387305223,0.002236096167111017,0.10319760192918698,0.3212438356283074,1.6677921706105567,0.04908183536024032,0.0015037915611700388,0.04908183536024032,0.0015037915611700388,0.9469935558893358,0.0015595292398181346,0.9509181646397596,0.0015037915611700392,0.9512573283589321,0.0014988540546120351,0.9509181646397596,0.0015037915611700392,WITHIN,0.029081835360240338
D3_S3_d1_M10,D3,3,0.0,10,22464,P1,T2,0.08361854460463167,0.0,0.018852497881809517,0.06474597123918278,0.0016776104310409813,0.06322215949929375,0.2514401708146368,0.9858283668149043,0.08253205128205128,0.0018359600427418621,0.08253205128205128,0.0018359600427418621,0.9194711538461539,0.0018155208774344345,0.9174679487179487,0.0018359600427418623,0.9211627492877493,0.0017980028417263817,0.9194711538461539,0.0018155208774344345,BOUNDARY_BELOW,0.0005288461538460743
D3_S3_d1_M10,D3,3,0.0,10,22464,C1,T_DL,0.08361854460463167,0.0,0.018852497881809517,0.018116210596105124,0.001500618724545518,0.050585705684241436,0.22491266234750198,0.8457248110710271,0.09099002849002849,0.0019188352095723315,0.09099002849002849,0.0019188352095723315,0.8998842592592593,0.002002631139609439,0.9090099715099715,0.0019188352095723313,0.9103009259259259,0.0019065268549167797,0.9103009259259259,0.0019065268549167797,OUTSIDE_BELOW,0.009699074074073999
D3_S3_d1_M10,D3,3,0.0,10,22464,C2,T_DL,0.08361854460463167,0.0,0.018852497881809517,0.018116210596105124,0.001500618724545518,0.050585705684241436,0.22491266234750198,0.9562958939490498,0.06183226495726496,0.0016069570853176778,0.06183226495726496,0.0016069570853176778,0.9298433048433048,0.0017041032326995376,0.9381677350427351,0.0016069570853176772,0.9385683760683761,0.0016020844727406875,0.9385683760683761,0.0016020844727406875,WITHIN,0.018568376068376136
D3_S3_d1_M10,D3,3,0.0,10,22464,C3,T3,0.08361854460463167,0.0,0.018852497881809517,0.0009253839136555557,0.0015132723947962046,0.05144241040890471,0.22680919383681233,0.9954988337689601,0.04865562678062678,0.0014354625528127027,0.04865562678062678,0.0014354625528127027,0.9384793447293447,0.0016031689405562445,0.9513443732193733,0.001435462552812702,0.9520566239316239,0.0014254505329353675,0.9513443732193733,0.001435462552812702,WITHIN,0.02865562678062672
D3_S3_d1_M30,D3,3,0.0,30,20000,P1,T2,0.08361854460463167,0.0,0.018852497881809517,0.07577023316448783,0.0010877849567254658,0.023665522241564475,0.15383602387465842,0.5688562762627153,0.0885,0.0020083295297336043,0.0885,0.0020083295297336043,0.92925,0.0018130697380409832,0.9115,0.0020083295297336043,0.92245,0.0018912429444680025,0.92925,0.0018130697380409832,WITHIN,0.009250000000000091
D3_S3_d1_M30,D3,3,0.0,30,20000,C1,T_DL,0.08361854460463167,0.0,0.018852497881809517,0.01821352982339449,0.0009171060281342114,0.016821669336802177,0.1296983783121523,0.5020566129355125,0.06535,0.0017475608358509297,0.06535,0.0017475608358509297,0.9067,0.002056636939277325,0.93465,0.00174756083585093,0.9379,0.001706510914116872,0.9379,0.001706510914116872,WITHIN,0.017900000000000027
D3_S3_d1_M30,D3,3,0.0,30,20000,C2,T_DL,0.08361854460463167,0.0,0.018852497881809517,0.01821352982339449,0.0009171060281342114,0.016821669336802177,0.1296983783121523,0.5139667630484412,0.06005,0.00167994043793225,0.06005,0.00167994043793225,0.91635,0.001957711387053771,0.93995,0.0016799404379322506,0.94325,0.0016359926268171255,0.94325,0.0016359926268171255,WITHIN,0.023250000000000104
D3_S3_d1_M30,D3,3,0.0,30,20000,C3,T3,0.08361854460463167,0.0,0.018852497881809517,-0.0005666419065437923,0.0009286428258844271,0.017247549961332286,0.13132992789662334,0.5309435943914623,0.0514,0.0015613782373275222,0.0514,0.0015613782373275222,0.9067,0.002056636939277325,0.9486,0.0015613782373275222,0.94765,0.0015749520230787985,0.9486,0.0015613782373275222,WITHIN,0.02860000000000007
D3_S3_d2_M5,D3,3,0.5,5,25942,P1,T2,0.5836185446046317,0.5,0.5188524978818095,0.5514565222844268,0.0021094129774711272,0.11543212270726139,0.33975303193240436,1.7373586536079098,0.2719142702952741,0.0027625206444275197,0.059401742348315474,0.0014675737981677023,0.9420630637576132,0.0014504942899547344,0.9405982576516845,0.0014675737981677032,0.9420630637576132,0.0014504942899547344,0.9420630637576132,0.0014504942899547344,WITHIN,0.022063063757613244
D3_S3_d2_M5,D3,3,0.5,5,25942,C1,T_DL,0.5836185446046317,0.5,0.5188524978818095,0.5154687955391316,0.0019844261612291902,0.1021582259866578,0.3196220048536361,1.1735004036689558,0.44221725387402666,0.003083533366469662,0.11406213861691465,0.0019736523616658954,0.8826613214092977,0.001998094006388197,0.8859378613830854,0.0019736523616658954,0.8868630020815665,0.0019666581062479133,0.8868630020815665,0.0019666581062479133,OUTSIDE_BELOW,0.033136997918433386
D3_S3_d2_M5,D3,3,0.5,5,25942,C2,T_DL,0.5836185446046317,0.5,0.5188524978818095,0.5154687955391316,0.0019844261612291902,0.1021582259866578,0.3196220048536361,1.593765988923302,0.2787757304756765,0.0027839467240180064,0.06483694395189268,0.0015288089323500593,0.9344692005242464,0.0015363971809835696,0.9351630560481073,0.0015288089323500591,0.9355099838100378,0.0015249960852315322,0.9355099838100378,0.0015249960852315322,WITHIN,0.015509983810037875
D3_S3_d2_M5,D3,3,0.5,5,25942,C3,T3,0.5836185446046317,0.5,0.5188524978818095,0.5002371545065191,0.0019891375808224077,0.10264388943914499,0.32038085061243127,1.6672965754007787,0.23726004163133144,0.00264118500541777,0.04806876879192044,0.0013281054519075392,0.9494256418163596,0.0013604855736057092,0.9519312312080795,0.0013281054519075396,0.9515072083879423,0.001333653186398743,0.9519312312080795,0.0013281054519075396,WITHIN,0.02806876879192044
D3_S3_d2_M10,D3,3,0.5,10,37574,P1,T2,0.5836185446046317,0.5,0.5188524978818095,0.5638475252633073,0.0013003712605449877,0.06353633451265461,0.25206414761455986,0.9861030523147284,0.6081066695055092,0.002518431275207743,0.08207803268217384,0.001416030589862355,0.9201309416085591,0.001398525483139136,0.9179219673178262,0.001416030589862355,0.9213551924202906,0.0013886885524041455,0.9201309416085591,0.001398525483139136,WITHIN,0.00013094160855919856
D3_S3_d2_M10,D3,3,0.5,10,37574,C1,T_DL,0.5836185446046317,0.5,0.5188524978818095,0.5173517818962744,0.0011638440809196386,0.05089522462124513,0.22559969995823384,0.8469892692274351,0.6470697822962687,0.00246533684292105,0.0907010166604567,0.001481547959802259,0.9021131633576409,0.001533023955744928,0.9092989833395433,0.0014815479598022593,0.9109756746686538,0.001469142830923107,0.9109756746686538,0.001469142830923107,OUTSIDE_BELOW,0.009024325331346117
D3_S3_d2_M10,D3,3,0.5,10,37574,C2,T_DL,0.5836185446046317,0.5,0.5188524978818095,0.5173517818962744,0.0011638440809196386,0.05089522462124513,0.22559969995823384,0.9584297116867738,0.5614254537712248,0.0025599061586080276,0.0629158460637675,0.0012526380570332903,0.9304838452121148,0.0013120596325464225,0.9370841539362325,0.0012526380570332908,0.9389471443019108,0.001235178855234286,0.9389471443019108,0.001235178855234286,WITHIN,0.018947144301910912
D3_S3_d2_M10,D3,3,0.5,10,37574,C3,T3,0.5836185446046317,0.5,0.5188524978818095,0.4998967863517558,0.001169792836995899,0.051416835786589316,0.2267528076707967,0.997436999506352,0.5098472347900144,0.002578944803343089,0.05093947942726353,0.0011343066797687956,0.9391600574865598,0.0012331630092177438,0.9490605205727365,0.0011343066797687954,0.950284771384468,0.0011213156658897588,0.9490605205727365,0.0011343066797687954,WITHIN,0.02906052057273656
D3_S3_d2_M30,D3,3,0.5,30,20000,P1,T2,0.5836185446046317,0.5,0.5188524978818095,0.5744753198850726,0.0010976480791295854,0.02409662611233737,0.1552308800217836,0.5690850053508953,0.97485,0.0011071918871631964,0.08725,0.0019954628222545265,0.92895,0.0018166163257551105,0.91275,0.001995462822254527,0.92465,0.0018664455188941362,0.92895,0.0018166163257551105,WITHIN,0.008950000000000125
D3_S3_d2_M30,D3,3,0.5,30,20000,C1,T_DL,0.5836185446046317,0.5,0.5188524978818095,0.5171585750139139,0.0009203177491732606,0.016939695188866732,0.13015258425735055,0.5029536353763662,0.97265,0.0011532991264195074,0.0657,0.0017519062474915716,0.9065,0.0020586130039422176,0.9343,0.0017519062474915714,0.9374,0.0017129103887827872,0.9374,0.0017129103887827872,WITHIN,0.017400000000000082
D3_S3_d2_M30,D3,3,0.5,30,20000,C2,T_DL,0.5836185446046317,0.5,0.5188524978818095,0.5171585750139139,0.0009203177491732606,0.016939695188866732,0.13015258425735055,0.5150282560390615,0.9703,0.0012003730670087519,0.0593,0.0016700824829929807,0.9147,0.0019751444250990864,0.9407,0.0016700824829929811,0.9446,0.0016175728731652246,0.9446,0.0016175728731652246,WITHIN,0.024600000000000066
D3_S3_d2_M30,D3,3,0.5,30,20000,C3,T3,0.5836185446046317,0.5,0.5188524978818095,0.4989089228798274,0.0009316673507118947,0.01736008104765041,0.13175766029969724,0.5319133875553129,0.9537,0.0014858719662205085,0.05065,0.0015505576013163781,0.90505,0.0020728542821433446,0.94935,0.0015505576013163777,0.94595,0.0015988839466953197,0.94935,0.0015505576013163777,WITHIN,0.029350000000000098
D4_S2_d1_M5,D4,2,0.0,5,134196,P1,T2,0.0,0.0,0.00015183103614867843,-9.256476060832448e-05,0.000878659059536588,0.10360491373097615,0.3218771718077816,1.671813086492794,0.057639571969358254,0.0006362079745234291,0.057639571969358254,0.0006362079745234291,0.9423604280306418,0.0006362079745234289,0.9423604280306418,0.0006362079745234289,0.9423753316045188,0.0006361307488525431,0.9423604280306418,0.0006362079745234289,WITHIN,0.022360428030641866
D4_S2_d1_M5,D4,2,0.0,5,134196,C1,T_DL,0.0,0.0,0.00015183103614867843,-1.4211273309111752e-05,0.0007749817969480856,0.08059768624049618,0.28389731636719673,1.0225875910466604,0.12987719455125338,0.0009176708568624645,0.12987719455125338,0.0009176708568624645,0.8701228054487467,0.0009176708568624645,0.8701228054487467,0.0009176708568624645,0.8701004500879311,0.0009177380418135051,0.8701004500879311,0.0009177380418135051,OUTSIDE_BELOW,0.0498995499120688
D4_S2_d1_M5,D4,2,0.0,5,134196,C2,T_DL,0.0,0.0,0.00015183103614867843,-1.4211273309111752e-05,0.0007749817969480856,0.08059768624049618,0.28389731636719673,1.42091388397081,0.070210736534621,0.0006974679287208399,0.070210736534621,0.0006974679287208399,0.929789263465379,0.0006974679287208397,0.929789263465379,0.0006974679287208397,0.9298190706131331,0.0006973310393115332,0.9298190706131331,0.0006973310393115332,WITHIN,0.00981907061313314
D4_S2_d1_M5,D4,2,0.0,5,134196,C3,T3,0.0,0.0,0.00015183103614867843,7.111208421673293e-05,0.0008536075816985072,0.09778136567053779,0.31270012099539995,1.5999842448082773,0.04708784166443113,0.0005782438744670314,0.04708784166443113,0.0005782438744670314,0.9529121583355689,0.0005782438744670315,0.9529121583355689,0.0005782438744670315,0.9529419654833229,0.0005780698687859369,0.9529121583355689,0.0005782438744670315,WITHIN,0.027087841664431123
D4_S2_d1_M10,D4,2,0.0,10,81362,P1,T2,0.0,0.0,0.00015183103614867843,-0.0014996912567481397,0.0008170396269082664,0.05431350836521202,0.23305258712404808,0.9440424957137844,0.07349868488975198,0.0009148544320858606,0.07349868488975198,0.0009148544320858606,0.926501315110248,0.0009148544320858606,0.926501315110248,0.0009148544320858606,0.926501315110248,0.0009148544320858606,0.926501315110248,0.0009148544320858606,WITHIN,0.006501315110248096
D4_S2_d1_M10,D4,2,0.0,10,81362,C1,T_DL,0.0,0.0,0.00015183103614867843,-0.0013753132044870594,0.0006986108687772126,0.039709305510708254,0.1992719385932406,0.7440777907400179,0.09428234310857649,0.0010244736507047595,0.09428234310857649,0.0010244736507047595,0.9057176568914235,0.00102447365070476,0.9057176568914235,0.00102447365070476,0.9057176568914235,0.00102447365070476,0.9057176568914235,0.00102447365070476,OUTSIDE_BELOW,0.014282343108576456
D4_S2_d1_M10,D4,2,0.0,10,81362,C2,T_DL,0.0,0.0,0.00015183103614867843,-0.0013753132044870594,0.0006986108687772126,0.039709305510708254,0.1992719385932406,0.8531028039784417,0.06254762665617856,0.0008489247906977832,0.06254762665617856,0.0008489247906977832,0.9374523733438215,0.000848924790697783,0.9374523733438215,0.000848924790697783,0.937464664093803,0.0008488469432563147,0.937464664093803,0.0008488469432563147,WITHIN,0.017464664093803095
D4_S2_d1_M10,D4,2,0.0,10,81362,C3,T3,0.0,0.0,0.00015183103614867843,-0.001488838778452941,0.000780093242245459,0.04951247625326774,0.22251399114048478,0.9620709585385538,0.0487205329269192,0.0007547433039185013,0.0487205329269192,0.0007547433039185013,0.9512794670730808,0.0007547433039185017,0.9512794670730808,0.0007547433039185017,0.9512917578230624,0.0007546529733012818,0.9512794670730808,0.0007547433039185017,WITHIN,0.02872053292691923
D4_S2_d1_M30,D4,2,0.0,30,20000,P1,T2,0.0,0.0,0.00015183103614867843,0.000887828099926617,0.0009687287244722469,0.01876870683235253,0.13699893004090408,0.5314040653267105,0.064,0.0017306646122227148,0.064,0.0017306646122227148,0.936,0.0017306646122227142,0.936,0.0017306646122227142,0.9361,0.0017294043772351213,0.936,0.0017306646122227142,WITHIN,0.016000000000000125
D4_S2_d1_M30,D4,2,0.0,30,20000,C1,T_DL,0.0,0.0,0.00015183103614867843,0.0006338158136689905,0.0008090005835529267,0.01308963888377952,0.11440995972282973,0.44112927419443915,0.0645,0.0017369477539638319,0.0645,0.0017369477539638319,0.9355,0.0017369477539638319,0.9355,0.0017369477539638319,0.93555,0.0017363207868939428,0.93555,0.0017363207868939428,WITHIN,0.015550000000000064
D4_S2_d1_M30,D4,2,0.0,30,20000,C2,T_DL,0.0,0.0,0.00015183103614867843,0.0006338158136689905,0.0008090005835529267,0.01308963888377952,0.11440995972282973,0.45873401063760877,0.0554,0.0016175728731652246,0.0554,0.0016175728731652246,0.9446,0.0016175728731652246,0.9446,0.0016175728731652246,0.94455,0.001618259829261049,0.94455,0.001618259829261049,WITHIN,0.024550000000000072
D4_S2_d1_M30,D4,2,0.0,30,20000,C3,T3,0.0,0.0,0.00015183103614867843,0.0002099654348815548,0.0009068671935265946,0.01644816213389604,0.12825038843565364,0.5162729814720622,0.04925,0.0015301051842928968,0.04925,0.0015301051842928968,0.95075,0.0015301051842928973,0.95075,0.0015301051842928973,0.9506,0.0015323126312864485,0.95075,0.0015301051842928973,WITHIN,0.029249999999999998
D4_S2_d2_M5,D4,2,0.5,5,263467,P1,T2,0.5,0.5,0.5001518310361487,0.5003835298690116,0.000627747013562936,0.10382346929696801,0.3222164944520501,1.673973177930181,0.2599908147889489,0.0008545440301650595,0.057396182444101156,0.00045315104693944034,0.9426038175558988,0.00045315104693944034,0.9426038175558988,0.00045315104693944034,0.9426227952646821,0.0004530806858187698,0.9426038175558988,0.00045315104693944034,WITHIN,0.02260381755589891
D4_S2_d2_M5,D4,2,0.5,5,263467,C1,T_DL,0.5,0.5,0.5001518310361487,0.5002145192395083,0.0005531520503864468,0.08061489254081544,0.2839276184889653,1.0223912871414318,0.49854820527808036,0.0009741034027605891,0.13051349884425753,0.0006562903599253179,0.8694865011557424,0.000656290359925318,0.8694865011557424,0.000656290359925318,0.8694713189887159,0.0006563228006415362,0.8694713189887159,0.0006563228006415362,OUTSIDE_BELOW,0.05052868101128405
D4_S2_d2_M5,D4,2,0.5,5,263467,C2,T_DL,0.5,0.5,0.5001518310361487,0.5002145192395083,0.0005531520503864468,0.08061489254081544,0.2839276184889653,1.4211683383957314,0.30909373849476407,0.0009003089237286286,0.07061605438252229,0.0004990984187284745,0.9293839456174777,0.0004990984187284745,0.9293839456174777,0.0004990984187284745,0.9293725589922077,0.0004991355984794237,0.9293725589922077,0.0004991355984794237,WITHIN,0.009372558992207791
D4_S2_d2_M5,D4,2,0.5,5,263467,C3,T3,0.5,0.5,0.5001518310361487,0.49985623167597865,0.0006125211394944765,0.09884811454649692,0.31440119997623567,1.6037898533675154,0.2565140985398551,0.0008508027314456876,0.046920487195739886,0.00041198623922266255,0.9530795128042601,0.00041198623922266277,0.9530795128042601,0.00041198623922266277,0.9530757172625035,0.0004120020819188001,0.9530795128042601,0.00041198623922266277,WITHIN,0.026920487195739917
D4_S2_d2_M10,D4,2,0.5,10,42242,P1,T2,0.5,0.5,0.5001518310361487,0.500805200935864,0.0011301044190819413,0.05394877882872123,0.2322687642123263,0.9423247655328565,0.5593485156952795,0.0024155533153596294,0.07518583400407178,0.0012829892320166847,0.9248141659959283,0.0012829892320166843,0.9248141659959283,0.0012829892320166843,0.9247904928743904,0.001283174774571196,0.9248141659959283,0.0012829892320166843,WITHIN,0.004814165995928321
D4_S2_d2_M10,D4,2,0.5,10,42242,C1,T_DL,0.5,0.5,0.5001518310361487,0.5002306331891635,0.0009699243714307435,0.03973930031968703,0.19934718538190357,0.7433351063625101,0.7205151271246627,0.002183375681536486,0.09201742341745182,0.0014063763530455127,0.9079825765825482,0.0014063763530455125,0.9079825765825482,0.0014063763530455125,0.9079825765825482,0.0014063763530455125,0.9079825765825482,0.0014063763530455125,OUTSIDE_BELOW,0.012017423417451711
D4_S2_d2_M10,D4,2,0.5,10,42242,C2,T_DL,0.5,0.5,0.5001518310361487,0.5002306331891635,0.0009699243714307435,0.03973930031968703,0.19934718538190357,0.8523447334181955,0.6302021684579329,0.002348820834735811,0.062165617158278494,0.00117480548101538,0.9378343828417215,0.00117480548101538,0.9378343828417215,0.00117480548101538,0.9377870365986459,0.0011752231038944362,0.9377870365986459,0.0011752231038944362,WITHIN,0.017787036598646
D4_S2_d2_M10,D4,2,0.5,10,42242,C3,T3,0.5,0.5,0.5001518310361487,0.5001462895060551,0.001076599540105552,0.04896129003961125,0.22127198204836337,0.9571048360414847,0.5536906396477439,0.002418685229037141,0.04824582169404858,0.0010426055049193744,0.9517541783059514,0.0010426055049193742,0.9517541783059514,0.0010426055049193742,0.9517541783059514,0.0010426055049193742,0.9517541783059514,0.0010426055049193742,WITHIN,0.028245821694048545
D4_S2_d2_M30,D4,2,0.5,30,20000,P1,T2,0.5,0.5,0.5001518310361487,0.5000875982326097,0.0009727346261317696,0.018924253057514273,0.13756545008654708,0.5306920975628238,0.93785,0.0017071522705956847,0.0663,0.0017593224548103738,0.9337,0.0017593224548103743,0.9337,0.0017593224548103743,0.9339,0.0017568550025542809,0.9337,0.0017593224548103743,WITHIN,0.013700000000000045
D4_S2_d2_M30,D4,2,0.5,30,20000,C1,T_DL,0.5,0.5,0.5001518310361487,0.499941920670174,0.0008085372982237842,0.013074651252380332,0.11434444128325755,0.44034880151249156,0.98965,0.0007156422814507249,0.06545,0.0017488038412011794,0.93455,0.0017488038412011794,0.93455,0.0017488038412011794,0.9346,0.0017481824847538087,0.9346,0.0017481824847538087,WITHIN,0.014600000000000057
D4_S2_d2_M30,D4,2,0.5,30,20000,C2,T_DL,0.5,0.5,0.5001518310361487,0.499941920670174,0.0008085372982237842,0.013074651252380332,0.11434444128325755,0.45758235366034944,0.9883,0.0007603653726992058,0.05455,0.0016058377486533315,0.94545,0.0016058377486533313,0.94545,0.0016058377486533313,0.9454,0.0016065310454516585,0.9454,0.0016065310454516585,WITHIN,0.02540000000000009
D4_S2_d2_M30,D4,2,0.5,30,20000,C3,T3,0.5,0.5,0.5001518310361487,0.5000840332170131,0.0009090831576552813,0.01652864375064994,0.12856377308810574,0.5158988081668938,0.95895,0.0014029415080465762,0.05005,0.0015418332837891392,0.94995,0.0015418332837891396,0.94995,0.0015418332837891396,0.95,0.0015411035007422448,0.94995,0.0015418332837891396,WITHIN,0.029950000000000032
clamp5_S1_d1_M5,clamp5,1,0.0,5,20000,P1,T2,0.0,0.0,0.0,0.0006785325632893221,0.0013652641631353303,0.03727892470283228,0.1930775095727938,1.067950713728115,0.04735,0.001501798546743204,0.04735,0.001501798546743204,0.95265,0.001501798546743204,0.95265,0.001501798546743204,0.95265,0.001501798546743204,0.95265,0.001501798546743204,WITHIN,0.027349999999999985
clamp5_S1_d1_M5,clamp5,1,0.0,5,20000,C1,T_DL,0.0,0.0,0.0,-2.087872449385313e-05,0.0014863118494330364,0.04418245827530107,0.21019623753840377,0.8466714713507226,0.0508,0.0015527292101329196,0.0508,0.0015527292101329196,0.9492,0.001552729210132919,0.9492,0.001552729210132919,0.9492,0.001552729210132919,0.9492,0.001552729210132919,WITHIN,0.029200000000000115
clamp5_S1_d1_M5,clamp5,1,0.0,5,20000,C2,T_DL,0.0,0.0,0.0,-2.087872449385313e-05,0.0014863118494330364,0.04418245827530107,0.21019623753840377,1.0468252342167474,0.05325,0.0015876781396114265,0.05325,0.0015876781396114265,0.94675,0.0015876781396114267,0.94675,0.0015876781396114267,0.94675,0.0015876781396114267,0.94675,0.0015876781396114267,WITHIN,0.02675000000000005
clamp5_S1_d1_M5,clamp5,1,0.0,5,20000,C3,T3,0.0,0.0,0.0,0.000710328576097209,0.0016633302368014918,0.05533334953316214,0.23523041795899216,1.1921961804554095,0.04195,0.0014175718235772041,0.04195,0.0014175718235772041,0.95805,0.0014175718235772048,0.95805,0.0014175718235772048,0.95805,0.0014175718235772048,0.95805,0.0014175718235772048,WITHIN,0.021950000000000025
clamp5_S1_d1_M10,clamp5,1,0.0,10,1000000,P1,T2,0.0,0.0,0.0,0.0001750653256047045,0.0001322013538291942,0.017477197954271797,0.13220135382919418,0.5656567652448439,0.060603,0.00023860066301458594,0.060603,0.00023860066301458594,0.939397,0.0002386006630145859,0.939397,0.0002386006630145859,0.939397,0.0002386006630145859,0.939397,0.0002386006630145859,WITHIN,0.01939700000000011
clamp5_S1_d1_M10,clamp5,1,0.0,10,1000000,C1,T_DL,0.0,0.0,0.0,0.00016075184431046987,0.00014454294949647846,0.020892664249141518,0.14454294949647845,0.5753476144972731,0.051109,0.00022022004931204607,0.051109,0.00022022004931204607,0.948891,0.00022022004931204599,0.948891,0.00022022004931204599,0.948891,0.00022022004931204599,0.948891,0.00022022004931204599,WITHIN,0.02889100000000011
clamp5_S1_d1_M10,clamp5,1,0.0,10,1000000,C2,T_DL,0.0,0.0,0.0,0.00016075184431046987,0.00014454294949647846,0.020892664249141518,0.14454294949647845,0.616604753993868,0.055251,0.00022846953188335637,0.055251,0.00022846953188335637,0.944749,0.0002284695318833565,0.944749,0.0002284695318833565,0.944749,0.0002284695318833565,0.944749,0.0002284695318833565,WITHIN,0.02474900000000002
clamp5_S1_d1_M10,clamp5,1,0.0,10,1000000,C3,T3,0.0,0.0,0.0,0.00016178758677590736,0.0001658098168583792,0.02749289536660925,0.1658098168583792,0.7188385579634257,0.045906,0.00020928124417634753,0.045906,0.00020928124417634753,0.954094,0.00020928124417634753,0.954094,0.00020928124417634753,0.954094,0.00020928124417634753,0.954094,0.00020928124417634753,WITHIN,0.025905999999999985
clamp5_S1_d1_M30,clamp5,1,0.0,30,20000,P1,T2,0.0,0.0,0.0,0.0002001199403029647,0.0005313209123150947,0.005646038237266893,0.0751401240168453,0.2972797584808924,0.0592,0.0016687624156841501,0.0592,0.0016687624156841501,0.9408,0.0016687624156841504,0.9408,0.0016687624156841504,0.9408,0.0016687624156841504,0.9408,0.0016687624156841504,WITHIN,0.02080000000000004
clamp5_S1_d1_M30,clamp5,1,0.0,30,20000,C1,T_DL,0.0,0.0,0.0,-7.206056496689203e-05,0.0005855587280189834,0.006857580479184197,0.08281050947303849,0.32133096710949066,0.05595,0.0016251091886393357,0.05595,0.0016251091886393357,0.94405,0.0016251091886393366,0.94405,0.0016251091886393366,0.94405,0.0016251091886393366,0.94405,0.0016251091886393366,WITHIN,0.024050000000000016
clamp5_S1_d1_M30,clamp5,1,0.0,30,20000,C2,T_DL,0.0,0.0,0.0,-7.206056496689203e-05,0.0005855587280189834,0.006857580479184197,0.08281050947303849,0.3256075617035342,0.05745,0.0016454406324750827,0.05745,0.0016454406324750827,0.94255,0.0016454406324750827,0.94255,0.0016454406324750827,0.94255,0.0016454406324750827,0.94255,0.0016454406324750827,WITHIN,0.02255000000000007
clamp5_S1_d1_M30,clamp5,1,0.0,30,20000,C3,T3,0.0,0.0,0.0,0.0007691356585231503,0.000681788368685952,0.009296707593509033,0.09641943576639013,0.3857010928265929,0.04995,0.001540373290796747,0.04995,0.001540373290796747,0.95005,0.0015403732907967478,0.95005,0.0015403732907967478,0.95005,0.0015403732907967478,0.95005,0.0015403732907967478,WITHIN,0.029950000000000032
clamp5_S1_d2_M5,clamp5,1,0.5,5,20000,P1,T2,0.5,0.5,0.5,0.5006283467752284,0.0013515026563040648,0.03653118859993887,0.19113133861284723,1.0726582752016656,0.48985,0.0035348053517838857,0.04475,0.0014619753332392445,0.95525,0.0014619753332392436,0.95525,0.0014619753332392436,0.95525,0.0014619753332392436,0.95525,0.0014619753332392436,WITHIN,0.02474999999999994
clamp5_S1_d2_M5,clamp5,1,0.5,5,20000,C1,T_DL,0.5,0.5,0.5,0.501070335994739,0.001475520479890224,0.043543213731509545,0.20867010742200126,0.849040285651632,0.66005,0.0033495074078138715,0.0483,0.0015160328162675109,0.9517,0.0015160328162675109,0.9517,0.0015160328162675109,0.9517,0.0015160328162675109,0.9517,0.0015160328162675109,WITHIN,0.028299999999999992
clamp5_S1_d2_M5,clamp5,1,0.5,5,20000,C2,T_DL,0.5,0.5,0.5,0.501070335994739,0.001475520479890224,0.043543213731509545,0.20867010742200126,1.0504463583241903,0.51305,0.00353432948025506,0.05175,0.0015663961424237486,0.94825,0.0015663961424237478,0.94825,0.0015663961424237478,0.94825,0.0015663961424237478,0.94825,0.0015663961424237478,WITHIN,0.02825000000000011
clamp5_S1_d2_M5,clamp5,1,0.5,5,20000,C3,T3,0.5,0.5,0.5,0.5011007997921116,0.0016536812535475854,0.05469323376669427,0.23386584566091362,1.1940620361349672,0.4264,0.003497020446036883,0.03975,0.0013814835775353973,0.96025,0.0013814835775353966,0.96025,0.0013814835775353966,0.96025,0.0013814835775353966,0.96025,0.0013814835775353966,WITHIN,0.019749999999999934
clamp5_S1_d2_M10,clamp5,1,0.5,10,20000,P1,T2,0.5,0.5,0.5,0.4990164660344758,0.0009386901675325803,0.017622784612446873,0.1327508365790848,0.5665900583925548,0.91075,0.002015991536440568,0.06065,0.0016877733482313318,0.93935,0.0016877733482313314,0.93935,0.0016877733482313314,0.93935,0.0016877733482313314,0.93935,0.0016877733482313314,WITHIN,0.01935000000000009
clamp5_S1_d2_M10,clamp5,1,0.5,10,20000,C1,T_DL,0.5,0.5,0.5,0.49930270353594786,0.00103039026490374,0.02123408196016799,0.14571918871640752,0.5757313848402029,0.9043,0.0020801623734699173,0.05325,0.0015876781396114265,0.94675,0.0015876781396114267,0.94675,0.0015876781396114267,0.94675,0.0015876781396114267,0.94675,0.0015876781396114267,WITHIN,0.02675000000000005
clamp5_S1_d2_M10,clamp5,1,0.5,10,20000,C2,T_DL,0.5,0.5,0.5,0.49930270353594786,0.00103039026490374,0.02123408196016799,0.14571918871640752,0.6173995118964063,0.86485,0.002417482962711423,0.0566,0.0016339589958135425,0.9434,0.0016339589958135421,0.9434,0.0016339589958135421,0.9434,0.0016339589958135421,0.9434,0.0016339589958135421,WITHIN,0.023400000000000087
clamp5_S1_d2_M10,clamp5,1,0.5,10,20000,C3,T3,0.5,0.5,0.5,0.49937449824662833,0.0011864462646136939,0.02815309477631575,0.16778883984435838,0.7210658359473423,0.773,0.0029620178932612813,0.04725,0.0015002905968511566,0.95275,0.001500290596851157,0.95275,0.001500290596851157,0.95275,0.001500290596851157,0.95275,0.001500290596851157,WITHIN,0.027249999999999996
clamp5_S1_d2_M30,clamp5,1,0.5,30,20000,P1,T2,0.5,0.5,0.5,0.5006063290716591,0.0005218512558587035,0.00544657466482612,0.07380091235768106,0.29659474244019185,1.0,7.071067811865475e-153,0.0539,0.0015967903744699865,0.9461,0.001596790374469986,0.9461,0.001596790374469986,0.9461,0.001596790374469986,0.9461,0.001596790374469986,WITHIN,0.026100000000000123
clamp5_S1_d2_M30,clamp5,1,0.5,30,20000,C1,T_DL,0.5,0.5,0.5,0.5011319994287936,0.0005757633812593974,0.0066300694239850855,0.0814252382494831,0.3206830652478754,0.99925,0.00019357653525156767,0.0494,0.0015323126312864485,0.9506,0.0015323126312864485,0.9506,0.0015323126312864485,0.9506,0.0015323126312864485,0.9506,0.0015323126312864485,WITHIN,0.02939999999999998
clamp5_S1_d2_M30,clamp5,1,0.5,30,20000,C2,T_DL,0.5,0.5,0.5,0.5011319994287936,0.0005757633812593974,0.0066300694239850855,0.0814252382494831,0.32491469162482334,0.99955,0.0001499662462022622,0.0508,0.0015527292101329196,0.9492,0.001552729210132919,0.9492,0.001552729210132919,0.9492,0.001552729210132919,0.9492,0.001552729210132919,WITHIN,0.029200000000000115
clamp5_S1_d2_M30,clamp5,1,0.5,30,20000,C3,T3,0.5,0.5,0.5,0.5015963599128574,0.0006702903728551655,0.008985783678846337,0.09479337360198938,0.38512694785498547,0.9985,0.0002736558057122072,0.04595,0.0014805167594458362,0.95405,0.0014805167594458368,0.95405,0.0014805167594458368,0.95405,0.0014805167594458368,0.95405,0.0014805167594458368,WITHIN,0.02595000000000003
clamp5_S3_d1_M5,clamp5,3,0.0,5,20000,P1,T2,0.08665149476760768,0.0,0.019444654709078243,0.05372033623183811,0.0024412629062181466,0.11919529154553342,0.345246711129206,1.7219479665592836,0.0673,0.0017715912338911591,0.0673,0.0017715912338911591,0.934,0.0017556195487633411,0.9327,0.0017715912338911596,0.93375,0.0017587060229043402,0.934,0.0017556195487633411,WITHIN,0.014000000000000123
clamp5_S3_d1_M5,clamp5,3,0.0,5,20000,C1,T_DL,0.08665149476760768,0.0,0.019444654709078243,0.017545695798098677,0.0022991048490559,0.10571766213904708,0.32514252588526016,1.1779841103897095,0.1174,0.002276150697998707,0.1174,0.002276150697998707,0.8785,0.0023101704482570116,0.8826,0.0022761506979987064,0.88295,0.0022732058584738865,0.88295,0.0022732058584738865,OUTSIDE_BELOW,0.037049999999999916
clamp5_S3_d1_M5,clamp5,3,0.0,5,20000,C2,T_DL,0.08665149476760768,0.0,0.019444654709078243,0.017545695798098677,0.0022991048490559,0.10571766213904708,0.32514252588526016,1.6031220293729982,0.0682,0.0017825369561386378,0.0682,0.0017825369561386378,0.9293,0.0018124777240010425,0.9318,0.0017825369561386382,0.93325,0.0017648574659161569,0.93325,0.0017648574659161569,WITHIN,0.013250000000000095
clamp5_S3_d1_M5,clamp5,3,0.0,5,20000,C3,T3,0.08665149476760768,0.0,0.019444654709078243,0.0013079323312468211,0.0023359504922143056,0.10913329404152514,0.3303532867121578,1.6965803363731506,0.04935,0.0015315772507451266,0.04935,0.0015315772507451266,0.94845,0.0015635312197074926,0.95065,0.0015315772507451266,0.9504,0.0015352498168050694,0.95065,0.0015315772507451266,WITHIN,0.029349999999999987
clamp5_S3_d1_M10,clamp5,3,0.0,10,220605,P1,T2,0.08665149476760768,0.0,0.019444654709078243,0.06698567952381339,0.0005389950734476278,0.06408921361614549,0.2531584752998514,0.9871864504354122,0.08457197253008772,0.0005924035560121557,0.08457197253008772,0.0005924035560121557,0.9184469980281499,0.0005826923948086082,0.9154280274699123,0.0005924035560121558,0.9191360123297296,0.0005804432865216328,0.9184469980281499,0.0005826923948086082,BOUNDARY_BELOW,0.0015530019718500432
clamp5_S3_d1_M10,clamp5,3,0.0,10,220605,C1,T_DL,0.08665149476760768,0.0,0.019444654709078243,0.01839335526598336,0.0004835716561020854,0.05158661438445309,0.2271268684776266,0.8527638169278086,0.08962625507128125,0.0006081627436568934,0.08962625507128125,0.0006081627436568934,0.901489086829401,0.0006344753201129515,0.9103737449287187,0.0006081627436568935,0.9117971034201401,0.0006037857405059021,0.9117971034201401,0.0006037857405059021,OUTSIDE_BELOW,0.008202896579859842
clamp5_S3_d1_M10,clamp5,3,0.0,10,220605,C2,T_DL,0.08665149476760768,0.0,0.019444654709078243,0.01839335526598336,0.0004835716561020854,0.05158661438445309,0.2271268684776266,0.96395607155213,0.06278189524262823,0.0005164518886666674,0.06278189524262823,0.0005164518886666674,0.9305591441717096,0.0005412175203167762,0.9372181047573718,0.0005164518886666674,0.9382742911538723,0.000512377765794695,0.9382742911538723,0.000512377765794695,WITHIN,0.018274291153872357
clamp5_S3_d1_M10,clamp5,3,0.0,10,220605,C3,T3,0.08665149476760768,0.0,0.019444654709078243,-0.00018249758491132432,0.0004922282548592623,0.053450088710198365,0.2311927522873465,1.0145775868376603,0.04877949275855035,0.00045861849680601163,0.04877949275855035,0.00045861849680601163,0.9398835021871671,0.0005060881559233851,0.9512205072414497,0.00045861849680601147,0.9509439949230525,0.0004598496745494522,0.9512205072414497,0.00045861849680601147,WITHIN,0.028779492758550296
clamp5_S3_d1_M30,clamp5,3,0.0,30,20000,P1,T2,0.08665149476760768,0.0,0.019444654709078243,0.07949180984028187,0.0010942565091717185,0.023947946157293506,0.15475123959856835,0.5702244461532489,0.09625,0.0020854967933324666,0.09625,0.0020854967933324666,0.9285,0.0018219186315530122,0.90375,0.0020854967933324657,0.9167,0.0019539845188741903,0.9285,0.0018219186315530122,WITHIN,0.008500000000000063
clamp5_S3_d1_M30,clamp5,3,0.0,30,20000,C1,T_DL,0.08665149476760768,0.0,0.019444654709078243,0.01964319655061399,0.0009248335389030619,0.017106341493599228,0.13079121336542157,0.5056052628854825,0.06725,0.0017709804840821933,0.06725,0.0017709804840821933,0.90575,0.0020659977916251504,0.93275,0.0017709804840821937,0.93565,0.001735065956959562,0.93565,0.001735065956959562,WITHIN,0.015650000000000053
clamp5_S3_d1_M30,clamp5,3,0.0,30,20000,C2,T_DL,0.08665149476760768,0.0,0.019444654709078243,0.01964319655061399,0.0009248335389030619,0.017106341493599228,0.13079121336542157,0.5171228450309412,0.0611,0.0016936172826232023,0.0611,0.0016936172826232023,0.91515,0.0019704121079104236,0.9389,0.001693617282623203,0.9422,0.0016501387820422857,0.9422,0.0016501387820422857,WITHIN,0.02220000000000011
clamp5_S3_d1_M30,clamp5,3,0.0,30,20000,C3,T3,0.08665149476760768,0.0,0.019444654709078243,0.0003530590943741453,0.0009495897137249053,0.01803441248824295,0.13429226518397458,0.540723086458994,0.05035,0.0015462030510253173,0.05035,0.0015462030510253173,0.905,0.0020733427116615332,0.94965,0.0015462030510253173,0.9471,0.0015827442939401165,0.94965,0.0015462030510253173,WITHIN,0.029650000000000065
clamp5_S3_d2_M5,clamp5,3,0.5,5,20000,P1,T2,0.5866514947676077,0.5,0.5194446547090782,0.5551214048057989,0.0024050550585067946,0.11568579668898243,0.34012614819943265,1.7207645359052581,0.28215,0.0031823055910770105,0.0664,0.0017605544581182373,0.9347,0.001746938894180332,0.9336,0.0017605544581182375,0.93475,0.0017463166594292117,0.9347,0.001746938894180332,WITHIN,0.014700000000000046
clamp5_S3_d2_M5,clamp5,3,0.5,5,20000,C1,T_DL,0.5866514947676077,0.5,0.5194446547090782,0.5177724498015003,0.002278595013676262,0.1038399047270065,0.3222419971496678,1.1789556928630396,0.4428,0.0035123223086727107,0.11765,0.0022782501783166834,0.8788,0.002307710553774021,0.88235,0.002278250178316684,0.88425,0.002262210616852463,0.88425,0.002262210616852463,OUTSIDE_BELOW,0.03574999999999995
clamp5_S3_d2_M5,clamp5,3,0.5,5,20000,C2,T_DL,0.5866514947676077,0.5,0.5194446547090782,0.5177724498015003,0.002278595013676262,0.1038399047270065,0.3222419971496678,1.602612660643861,0.28415,0.00318911255288991,0.06815,0.0017819312206143086,0.93165,0.0017843525086148199,0.93185,0.0017819312206143092,0.93225,0.001777075371220928,0.93225,0.001777075371220928,WITHIN,0.012250000000000094
clamp5_S3_d2_M5,clamp5,3,0.5,5,20000,C3,T3,0.5866514947676077,0.5,0.5194446547090782,0.5010627582500464,0.0023051905707020047,0.10627807134506867,0.326003176894135,1.6940394695223011,0.23775,0.0030101905047687596,0.05005,0.0015418332837891392,0.94855,0.0015620963078504474,0.94995,0.0015418332837891396,0.9502,0.0015381800934871047,0.94995,0.0015418332837891396,WITHIN,0.029950000000000032
clamp5_S3_d2_M10,clamp5,3,0.5,10,299432,P1,T2,0.5866514947676077,0.5,0.5194446547090782,0.5661284238831416,0.0004613462143544312,0.06373120554259393,0.2524504021438546,0.9864321761915305,0.6122124555825696,0.0008904281940684563,0.08548518528413797,0.0005109656386461382,0.9175238451468113,0.0005027172376813323,0.914514814715862,0.0005109656386461381,0.9178444521627614,0.0005018268404466091,0.9175238451468113,0.0005027172376813323,OUTSIDE_BELOW,0.002476154853188639
clamp5_S3_d2_M10,clamp5,3,0.5,10,299432,C1,T_DL,0.5866514947676077,0.5,0.5194446547090782,0.5182189346363939,0.00041551149306696256,0.05169687517432636,0.22736946843040814,0.8515730811939443,0.6464005183146758,0.0008736903769759098,0.09100563734003046,0.0005256124420961384,0.9011595287076866,0.0005454050286455048,0.9089943626599696,0.0005256124420961382,0.9108211547196025,0.0005208328535852065,0.9108211547196025,0.0005208328535852065,OUTSIDE_BELOW,0.009178845280397474
clamp5_S3_d2_M10,clamp5,3,0.5,10,299432,C2,T_DL,0.5866514947676077,0.5,0.5194446547090782,0.5182189346363939,0.00041551149306696256,0.05169687517432636,0.22736946843040814,0.9630562924086199,0.5611758262309974,0.0009068712703383043,0.06381749445617035,0.00044668465123399645,0.9305852413903658,0.00046446702185686407,0.9361825055438296,0.00044668465123399645,0.9376486147105186,0.00044186948023180734,0.9376486147105186,0.00044186948023180734,WITHIN,0.017648614710518706
clamp5_S3_d2_M10,clamp5,3,0.5,10,299432,C3,T3,0.5866514947676077,0.5,0.5194446547090782,0.4998305203683957,0.00042346997244469155,0.05369618763631695,0.23172437859732617,1.0140567315079025,0.49968941195329825,0.0009137361664491772,0.049223195917604,0.00039534394098325305,0.9395689171498036,0.00043545712719860195,0.950776804082396,0.0003953439409832532,0.9507500868310668,0.00039544566214215986,0.950776804082396,0.0003953439409832532,WITHIN,0.029223195917604028
clamp5_S3_d2_M30,clamp5,3,0.5,30,20000,P1,T2,0.5866514947676077,0.5,0.5194446547090782,0.5787851841609496,0.001093655710588438,0.023921656266054026,0.15466627384809536,0.5701020941685895,0.97575,0.0010877025673409067,0.09595,0.0020825897039503482,0.9269,0.0018406030261846258,0.90405,0.0020825897039503482,0.91745,0.0019459637393846785,0.9269,0.0018406030261846258,WITHIN,0.006900000000000017
clamp5_S3_d2_M30,clamp5,3,0.5,30,20000,C1,T_DL,0.5866514947676077,0.5,0.5194446547090782,0.5194225159781395,0.0009283005447573243,0.017234838027934907,0.13128152203541404,0.5059500545987098,0.9701,0.00120428381206425,0.06695,0.0017673100675885938,0.9062,0.0020615717305007843,0.93305,0.0017673100675885934,0.9365,0.0017243513273112298,0.9365,0.0017243513273112298,WITHIN,0.01650000000000007
clamp5_S3_d2_M30,clamp5,3,0.5,30,20000,C2,T_DL,0.5866514947676077,0.5,0.5194446547090782,0.5194225159781395,0.0009283005447573243,0.017234838027934907,0.13128152203541404,0.517404576774058,0.96955,0.0012149649686307828,0.0609,0.001691023210958383,0.91415,0.001980906074249862,0.9391,0.0016910232109583825,0.94235,0.0016481273843365382,0.94235,0.0016481273843365382,WITHIN,0.022350000000000092
clamp5_S3_d2_M30,clamp5,3,0.5,30,20000,C3,T3,0.5866514947676077,0.5,0.5194446547090782,0.49972966673312674,0.0009469056671428031,0.01793260684934314,0.13391268367612957,0.5404412052324519,0.94635,0.0015932934051831127,0.0507,0.0015512818892773807,0.9048,0.0020752946778710723,0.9493,0.0015512818892773803,0.9463,0.0015939935696231648,0.9493,0.0015512818892773803,WITHIN,0.029300000000000104
